,,slope,intercept
1,0,0.5535771398015418,-0.013620476681433402
1,1,0.5348678749330701,0.01429449514703196
1,2,0.5787103978746598,-0.017392275222641085
1,3,0.5894576328734783,-0.027511025462342853
1,4,0.5126467703175999,0.04314363781940511
1,5,0.5911869189518167,-0.033869081544909196
1,6,0.514775764585879,0.04471037167376868
1,7,0.5122455679692155,0.02606237619419971
1,8,0.5111569106938646,0.028232937102236677
1,9,0.49340217289238614,0.030311062804275146
1,10,0.5127380170041856,0.028895928310150087
1,11,0.5016448891586831,0.01735411715409979
1,12,0.49598306146654614,0.03798324968207911
1,13,0.4256670772319858,0.10690114089668701
1,14,0.465778786345337,0.05188736283323003
1,15,0.4885681677321494,0.0021299491402875237
1,16,0.4367752513021892,0.0399287252016261
1,17,0.47604187314920166,0.06663779075227261
1,18,0.4507652035464074,0.06258161241088
1,19,0.4990171502426179,0.0021540602885414817
1,20,0.5388192490858249,-0.02018919834605004
1,21,0.638287560132726,-0.1479325939030881
1,22,0.5760915985785527,-0.07421665109642417
1,23,0.5372927977056946,-0.02967485892145083
2,0,0.5492251335762222,-0.014282327656779725
2,1,0.5452207406396341,0.0014163896091621275
2,2,0.5913187998737309,-0.03327684864138947
2,3,0.5891447894305705,-0.03400930149864645
2,4,0.5149477242192194,0.04183947684238776
2,5,0.5877158473046746,-0.03543750705814608
2,6,0.5142885295689974,0.045795565655432746
2,7,0.5197573484588527,0.01744860314194996
2,8,0.5155363363898995,0.022683448169775966
2,9,0.5178732281443763,0.010078601842821056
2,10,0.5131142582549184,0.030404931104824506
2,11,0.5318400888544715,0.01295696932497814
2,12,0.4979871472330169,0.03454532946839928
2,13,0.43059963939961526,0.10286873997237755
2,14,0.4675859445447503,0.050552157873476666
2,15,0.49319764537230987,0.0031538053988515724
2,16,0.43922279933835234,0.04535547902486492
2,17,0.47866858357168235,0.06452192241158305
2,18,0.4554937851575461,0.06238500038729977
2,19,0.4866561206743927,0.023162710088576843
2,20,0.496362817043192,0.03627939524261159
2,21,0.6133932601268303,-0.11671608280671031
2,22,0.5782554436145286,-0.07562871621360556
2,23,0.5362222151244379,-0.027371440203313946
3,0,0.5497582701998751,-0.01838371351892709
3,1,0.5487576164127835,-0.0056687680281271025
3,2,0.5945842281202527,-0.039736520920870766
3,3,0.5845682597165387,-0.035119442453192096
3,4,0.5136579830137251,0.04341529478460737
3,5,0.5856180269712667,-0.03788427034731934
3,6,0.5114779661370819,0.049474579301757804
3,7,0.5169266297171741,0.019468274787710738
3,8,0.5588697989314413,-0.02918833531238596
3,9,0.5016002969393759,0.04515948491274785
3,10,0.5135005098906918,0.030501965480994375
3,11,0.5166600532410882,0.027872455487256864
3,12,0.46983859564897684,0.06040967690128246
3,13,0.4314710619239668,0.10164335246329065
3,14,0.4672626824295094,0.0509612535762034
3,15,0.4862157113284821,0.007592170602682358
3,16,0.44452902401913247,0.03505716584242191
3,17,0.48004246118617194,0.06397789827221134
3,18,0.46266887916956206,0.0449995328838666
3,19,0.47012146124113874,0.0575508743831874
3,20,0.4973933306193078,0.0364618404889584
3,21,0.5880784206466451,-0.08144367483679182
3,22,0.5722694147414972,-0.0671854517436532
3,23,0.5496185458217412,-0.051375046987507
4,0,0.5419852550291342,-0.018372094928186145
4,1,0.5524317269951659,-0.012663373569248515
4,2,0.6005263127572639,-0.04819800135894381
4,3,0.6017967816195281,-0.05005262118476417
4,4,0.511388252975207,0.045646662372067826
4,5,0.5925306578919552,-0.042465717243705514
4,6,0.5087984011429002,0.05222695195182048
4,7,0.5222788998936376,0.0172350441088156
4,8,0.5625017548511758,-0.028763010198532224
4,9,0.5247359865797403,0.004676482758868894
4,10,0.510349862485038,0.034962381538784726
4,11,0.5142345995983973,0.03384029006191158
4,12,0.46100846702816606,0.07128885466788976
4,13,0.4295189874380942,0.10326207554194927
4,14,0.4669122236020102,0.05238595420063952
4,15,0.4800413874695723,0.011691558694123638
4,16,0.43653180491712057,0.043832416345983505
4,17,0.47899280063999194,0.06548854589219644
4,18,0.44624048792795684,0.05918099801731036
4,19,0.4769859446658613,0.025542127107843537
4,20,0.49554056296318405,0.03916837870394718
4,21,0.5897279166880356,-0.08466243754912828
4,22,0.5650793009749645,-0.08371019329202611
4,23,0.548374990931278,-0.058091424493266375
5,0,0.5413287932313031,-0.01950699285344404
5,1,0.5477017945042523,-0.009928694911621516
5,2,0.5806717310708538,-0.030355784466317592
5,3,0.5761497431887423,-0.03000058779800896
5,4,0.5121435584810098,0.045125098983600176
5,5,0.5699315062105398,-0.027709307363976476
5,6,0.5077938255486221,0.052907523334685624
5,7,0.4965472780165656,0.05270702084128909
5,8,0.5444272716475183,-0.013902505467810466
5,9,0.4826087839708358,0.057969525279457146
5,10,0.5109107268219266,0.034060086172710446
5,11,0.5070654251288347,0.03862176059278566
5,12,0.45870496983900344,0.07048203106253864
5,13,0.43097113453980807,0.10179676413846545
5,14,0.4688336917103457,0.051781912700187394
5,15,0.4907377768559788,0.004006080166831849
5,16,0.4484421023516686,0.03436596656550689
5,17,0.48104093386115016,0.0642390011476559
5,18,0.46000897032601223,0.04639923779388466
5,19,0.48135908910866265,0.042883962676928955
5,20,0.49634125921301653,0.03859803196081868
5,21,0.559576255035061,-0.039236118392870334
5,22,0.5649218442176843,-0.08279324674761523
5,23,0.551644603866817,-0.06476894794462595
6,0,0.5490026535891734,-0.02920811561300829
6,1,0.5552126083265136,-0.020234269163448615
6,2,0.5916245178842177,-0.04476167710901524
6,3,0.5940890632105257,-0.047685480376412626
6,4,0.5124115592791848,0.04488437312496496
6,5,0.5906814990758052,-0.04627793120535639
6,6,0.5098338471781345,0.050380628167087216
6,7,0.4984597561273542,0.0501329942597139
6,8,0.5580738354687194,-0.02651281118073756
6,9,0.5207815959496778,0.010087388722247626
6,10,0.5076753173210898,0.03771661403701776
6,11,0.4954610704840908,0.04804315343388166
6,12,0.4537252568995015,0.07088972928508958
6,13,0.43314433882210157,0.09893286677321189
6,14,0.4693995819437934,0.05088950080403948
6,15,0.49497737959515514,0.0023440297636890817
6,16,0.4514280659698127,0.0355108391424952
6,17,0.4810876390832371,0.06445509511898728
6,18,0.4638616911458854,0.04666266686713172
6,19,0.4883344531678577,0.03470558825375081
6,20,0.4978977582044758,0.0364204172197955
6,21,0.5597735552583458,-0.03952792758179524
6,22,0.5683756832430111,-0.08670573751939081
6,23,0.5319743299953579,-0.021136937177691828
7,0,0.5567364328894404,-0.030301083542879748
7,1,0.5622743300091425,-0.02301134230665669
7,2,0.5018867231858191,0.053941792615987194
7,3,0.6000959264021551,-0.04889879263232533
7,4,0.5134957804068664,0.04308241967232607
7,5,0.5796095100690573,-0.030324659043617475
7,6,0.5101765781042289,0.049382634562764705
7,7,0.5032263842651663,0.03605292547757677
7,8,0.5471727808901193,-0.012582442753889977
7,9,0.4817301467803094,0.05814366674165583
7,10,0.5073717382217025,0.03764637038269908
7,11,0.5024270765606824,0.03859489064494942
7,12,0.4471090601589109,0.07751031895770788
7,13,0.43251505854768807,0.09893164705611901
7,14,0.46895369971708534,0.051060153360134974
7,15,0.5023794610202537,-0.004014432643083987
7,16,0.46017927263690456,0.02786697225150192
7,17,0.4804261867254744,0.06426248297510051
7,18,0.4481266269800552,0.08125308336547354
7,19,0.4887690729215215,0.03514620209806485
7,20,0.49784640589051093,0.03660310705871894
7,21,0.5935901606275925,-0.08661202371052101
7,22,0.5678905336010908,-0.085053470251924
7,23,0.533392245192678,-0.022322535057994308
8,0,0.5421326889491161,-0.013306763617649708
8,1,0.5457967303858222,-0.00772114427930648
8,2,0.565606491633212,-0.010723313423248948
8,3,0.600631238692375,-0.04978799200222517
8,4,0.5100231664430812,0.04782588301577506
8,5,0.5705657886144765,-0.026990258842479853
8,6,0.5086308089504697,0.05174934378384877
8,7,0.5016205865772481,0.03704348072791758
8,8,0.5268497221726637,0.004491180893861246
8,9,0.4834563639426561,0.05538817888416697
8,10,0.5044939057907516,0.04036187626366794
8,11,0.5048997083860466,0.03386910953451905
8,12,0.4510012851394723,0.0709014521143681
8,13,0.4342242927195632,0.09710237416915046
8,14,0.46732459380578384,0.05383452517149445
8,15,0.5058262112636888,-0.014030679966986648
8,16,0.46398502938875447,0.019889301828470984
8,17,0.4761447912784126,0.069885194085064
8,18,0.4508278088801256,0.07569440564503283
8,19,0.49855977739663093,0.01921213057625537
8,20,0.495268037696266,0.03971253421157417
8,21,0.5948847962756395,-0.0917638883191969
8,22,0.5648817598978267,-0.07989813647084665
8,23,0.5343380497894226,-0.023111709415843396
9,0,0.5427221097015362,-0.01602915528819504
9,1,0.543817703114436,-0.007622212286367169
9,2,0.4997250392915209,0.05733317432899021
9,3,0.5307238696284591,0.026773659922361026
9,4,0.510345932871281,0.048140079422207105
9,5,0.5079786923125312,0.0483727516861594
9,6,0.5065841210555352,0.05387715809464655
9,7,0.4931078436284356,0.05615511950572266
9,8,0.5225753181870705,0.011985545141900089
9,9,0.4893787012043916,0.057935663413021754
9,10,0.5026149139625798,0.04254876462688617
9,11,0.48759060428173717,0.055282669681121166
9,12,0.45403038150901714,0.062135459432151485
9,13,0.43382541071526987,0.09602224425074657
9,14,0.4666794888865515,0.054134500438585476
9,15,0.5015781505278825,-0.011159372914146093
9,16,0.4632165708966914,0.020418248598082556
9,17,0.4762881708673721,0.07036425870646112
9,18,0.45755039795981,0.07855207947908105
9,19,0.4785770184194208,0.036049622737111764
9,20,0.49486419439281576,0.04053857152459839
9,21,0.5603376265317289,-0.03990018851331045
9,22,0.562996360383904,-0.07702765760625474
9,23,0.5319234399687984,-0.020148361913872037
10,0,0.5479056554646752,-0.017358665022286557
10,1,0.5543389356331121,-0.014501523883781342
10,2,0.4962980703611921,0.060856549889209854
10,3,0.527492577520202,0.029942168933541513
10,4,0.5051921397549589,0.05353359450521311
10,5,0.5007184594405222,0.05592422760750526
10,6,0.4967092187694032,0.06418734479413007
10,7,0.5091286464890338,0.03255349389266221
10,8,0.520832217141499,0.01101331534339356
10,9,0.49623933378419244,0.039631231003934175
10,10,0.4963486939944483,0.04905327454637515
10,11,0.5105088630929222,0.020142373710183847
10,12,0.4922648681869235,0.03613899792544223
10,13,0.4272524400619222,0.10121964012525586
10,14,0.46142478720800506,0.05819280068164939
10,15,0.5030946380097158,-0.009207677969746475
10,16,0.4625883495367263,0.025735339603333907
10,17,0.4682645408039894,0.06329300219861311
10,18,0.4590690335199043,0.07665512681075726
10,19,0.47739595178261823,0.03933307805265884
10,20,0.49629325381952427,0.039507455889556176
10,21,0.5607229977090952,-0.039574256510234496
10,22,0.5635836102442602,-0.07671479461524511
10,23,0.5318102288486146,-0.018829137565183784
11,0,0.5447437928770668,-0.014931309637728818
11,1,0.5495773977942668,-0.013522337610693325
11,2,0.5674598545648001,-0.01667912124442328
11,3,0.526082873124428,0.03357911662633517
11,4,0.5041786401047874,0.05672398293635783
11,5,0.5469527307469786,-0.0004692844503675353
11,6,0.495344089866106,0.06757889832292552
11,7,0.5130545102911535,0.02993813533993439
11,8,0.5096930183890406,0.021890620728370558
11,9,0.4878445165117008,0.047225695303079795
11,10,0.49172065444293667,0.05516562675998077
11,11,0.5113848477832632,0.014443795369350476
11,12,0.49348537261094827,0.03862628392158424
11,13,0.4234690665008533,0.10550961969109551
11,14,0.4579531290556652,0.06217686670986955
11,15,0.49895423540843964,-0.0038125937248568165
11,16,0.45836945742148605,0.03200865814412668
11,17,0.4707127243756919,0.0759977842708196
11,18,0.4677569241219935,0.08201122980520281
11,19,0.4782912685518555,0.04037112014723698
11,20,0.49545023978901004,0.04071449709691621
11,21,0.56061020800809,-0.038466445521935344
11,22,0.5705348541426732,-0.08224357625119882
11,23,0.5308726121375794,-0.017090369127696348
12,0,0.527937914125604,0.0017492177638642747
12,1,0.5297832967497952,0.006507305698701615
12,2,0.557006993969457,-0.007267650701206385
12,3,0.523213958640488,0.037811507989184645
12,4,0.5014039949957273,0.06086055751553465
12,5,0.5480315600339928,-0.0008600947314740814
12,6,0.49077227772478516,0.0740457289953762
12,7,0.5185265247606359,0.025590408722087954
12,8,0.5105830321201326,0.020763955358168107
12,9,0.4889877208333279,0.045279297206644864
12,10,0.5096398896619527,0.0288149224685183
12,11,0.5147866017044297,0.010660593502326121
12,12,0.49513389949448516,0.03522845934066948
12,13,0.42440129867692034,0.10460641757682193
12,14,0.4590930661854718,0.06148067651927386
12,15,0.49525356630581613,-0.0039716943120600146
12,16,0.45558635084529475,0.036758125870309466
12,17,0.4707694636391959,0.07617426353397794
12,18,0.4685782680665471,0.0809051061651771
12,19,0.478144997429013,0.0394471690747773
12,20,0.49737176193007493,0.0391751417590982
12,21,0.5624778238232214,-0.03996144477864949
12,22,0.5689277642786631,-0.0785915575018381
12,23,0.5309120498043981,-0.01620616378420381
13,0,0.5287710379925802,8.518796412992913e-05
13,1,0.5308491900188667,0.005556610553808183
13,2,0.5585792037955855,-0.009354381300739623
13,3,0.5776494241811022,-0.03222105003790021
13,4,0.49613788380116364,0.06722380327004868
13,5,0.5488208018679879,-0.0042169463761662085
13,6,0.48701849895282173,0.07892671604210805
13,7,0.5170553522245785,0.025383921430251588
13,8,0.5097961364466244,0.02500051000001552
13,9,0.4892317703260868,0.048129382477014926
13,10,0.5111203099805411,0.02615809511679623
13,11,0.5291307457030032,0.011836706076057135
13,12,0.4932613977341858,0.03986496289450775
13,13,0.4216049521969607,0.10761721199010565
13,14,0.4599043697658735,0.061366475265648535
13,15,0.49401422616769997,-0.0028627939616707176
13,16,0.45702601101473644,0.03806177213073886
13,17,0.43005712555709885,0.08433157281449566
13,18,0.46882916343805364,0.0819952830866344
13,19,0.47759366466459163,0.0407662700275051
13,20,0.49688046207329073,0.040398372187554266
13,21,0.5604825960806189,-0.036992928417156734
13,22,0.572187168532563,-0.08232082724232603
13,23,0.5280082144684064,-0.01148718778635427
14,0,0.5312553694349361,-0.001318048479144407
14,1,0.5313634790561238,0.005166444594851494
14,2,0.55791546105883,-0.010503209439190253
14,3,0.5780413626463873,-0.0322324203964246
14,4,0.496561261525686,0.06874976347495543
14,5,0.549154566650976,-0.002471447642980351
14,6,0.48844281633042086,0.0783658297809246
14,7,0.5185250882745072,0.02299550652288984
14,8,0.505907813242955,0.029729257397317355
14,9,0.4885977822522527,0.048639137818695055
14,10,0.5280115757856979,0.004933076466376196
14,11,0.5328434507679238,0.00806621918542949
14,12,0.4956175280651221,0.03458609584112993
14,13,0.4214519069110683,0.10783382069630015
14,14,0.459182631496617,0.06346938756780085
14,15,0.4960489809756312,-0.005162228431448812
14,16,0.45335296160792155,0.04106385384537836
14,17,0.4662247519539329,0.08377184905584367
14,18,0.46152942797118446,0.09258451017245428
14,19,0.4802877529195122,0.03825954102420115
14,20,0.5154310558340381,0.004950224210568788
14,21,0.5600774358249275,-0.03570837978913022
14,22,0.5748850195827907,-0.08251850101176794
14,23,0.5277445895512031,-0.010733171003633024
15,0,0.543584909752895,-0.014292326925256837
15,1,0.5487657033561358,-0.011285124151076298
15,2,0.5748011690862125,-0.02596480781593491
15,3,0.5918710151259572,-0.044889057464145954
15,4,0.4941908327535117,0.07209948871508665
15,5,0.48636690556013695,0.07750621829595722
15,6,0.4842292631122311,0.0834670413930041
15,7,0.5167155687208362,0.01691168242975516
15,8,0.5161026802958414,0.01897780441920105
15,9,0.497276307934802,0.04074608677510183
15,10,0.5381110246296975,-0.004561456124132057
15,11,0.5395635580428749,0.0002664117654205267
15,12,0.504675555226458,0.024159949272449577
15,13,0.4215005493072821,0.1074723802698343
15,14,0.4590681971523028,0.0639505754190598
15,15,0.49854933997769263,-0.004634297850278524
15,16,0.45161490853286856,0.04763905928565493
15,17,0.47116074031136834,0.06417250360867499
15,18,0.43844360107721414,0.08991819733783979
15,19,0.4830637829822691,0.039470412209019035
15,20,0.5131978514988278,0.010895893703747328
15,21,0.5599410925156886,-0.035818119595961595
15,22,0.5739407864142557,-0.0812759892486854
15,23,0.5275404306262931,-0.010859977128888532
16,0,0.5368519562539312,-0.006358898774018518
16,1,0.5484397694319817,-0.009995534319518606
16,2,0.5750980598051975,-0.024423830152408343
16,3,0.5945113135918992,-0.0431057916852674
16,4,0.515946885952852,0.035750629410361445
16,5,0.5622811361713139,-0.009566500060962824
16,6,0.5493104983468702,0.003178415408490509
16,7,0.5122455679692155,0.02606237619419971
16,8,0.5111569106938646,0.028232937102236677
16,9,0.5170526821695376,0.024603223914125283
16,10,0.5231121299839895,0.01487838642624939
16,11,0.511964343011914,0.024926290136930263
16,12,0.49598306146654614,0.03798324968207911
16,13,0.4183282602007134,0.1098036294759574
16,14,0.45279597530457866,0.06994265974215191
16,15,0.4972015536792467,0.004145551284449378
16,16,0.44916909192129706,0.056822302956488546
16,17,0.46981209134980445,0.06546888197532541
16,18,0.4346051818388258,0.09941123270545033
16,19,0.469760561044964,0.06029929118779931
16,20,0.49809629938940764,0.040591352997905394
16,21,0.5587503260760528,-0.033828247950388524
16,22,0.5583717991590106,-0.04418601936169764
16,23,0.5283927397147417,-0.011318468488254574
17,0,0.5246463803155749,0.013756394211222878
17,1,0.5379577238850297,0.009074706420237666
17,2,0.48678999199578243,0.0768235699853323
17,3,0.5149791619164369,0.04940809196632334
17,4,0.5150654444619693,0.03781581855667948
17,5,0.48272447180909145,0.08033785461979714
17,6,0.5290491390574157,0.026859213595670672
17,7,0.5167251031482909,0.02403294681107715
17,8,0.5116324324296031,0.028531786225148847
17,9,0.517752692159073,0.02461795214596285
17,10,0.5220856022178824,0.017719772122607225
17,11,0.5106739992488675,0.02716330180805815
17,12,0.494972891934466,0.039309482872946055
17,13,0.41702705907253124,0.11011022923690145
17,14,0.45208501323723804,0.07057010237543176
17,15,0.4805552782147166,0.03963851038051447
17,16,0.4537255827556422,0.05228006567324428
17,17,0.47387561564310865,0.06228266423482043
17,18,0.4511114915603282,0.07928416555392448
17,19,0.4742036554483231,0.05282057110080329
17,20,0.4985379764443659,0.04067844897573192
17,21,0.5587208590214753,-0.03312925267497069
17,22,0.5574435143700704,-0.04217060196622835
17,23,0.5261900200915883,-0.007577750888544621
18,0,0.5238650296762805,0.011793316757062189
18,1,0.5343582576517009,0.013015147307085972
18,2,0.4877203208411095,0.0768858494200968
18,3,0.515453168687843,0.04999508309818679
18,4,0.5168414179822591,0.03671116415005282
18,5,0.5338510459132038,0.0039031520785876017
18,6,0.528515622104702,0.027479595520855993
18,7,0.5183508355556494,0.020730058444525024
18,8,0.5083562861623052,0.026909591622440554
18,9,0.5169504276572741,0.025754699346961285
18,10,0.5242001381777615,0.01574947970672136
18,11,0.5114982134098617,0.02694150675265833
18,12,0.47810938998878,0.05252323903140821
18,13,0.41605986636496206,0.11061401183121611
18,14,0.4511864287724915,0.07204972401758036
18,15,0.5106353861796673,-0.009045341134617635
18,16,0.4579330799076445,0.05003607089354528
18,17,0.4763213252060323,0.05987841058133614
18,18,0.4587561760060519,0.07158968539389021
18,19,0.47840845692367595,0.04448197711779933
18,20,0.4963043197292177,0.04388380158358651
18,21,0.5537847046980597,-0.02645644174049744
18,22,0.5637275920039235,-0.08394891596367704
18,23,0.5258611151850803,-0.0065930187491063386
19,0,0.5156477242778702,0.018206070866571444
19,1,0.5282776743069397,0.01775325218536472
19,2,0.4862840939354352,0.07936022984707986
19,3,0.5136470600589741,0.05308544374193602
19,4,0.5164386321969007,0.0375412335522044
19,5,0.5244738404764357,0.027957130603429747
19,6,0.5263911352495722,0.030288170528698366
19,7,0.5363357759889134,0.004177564066691897
19,8,0.5117630592500672,0.02405712226375689
19,9,0.5128476362914055,0.031420375636164066
19,10,0.5188636033529501,0.022020065823371127
19,11,0.5062201551442067,0.033491954012735026
19,12,0.45440918479960724,0.07483966340525028
19,13,0.41689632522129433,0.10984940302919882
19,14,0.4520378999564686,0.07190715371677392
19,15,0.4789401535361283,0.04286007727144436
19,16,0.4592700384096711,0.05296024887546508
19,17,0.474049439266425,0.06348170042582613
19,18,0.4602830556512747,0.07134714888099147
19,19,0.48424268223591493,0.0429331099546183
19,20,0.497429820393697,0.04378531611703196
19,21,0.5524380804371745,-0.02461128395798262
19,22,0.5650793009749645,-0.08371019329202611
19,23,0.523022689389593,-0.003744420667441961
20,0,0.49027841520224325,0.0394904177533032
20,1,0.523719731506972,0.02711264461219398
20,2,0.48227795280332175,0.0844236839392089
20,3,0.6029962141839578,-0.04700085935675036
20,4,0.5165599867254038,0.03920255722386601
20,5,0.5240673998739049,0.029398495915769263
20,6,0.5268781609610642,0.031113170335447027
20,7,0.5198340688691412,0.02661071505623669
20,8,0.5098437688335651,0.026902036131686513
20,9,0.5097776526387265,0.03569736692082959
20,10,0.5139152255736454,0.027646520946740527
20,11,0.5049941760734759,0.03579250552404256
20,12,0.46595363109887683,0.038991182355921916
20,13,0.41950474088270345,0.10772226454560718
20,14,0.4530748919400683,0.07164120552136793
20,15,0.4786592086727883,0.04384850110803029
20,16,0.4584313658524236,0.0565928912411619
20,17,0.4739965239455434,0.06346565345738764
20,18,0.46010388630829013,0.07206966944312221
20,19,0.4853189581394546,0.040589451675424715
20,20,0.49545316094305425,0.04635747052932393
20,21,0.5849130986027826,-0.0782219862281045
20,22,0.5649218442176843,-0.08279324674761523
20,23,0.5227160668875046,-0.0036160132464735373
21,0,0.5031708910878254,0.03174133242155097
21,1,0.5190884505037993,0.028456448540781887
21,2,0.5498024251679179,0.007339812848388805
21,3,0.6021892820746826,-0.050390040917119405
21,4,0.5127528896464998,0.04426087515660526
21,5,0.5205500098159503,0.034158679009729576
21,6,0.5252302504820715,0.03411805812550517
21,7,0.5155617458486789,0.03108042576003578
21,8,0.5074417383171748,0.033951268392160505
21,9,0.4944512481038516,0.05020511293248742
21,10,0.5136574789092148,0.028652439905115068
21,11,0.5038849561624897,0.03762041180946457
21,12,0.4865750793825338,0.04576694070673348
21,13,0.4182388116280435,0.10809161074579754
21,14,0.4528497331046137,0.07209024101150951
21,15,0.4778191513300559,0.04505813788067714
21,16,0.46333749789344236,0.054741064084086744
21,17,0.4780837201390686,0.06066364472503594
21,18,0.4646336786904308,0.06774470546921729
21,19,0.4937047576450201,0.03467125667919779
21,20,0.49707305816864966,0.044358620321552356
21,21,0.5872734665274838,-0.0772451054087192
21,22,0.5683756832430111,-0.08670573751939081
21,23,0.5216641994753722,-0.0019213465928443751
22,0,0.4979990255104121,0.03879555173479665
22,1,0.5097272339995329,0.03874315149615293
22,2,0.5498561883505979,0.010125114780748068
22,3,0.602512686421334,-0.04662505966415609
22,4,0.5261639874031003,0.01943686426077884
22,5,0.5371779633745725,0.006268637694515022
22,6,0.5233914984184829,0.0362979500252304
22,7,0.5143924042765315,0.029145067046085216
22,8,0.4942141509081099,0.05036714075742832
22,9,0.5078413337356932,0.03693585079576267
22,10,0.5154050793088375,0.027045355383094605
22,11,0.521234664055421,0.02303190983400144
22,12,0.4690063590428724,0.06285945245763419
22,13,0.41456648676270325,0.10997455798257205
22,14,0.4481150479640776,0.07526982848810149
22,15,0.4944930505556437,0.012900763818561756
22,16,0.4565174967870346,0.06148086427856425
22,17,0.47633328561235166,0.06356132926374447
22,18,0.4572727665900988,0.07934659104154884
22,19,0.48914583388093047,0.0435121803639712
22,20,0.49609024205626795,0.04543692256001497
22,21,0.5849556729941416,-0.07184108416105284
22,22,0.5678905336010908,-0.085053470251924
22,23,0.5104567767504421,-0.0048554998514505066
23,0,0.4887145207548928,0.04420384596099819
23,1,0.5251043606006306,0.015263934834726545
23,2,0.5598235695774127,-0.005482389851655278
23,3,0.6020865481595675,-0.05182359415231241
23,4,0.5589040387548336,-0.006489689160160239
23,5,0.5307732872495058,0.01438254923788651
23,6,0.5233786739457087,0.03642400613267649
23,7,0.5018188379060413,0.0403155432347051
23,8,0.48271262444798047,0.059371530088010604
23,9,0.5083346359003059,0.035986125233900323
23,10,0.5139333772560825,0.0273158344783353
23,11,0.5047778684726332,0.03414574285340427
23,12,0.4588677434803306,0.06854572048362906
23,13,0.4143900460968734,0.11006714435425907
23,14,0.44823400955162,0.0758622868921669
23,15,0.5060817394814674,-0.013922073668676038
23,16,0.46871925224898325,0.041944069465804756
23,17,0.4751127292189482,0.06444866856395826
23,18,0.47112054078443916,0.059761002730703394
23,19,0.5174051631727884,0.0038879899820208896
23,20,0.4923867997345299,0.05060291031542663
23,21,0.5497164127660898,-0.021631954694524613
23,22,0.5648817598978267,-0.07989813647084665
23,23,0.5173798035418711,0.0036340646381290975
24,0,0.45633876639039683,0.06804930369835677
24,1,0.4891139880202086,0.05733938076018985
24,2,0.5440104171170038,0.0009202706104950442
24,3,0.5344449163958629,0.02296681504751419
24,4,0.5182194809479345,0.0398674752681939
24,5,0.5199385281302812,0.03589426279136576
24,6,0.5223386471793625,0.037570632045073715
24,7,0.5090564662991279,0.03808451018158687
24,8,0.5001704901033163,0.0438875016241424
24,9,0.5063233021746806,0.03864375536647119
24,10,0.5130047873521225,0.028669889570347606
24,11,0.49980313839211726,0.029415467743831525
24,12,0.4626414027228097,0.05678403492751627
24,13,0.4152398394310895,0.10924007884760628
24,14,0.44851276520029926,0.07585489917408739
24,15,0.4947550709764353,0.013344582121076365
24,16,0.4636602768492494,0.04619109308475078
24,17,0.477726019438888,0.060878228937656154
24,18,0.45755039795981,0.07855207947908105
24,19,0.5079723587727912,0.010756403241231283
24,20,0.48883047626794995,0.05581082223898981
24,21,0.5479348249910643,-0.018965763570857108
24,22,0.562996360383904,-0.07702765760625474
24,23,0.51717312632015,0.004247105826298947
25,0,0.46338224477318724,0.08003922397559637
25,1,0.48902142219797595,0.05772437868769531
25,2,0.4666882014692588,0.10118303431732656
25,3,0.5329401243527223,0.02471914444797485
25,4,0.515004222268099,0.0432212359771772
25,5,0.5165072897852371,0.039543152537869
25,6,0.5207260354652614,0.040061771039717864
25,7,0.5066662148713186,0.04106987172822579
25,8,0.4988312914202331,0.04532908936001634
25,9,0.5069263709032198,0.038028512710470974
25,10,0.5144983285053654,0.027090054688367227
25,11,0.5026431362236904,0.0248800889334595
25,12,0.46132198565341803,0.05631149053154294
25,13,0.41521831210493026,0.10930306608660445
25,14,0.4476075703432242,0.0770202191163718
25,15,0.500152322743067,-0.010211541177919115
25,16,0.4721160861753521,0.03667043493169253
25,17,0.4682645408039894,0.06329300219861311
25,18,0.4590690335199043,0.07665512681075726
25,19,0.4869618040378096,0.04194550672391706
25,20,0.48797910881839623,0.05743753578437616
25,21,0.5448955594756838,-0.014907847319218126
25,22,0.5635836102442602,-0.07671479461524511
25,23,0.5162569971302288,0.005236463277382586
26,0,0.487522749852442,0.04642265602431106
26,1,0.4858776560071096,0.0627128513740064
26,2,0.4681843681740558,0.09859263488327036
26,3,0.5292600071585672,0.02876281182364271
26,4,0.5118930577948075,0.046094986714596886
26,5,0.5105889554641989,0.044898705960723984
26,6,0.5184220224345071,0.042042121696995394
26,7,0.5041139405847294,0.043281187604804205
26,8,0.5028835955465323,0.04493369438579303
26,9,0.5054327340269098,0.03844055304150573
26,10,0.513641964893185,0.02737763001347787
26,11,0.5039377708233165,0.016543359829729543
26,12,0.4630948420896257,0.04752027637648276
26,13,0.41552202245258196,0.10738560696433391
26,14,0.4480827156006743,0.07582513947607655
26,15,0.5036794530280032,-0.020018367495213685
26,16,0.4773987455037841,0.02715172137496502
26,17,0.46849373312867604,0.07346309687123653
26,18,0.4453440206173674,0.11760251440257119
26,19,0.48641999027945554,0.02894860251926712
26,20,0.4872427294716406,0.05866012822957822
26,21,0.5456466932192068,-0.015718059750510882
26,22,0.5705348541426732,-0.08224357625119882
26,23,0.5168407739272797,0.004256131581537148
27,0,0.48784048105762323,0.04560383111255184
27,1,0.4870720520737061,0.061527386437197795
27,2,0.5011080271169398,0.057076302879191854
27,3,0.5309718947883311,0.027084791085490778
27,4,0.5147311006220403,0.04301544715778116
27,5,0.5124119903169281,0.04313474651521343
27,6,0.5185314905743842,0.04226007692654821
27,7,0.5185265247606359,0.025590408722087954
27,8,0.5099929355199128,0.036363983236158914
27,9,0.5046059030389519,0.039059529940903004
27,10,0.5137635747176675,0.026931318776878155
27,11,0.5134390424818891,0.005159663037702655
27,12,0.47088777957785827,0.03711473188970399
27,13,0.415914539694578,0.10732484418851823
27,14,0.44810949861503824,0.07649017397866575
27,15,0.4708333413430811,0.053096914057574884
27,16,0.48239868652846485,0.021612691593088096
27,17,0.46957604794519,0.07291342276839052
27,18,0.44411140369706636,0.11954695618032418
27,19,0.48923034393396786,0.026531765654464023
27,20,0.48681566494595135,0.05951562821677159
27,21,0.544401200300208,-0.014066096826896746
27,22,0.5689277642786631,-0.0785915575018381
27,23,0.5166328543704802,0.004259714695031502
28,0,0.4907863343155016,0.04215125628046168
28,1,0.4847112615056609,0.06428581329899635
28,2,0.5009924268562586,0.0574363431233087
28,3,0.5320302780597783,0.026666437642784202
28,4,0.5152435547850753,0.04365585039938824
28,5,0.5126148029569133,0.0435575049413075
28,6,0.5174290741807347,0.04384798122106359
28,7,0.5025522127065515,0.045909256388787234
28,8,0.5011744172094091,0.048036988412429316
28,9,0.5039251800313614,0.04049424546682062
28,10,0.5135019718990478,0.02797147917988635
28,11,0.5038086275552208,0.033713056558132726
28,12,0.46425767324380646,0.043024246853349435
28,13,0.4168547611217534,0.10625911979619274
28,14,0.4486022809962851,0.07636484089121953
28,15,0.4907498148317024,0.022245004655689682
28,16,0.4713300388257686,0.05599558316938724
28,17,0.47314229251509216,0.06945020652563572
28,18,0.44547394322978395,0.11899286120926644
28,19,0.4882513090515037,0.02967421009233051
28,20,0.487668991901504,0.05970104596861581
28,21,0.5464420219531928,-0.015750224735296747
28,22,0.572187168532563,-0.08232082724232603
28,23,0.5182823256133047,0.0031782982316262975
29,0,0.4669280285532308,0.07467421065689478
29,1,0.48433825658671764,0.06498652894451973
29,2,0.5010458788962606,0.05792378984442703
29,3,0.5328241400835312,0.02608698543821708
29,4,0.5141875061194424,0.04425989223872129
29,5,0.5102237541828512,0.04569242394042161
29,6,0.5158752908670444,0.045063477554078246
29,7,0.5002340993343005,0.04806800505970227
29,8,0.4961265919217184,0.0525878465665352
29,9,0.5001894111090829,0.04367246349187609
29,10,0.5085952341141945,0.03315718573953835
29,11,0.49837389177470676,0.04396344414185854
29,12,0.44305476075270117,0.07285291844499786
29,13,0.4184868171971113,0.10479077666386316
29,14,0.4499929165307823,0.07503179216525635
29,15,0.49145630923343225,0.02127324537864239
29,16,0.47224678764113615,0.0547123291328927
29,17,0.473605317170341,0.05919156411190063
29,18,0.4466867479268005,0.11808077387098503
29,19,0.4871289358261059,0.03166487640149085
29,20,0.4884314095310717,0.05960521310938249
29,21,0.5478335412326925,-0.017154449115230008
29,22,0.5480424168589259,-0.027901683632111318
29,23,0.5190306861990182,0.0020842775978034966
30,0,0.46725112880089603,0.07418042914985756
30,1,0.48409661183320574,0.06426716370902541
30,2,0.5016472232599467,0.05572372073487453
30,3,0.534277867328212,0.02332794251199166
30,4,0.5153210831208774,0.0420772732431578
30,5,0.5115018692077675,0.04382923013184248
30,6,0.5164093067025757,0.04359122052551445
30,7,0.5011289787336204,0.0456631757114237
30,8,0.49781642990878766,0.05060338386491686
30,9,0.5012071114015557,0.04278343211492269
30,10,0.5098145720503193,0.0319568260967551
30,11,0.5091560687999587,0.027452057213654457
30,12,0.4394718070184299,0.07616910015256345
30,13,0.41528475204694254,0.10844102533208289
30,14,0.4480783998814075,0.07742589425816454
30,15,0.4902417091752388,0.022243632422397686
30,16,0.47138446115960436,0.05574484824527781
30,17,0.47116074031136834,0.06417250360867499
30,18,0.4449411416111832,0.12099984326318025
30,19,0.4824764717968595,0.03769874270119555
30,20,0.48582263600856324,0.06376443579076141
30,21,0.5472528645629008,-0.015803915475711694
30,22,0.5739407864142557,-0.0812759892486854
30,23,0.5187540854050418,0.002332591645264559
31,0,0.46857361945851667,0.07273225761313862
31,1,0.4850526189491067,0.06204490452532174
31,2,0.47081753567131734,0.09513819864553791
31,3,0.5330364154495424,0.023004433852468975
31,4,0.5126467703175999,0.04314363781940511
31,5,0.5084236598484093,0.04546131605197301
31,6,0.514775764585879,0.04471037167376868
31,7,0.5006884818479493,0.04595531127712993
31,8,0.5040710574779136,0.03122708349148451
31,9,0.5034894361610207,0.04090403167658424
31,10,0.5127380170041856,0.028895928310150087
31,11,0.4851108305289556,0.02727090549504041
31,12,0.457838558380339,0.04248114152414828
31,13,0.4140242328284488,0.10975877258739403
31,14,0.44772497050643995,0.07779090592314614
31,15,0.4923312922276883,0.019764978012384304
31,16,0.4738592275739384,0.05303101907029295
31,17,0.47604187314920166,0.06663779075227261
31,18,0.4430350947390338,0.12342959119054864
31,19,0.48469271806393494,0.034693001508018684
31,20,0.4814055950322126,0.06968749966783838
31,21,0.540774373080515,-0.0080673649527081
31,22,0.5447219177512342,-0.02337409153132408
31,23,0.5182217129191757,0.0031570067675468216
32,0,0.4683033230598308,0.07310925643842275
32,1,0.4863407389161786,0.06083814175462798
32,2,0.5052036268058129,0.051524898758283144
32,3,0.5362721966178938,0.020797502149017322
32,4,0.5149477242192194,0.04183947684238776
32,5,0.5103767447045298,0.0442647747895526
32,6,0.5142885295689974,0.045795565655432746
32,7,0.5005601311941374,0.047436756541547054
32,8,0.5010786080255902,0.03577419895681966
32,9,0.5020360709562351,0.04419500109913871
32,10,0.5131142582549184,0.030404931104824506
32,11,0.5106739992488675,0.02716330180805815
32,12,0.4039621044992818,0.12462178989833916
32,13,0.4146630770796244,0.10839652944214923
32,14,0.44719608957057805,0.07839451029952899
32,15,0.49512694000648627,0.017701622591532407
32,16,0.47646872912380456,0.05101654691762636
32,17,0.47866858357168235,0.06452192241158305
32,18,0.46085708497831446,0.06742752610973057
32,19,0.4822737868560688,0.03816606441105297
32,20,0.4812309000224877,0.07001068419549838
32,21,0.5407051057757251,-0.00771905152499075
32,22,0.5449127758054976,-0.02359052611291068
32,23,0.5191761974086709,0.0020291721545407926
33,0,0.4681325734736325,0.07314717304418461
33,1,0.48413697087754237,0.06358582994420359
33,2,0.5035350655579778,0.05336554515564296
33,3,0.5357416600775394,0.021192367593144468
33,4,0.5136579830137251,0.04341529478460737
33,5,0.5084287713244033,0.0472305705393653
33,6,0.5114779661370819,0.049474579301757804
33,7,0.4954181950968845,0.02375476728274406
33,8,0.5076518548364332,0.0279668628294652
33,9,0.5016002969393759,0.04515948491274785
33,10,0.5135005098906918,0.030501965480994375
33,11,0.47395732318919526,0.03293830649934665
33,12,0.40358249604243096,0.12433576382027917
33,13,0.414999949284386,0.10737560098991616
33,14,0.4460198720590067,0.07962058767582497
33,15,0.49514852859355474,0.017566244994881353
33,16,0.4784149404041653,0.04955098878623554
33,17,0.48004246118617194,0.06397789827221134
33,18,0.4672718026826772,0.06092028504176572
33,19,0.49031957796707815,0.03005783373144677
33,20,0.4772861702216742,0.07531259394332224
33,21,0.535296733707331,-0.0009966131691463431
33,22,0.5421578746851577,-0.020686448712263328
33,23,0.5201901196601658,0.0007376942920784835
34,0,0.4692608231500011,0.0714636201323241
34,1,0.4827899991016445,0.06550961979756964
34,2,0.5030476437901,0.05368605318419162
34,3,0.5343658376338881,0.022678618926727623
34,4,0.511388252975207,0.045646662372067826
34,5,0.5068291553191667,0.04847019843680478
34,6,0.5087984011429002,0.05222695195182048
34,7,0.487415888947931,0.033988839714567065
34,8,0.516061529025929,0.02009843998395011
34,9,0.4993363968833505,0.04809960592185253
34,10,0.5188636033529501,0.022020065823371127
34,11,0.46533929678089236,0.044815518275683475
34,12,0.4032919711199273,0.12394922322687746
34,13,0.4157041943667469,0.10570945975520751
34,14,0.44653610319575354,0.0789182107620986
34,15,0.49338294909657454,0.01995385078446732
34,16,0.4767614858949412,0.0515683038652156
34,17,0.47899280063999194,0.06548854589219644
34,18,0.4429463443076954,0.1226077460042202
34,19,0.4900672284863669,0.034856033756993976
34,20,0.4766598523361375,0.07604061098305503
34,21,0.5357007093733515,-0.0013382966121119333
34,22,0.5441724768993922,-0.022583433475940717
34,23,0.5231812942072931,-0.0026716074734717266
35,0,0.472603962618351,0.06691664361955174
35,1,0.4828503908719092,0.06631482810572142
35,2,0.5013870860053401,0.0557838396361815
35,3,0.5342440414474875,0.02319326166527158
35,4,0.5121435584810098,0.045125098983600176
35,5,0.5070619895084357,0.04817825425281075
35,6,0.5077938255486221,0.052907523334685624
35,7,0.5198340688691412,0.02661071505623669
35,8,0.5140509537764294,0.023602806218985695
35,9,0.5007640656329244,0.04713006048851687
35,10,0.5139152255736454,0.027646520946740527
35,11,0.47529788125197076,0.03495762120170853
35,12,0.453024224941053,0.07797816555447434
35,13,0.41823869436773226,0.10342228285258565
35,14,0.4480755013559452,0.0774165162056839
35,15,0.4933421707345553,0.021665582796165372
35,16,0.47800738513417435,0.05136094032841121
35,17,0.48104093386115016,0.0642390011476559
35,18,0.44295846700701436,0.12273231771732018
35,19,0.46069776469328855,0.1004937739285765
35,20,0.47584928490493866,0.07663134833563745
35,21,0.534838331761457,-0.0005844705825224228
35,22,0.5655213306067609,-0.08484282778706576
35,23,0.5233158022058683,-0.0031514180242729894
36,0,0.4718925292396175,0.06645027006624221
36,1,0.4828528567217644,0.06695075477375989
36,2,0.5009928693522647,0.05602172656721838
36,3,0.5347776724684637,0.02181739938193472
36,4,0.5124115592791848,0.04488437312496496
36,5,0.5082012716753317,0.046822069515255804
36,6,0.5098338471781345,0.050380628167087216
36,7,0.5155617458486789,0.03108042576003578
36,8,0.5151757972373934,0.02537463303341969
36,9,0.4973338579873642,0.05097003902167535
36,10,0.5136574789092148,0.028652439905115068
36,11,0.5038849561624897,0.03762041180946457
36,12,0.4045461497132687,0.12303287609034358
36,13,0.4179279798641335,0.10457934310904987
36,14,0.4479321623161816,0.07908359948105087
36,15,0.4933681116480326,0.021339189904668654
36,16,0.47831851587159074,0.05093277510933725
36,17,0.4810876390832371,0.06445509511898728
36,18,0.47188150572553306,0.06358760210686965
36,19,0.48791363431752266,0.04240157049682203
36,20,0.47369682092598936,0.08042718985142316
36,21,0.5347645975265403,0.00036623584120720754
36,22,0.5679677007330445,-0.0879191731853145
36,23,0.5239521269857343,-0.003140877202588377
37,0,0.47214778718592065,0.06661415122142478
37,1,0.483309965615967,0.06547367407072735
37,2,0.5105742442010083,0.03247296053166482
37,3,0.5354190364199388,0.02046119632235821
37,4,0.5134957804068664,0.04308241967232607
37,5,0.5094169897046553,0.04520935113519087
37,6,0.5101765781042289,0.049382634562764705
37,7,0.514125244769471,0.03201525966874663
37,8,0.508500482507753,0.03482572125271943
37,9,0.4963636907102772,0.05144390953170841
37,10,0.5073717382217025,0.03764637038269908
37,11,0.43422821839627085,0.0818993544545179
37,12,0.40404273825975245,0.1231801982720474
37,13,0.4181444459417325,0.10414911724376402
37,14,0.4481633824794671,0.0794788651490721
37,15,0.49373162547872945,0.02105558709979538
37,16,0.47735430557353903,0.05146863760130704
37,17,0.4804261867254744,0.06426248297510051
37,18,0.4689574947339286,0.06941525756161282
37,19,0.45915974570766466,0.10464249147921023
37,20,0.4738265380367294,0.08091244095318595
37,21,0.5348461456909636,0.0006572648838498729
37,22,0.5629500780568902,-0.0811448248008424
37,23,0.5233766169445255,-0.0023057429736174084
38,0,0.4707467720718874,0.06845707956248892
38,1,0.48145710900648386,0.06771380924927989
38,2,0.49878092645730315,0.05809680306983689
38,3,0.5310694121109883,0.025998639496204623
38,4,0.5100231664430812,0.04782588301577506
38,5,0.5080479888390829,0.04771038974780062
38,6,0.5086308089504697,0.05174934378384877
38,7,0.5126414577281323,0.033810937833666066
38,8,0.4999241883460916,0.0454243117801873
38,9,0.4924839021937244,0.054954286283266374
38,10,0.5044939057907516,0.04036187626366794
38,11,0.48952099648269687,0.053433157770600814
38,12,0.3886356396995965,0.1105837287471102
38,13,0.41775396328655984,0.10459066020309243
38,14,0.44811791413808094,0.07952029446910452
38,15,0.49100037687284476,0.025377729023065343
38,16,0.47218354766194626,0.05833829942524926
38,17,0.4761447912784126,0.069885194085064
38,18,0.44061737233533343,0.12810619611408303
38,19,0.45934298792779454,0.10501164621070946
38,20,0.4743014226690802,0.0808259907068195
38,21,0.5357953297174753,-0.00020436208306029435
38,22,0.5652006779674978,-0.0820273143248309
38,23,0.5244999293597096,-0.00283726214151081
39,0,0.47138589639114664,0.06777222854296566
39,1,0.47934658181692646,0.07055733418088528
39,2,0.4997250392915209,0.05733317432899021
39,3,0.5307238696284591,0.026773659922361026
39,4,0.510345932871281,0.048140079422207105
39,5,0.5079786923125312,0.0483727516861594
39,6,0.5065841210555352,0.05387715809464655
39,7,0.4763525132056343,0.05469647813866302
39,8,0.4946545369316211,0.05079927525745609
39,9,0.4893787012043916,0.057935663413021754
39,10,0.5026149139625798,0.04254876462688617
39,11,0.4495990237173149,0.07085858593263417
39,12,0.39607854104390533,0.10492127030348025
39,13,0.414800537830199,0.10683956291515412
39,14,0.44478275017573815,0.08263416771088766
39,15,0.4907854582950007,0.025774938878294185
39,16,0.4718258658172559,0.05882172355237858
39,17,0.4762881708673721,0.07036425870646112
39,18,0.4399306470863708,0.12995962214590318
39,19,0.4602801678038623,0.10443841184803815
39,20,0.47431636223714974,0.08101259174391184
39,21,0.5359578076562002,-0.00017317932467475483
39,22,0.565602687338611,-0.08062266484949798
39,23,0.5244088070360805,-0.0025108677395849766
40,0,0.47193016213343986,0.06739071392539309
40,1,0.4754309248902506,0.07462216847487746
40,2,0.4684167382817333,0.09555875357255522
40,3,0.527492577520202,0.029942168933541513
40,4,0.4994798703691521,0.029364217509263935
40,5,0.5007184594405222,0.05592422760750526
40,6,0.4967092187694032,0.06418734479413007
40,7,0.49099688975259953,0.04359242252970663
40,8,0.5054769739131645,0.0427784988280876
40,9,0.5069263709032198,0.038028512710470974
40,10,0.4963486939944483,0.04905327454637515
40,11,0.48682868078151653,0.05091800120816392
40,12,0.38670984577414746,0.1149567915322594
40,13,0.4144516352363275,0.10687291169542062
40,14,0.444413619205241,0.0830622379530761
40,15,0.4860463315087867,0.030185325269788232
40,16,0.47333486747661113,0.04550536903164892
40,17,0.48083656292662935,0.05686842442284823
40,18,0.44132820197329065,0.1285041255379331
40,19,0.46162112470165007,0.1029521567861833
40,20,0.47524610097601666,0.07999466216267481
40,21,0.536739031031934,-0.0010938385051181276
40,22,0.5649261818838099,-0.07734884276686305
40,23,0.5249146542416228,-0.0027051400102925394
41,0,0.47343475606397795,0.06573223097214048
41,1,0.4858776560071096,0.0627128513740064
41,2,0.46856738313050644,0.09540237961131193
41,3,0.48252115389704614,0.08304553417203664
41,4,0.47339654969121603,0.05475316558857285
41,5,0.49789251480413144,0.06039973045309305
41,6,0.5184220224345071,0.042042121696995394
41,7,0.5161352465722105,0.030422052692114288
41,8,0.5028835955465323,0.04493369438579303
41,9,0.5054327340269098,0.03844055304150573
41,10,0.513641964893185,0.02737763001347787
41,11,0.43305127818974015,0.11277139545771925
41,12,0.3987444221544583,0.12650843486125618
41,13,0.4144612746091995,0.10685567911334909
41,14,0.44523921904084174,0.08297691962480663
41,15,0.48502839026578454,0.03145284789841529
41,16,0.4674291808975556,0.06347750275100972
41,17,0.4707127243756919,0.0759977842708196
41,18,0.4397629306827818,0.13137898857993469
41,19,0.46171576054030034,0.1037000322260162
41,20,0.4729464593050263,0.08358168493770401
41,21,0.5339814214123778,0.0028270905347325126
41,22,0.5441023706209516,-0.02041458416247388
41,23,0.5252446424873943,-0.0031987827220791853
42,0,0.47354940118838373,0.06510801146363437
42,1,0.4870720520737061,0.061527386437197795
42,2,0.4679276356366051,0.09601296091254424
42,3,0.5309718947883311,0.027084791085490778
42,4,0.5147311006220403,0.04301544715778116
42,5,0.5124119903169281,0.04313474651521343
42,6,0.5185314905743842,0.04226007692654821
42,7,0.5281410555439113,0.019641821504809087
42,8,0.49983595100758876,0.04839599463130212
42,9,0.5046059030389519,0.039059529940903004
42,10,0.5137635747176675,0.026931318776878155
42,11,0.49861634073267413,0.03984358999272852
42,12,0.39989863993281755,0.12516378772762282
42,13,0.41268036572472083,0.10890656680971572
42,14,0.44069171564527987,0.08866199220144372
42,15,0.4855007329013088,0.03080085358084861
42,16,0.4689724564091447,0.062270760862194185
42,17,0.4707694636391959,0.07617426353397794
42,18,0.43624404961021473,0.1365141874803042
42,19,0.4563572074592409,0.11137535671879562
42,20,0.4698540855453744,0.08839233576028527
42,21,0.5322460719178788,0.005565201897650862
42,22,0.5418310136044825,-0.01782243344114498
42,23,0.5241625524488395,-0.002247914699404552
43,0,0.47493063861971724,0.06322572372596202
43,1,0.4847112615056609,0.06428581329899635
43,2,0.46826734193689457,0.09591465831011298
43,3,0.5320302780597783,0.026666437642784202
43,4,0.5152435547850753,0.04365585039938824
43,5,0.5126148029569133,0.0435575049413075
43,6,0.5174290741807347,0.04384798122106359
43,7,0.5025522127065515,0.045909256388787234
43,8,0.5011744172094091,0.048036988412429316
43,9,0.5039251800313614,0.04049424546682062
43,10,0.5135019718990478,0.02797147917988635
43,11,0.4289135206679726,0.11762459771993516
43,12,0.3998789106397502,0.12495660510266055
43,13,0.41376218699750983,0.10796820879338442
43,14,0.4421367936754184,0.08767635992441714
43,15,0.4868409632655468,0.03008746410001839
43,16,0.46931625026456275,0.06193709162342398
43,17,0.480225637179479,0.06146943451117448
43,18,0.43747001553071313,0.1356255067757023
43,19,0.45719986978438504,0.11073961217144546
43,20,0.4708963326934909,0.08734017488749923
43,21,0.533987442656624,0.0035175034875678524
43,22,0.5430684374370512,-0.019134671995836072
43,23,0.5261649319917839,-0.0041327550090928256
44,0,0.4760000526821041,0.06190530862500121
44,1,0.4483920653195079,0.10637784547765472
44,2,0.4681723559113782,0.09590104802231847
44,3,0.47827027681496903,0.08799309289029883
44,4,0.5141875061194424,0.04425989223872129
44,5,0.5102237541828512,0.04569242394042161
44,6,0.5158752908670444,0.045063477554078246
44,7,0.5002340993343005,0.04806800505970227
44,8,0.4961265919217184,0.0525878465665352
44,9,0.5001894111090829,0.04367246349187609
44,10,0.5085952341141945,0.03315718573953835
44,11,0.4263756374496513,0.12031602350699877
44,12,0.39913316159993106,0.1252827358118978
44,13,0.4140075546146099,0.10750948683995709
44,14,0.4424953693748736,0.08773596101869119
44,15,0.48498531180161425,0.03364636611203087
44,16,0.46539899728440437,0.06831036079867359
44,17,0.47616456548330444,0.06725155234896885
44,18,0.4384003900225843,0.134857324693459
44,19,0.45613902266173073,0.11243455559786908
44,20,0.4714942664809354,0.08641595483832154
44,21,0.5344713907777893,0.003017949218425353
44,22,0.5422389047075798,-0.017517233564839585
44,23,0.5261760578193708,-0.003839916911308916
45,0,0.47558401705703185,0.061948841562158574
45,1,0.44759682833915,0.10669441336945723
45,2,0.46765377746730846,0.09636482103147126
45,3,0.47772544794642285,0.08889150690820097
45,4,0.5153210831208774,0.0420772732431578
45,5,0.5115018692077675,0.04382923013184248
45,6,0.5164093067025757,0.04359122052551445
45,7,0.5011289787336204,0.0456631757114237
45,8,0.49781642990878766,0.05060338386491686
45,9,0.5012071114015557,0.04278343211492269
45,10,0.45912737679413845,0.08971810589581647
45,11,0.42423657836851264,0.12269572697314546
45,12,0.39952172102300504,0.12471114478692852
45,13,0.41433690129799744,0.10705490710256277
45,14,0.4426005259933986,0.08780575242166955
45,15,0.48604673756789973,0.03333971131543867
45,16,0.466316571608499,0.06759729197792408
45,17,0.47405635459386136,0.07159545017053226
45,18,0.4378797828363195,0.13561685546571278
45,19,0.45594918380914823,0.11283451068354089
45,20,0.4707817647559043,0.08742166144932306
45,21,0.5342340387560353,0.0030137524857640763
45,22,0.5418969278634508,-0.017094633939280235
45,23,0.5253053370757149,-0.0031663935316886826
46,0,0.4750780984040991,0.062147486590066914
46,1,0.44618739210515823,0.10815948892019112
46,2,0.4664846957129603,0.09776428738295495
46,3,0.47544501252893356,0.0906662732787385
46,4,0.49639421866591765,0.05266704881229789
46,5,0.5084236598484093,0.04546131605197301
46,6,0.514775764585879,0.04471037167376868
46,7,0.5221664441053576,0.02343752282214917
46,8,0.4971420723252364,0.051030604285737136
46,9,0.5034894361610207,0.04090403167658424
46,10,0.45909016350277654,0.08999090602746335
46,11,0.5067003797156339,0.03147768507752635
46,12,0.40122929660516504,0.1228808444298759
46,13,0.41505231798341613,0.10593642502970269
46,14,0.4437132643149609,0.08693708704878733
46,15,0.4588437980021383,0.07705418212646087
46,16,0.4738592275739384,0.05303101907029295
46,17,0.47070961140908113,0.0741625644913847
46,18,0.43707518681231944,0.13636868971465854
46,19,0.45560349095584735,0.1130900153820873
46,20,0.46981577621748877,0.08832608492905791
46,21,0.5319044063916715,0.005761292450437883
46,22,0.5355492711214114,-0.010101911782438022
46,23,0.5200033190073596,0.002236781441685709
47,0,0.47427771873066726,0.06290313555915128
47,1,0.44363430090745054,0.1105991544010973
47,2,0.46404565208245974,0.09984415113328865
47,3,0.47374465092789314,0.0921764582855441
47,4,0.4650283296789581,0.06532263718823972
47,5,0.5093244352428218,0.04571463634552708
47,6,0.5119380968865666,0.048595347472888406
47,7,0.5210252437200378,0.027397924562702958
47,8,0.49557141910235997,0.036904792122660623
47,9,0.5009255673473018,0.04620058902470531
47,10,0.45773292357828593,0.09154298270667677
47,11,0.50728080118462,0.033570665673390954
47,12,0.3992615544283565,0.12403452431920886
47,13,0.41387159772453447,0.10660763941399176
47,14,0.44258615228892106,0.08804338858012495
47,15,0.45861342602135385,0.0774576476041341
47,16,0.47745768545995526,0.05005767763303115
47,17,0.5113527027201095,0.007189380641912102
47,18,0.4361831061719972,0.1375670572877219
47,19,0.4541634513045909,0.11504743540631601
47,20,0.47003227672721387,0.08804257544626337
47,21,0.529500524186514,0.008403716640936865
47,22,0.5343998843526458,-0.00886528473166337
47,23,0.5195377034930089,0.002469279899920851
48,0,0.47337035244765663,0.06346395863230186
48,1,0.4419647204941714,0.11215906911238394
48,2,0.4617500101413722,0.10227239177589192
48,3,0.4843894070108947,0.04070275849104005
48,4,0.4618907636637874,0.064853489827422
48,5,0.4950263227443196,0.02656533148604351
48,6,0.5099160000328242,0.05161561229217815
48,7,0.50980742697701,0.037294745575402244
48,8,0.5016612528462672,0.03070685981923782
48,9,0.5016823264428272,0.046153889522598635
48,10,0.5239168304635317,0.021691435264288184
48,11,0.5004984034892056,0.03982227808877109
48,12,0.39916697543013985,0.12371295854881748
48,13,0.4127111560023897,0.10768005111137768
48,14,0.4414085592449288,0.08967072977574658
48,15,0.457425802000178,0.07920975125655716
48,16,0.4799695199492633,0.049411834479826
48,17,0.5087929092160931,0.012678380533306721
48,18,0.4347117270449099,0.1396658482771328
48,19,0.4513180991431435,0.11923472340915642
48,20,0.4671725858884426,0.09223601765681011
48,21,0.5272668111747456,0.011504788092425722
48,22,0.5327105660975372,-0.006684194325164539
48,23,0.5168921761310465,0.00557560829592918
49,0,0.4724903273429296,0.06398203087038662
49,1,0.4414570302863944,0.11241858532348387
49,2,0.46100258157803203,0.10288244661867807
49,3,0.4716610880579711,0.09408718393882354
49,4,0.48568208826839543,0.04409319801223488
49,5,0.522087114432545,0.0026101240112235136
49,6,0.4987137814030207,0.06120412737080705
49,7,0.5082186965492039,0.04238292960553036
49,8,0.5205872919771478,0.014174397146492601
49,9,0.4400394094844163,0.1098834196282098
49,10,0.5157005794538769,0.03254218135299802
49,11,0.49019367632734684,0.05357282582767714
49,12,0.39970533558413934,0.12206549695174373
49,13,0.4122728022841698,0.10703931066437072
49,14,0.44098734604173245,0.08939452390334723
49,15,0.4567929030810608,0.07950469565226048
49,16,0.4771977210834967,0.053808668624023004
49,17,0.5135745824645145,0.014698401227258073
49,18,0.4341895295146909,0.13994921894223766
49,19,0.4502232912040115,0.11992873707817286
49,20,0.46700969619911625,0.09164843585114002
49,21,0.5274716943075713,0.010401881601672547
49,22,0.5513429092904321,-0.06947626392702011
49,23,0.517321455229255,0.004755403158271165
50,0,0.4738665161343094,0.06149023077808269
50,1,0.442109462533763,0.11071295505602485
50,2,0.46179025551585967,0.10080858049211522
50,3,0.47224632207100437,0.09282875542622798
50,4,0.4896418512806555,0.06793338171662455
50,5,0.510870757911267,0.016853710510316366
50,6,0.49684110936355735,0.06372805211670146
50,7,0.5080688094297897,0.04383453531088355
50,8,0.43224872801928105,0.11817558661238264
50,9,0.43867181394745935,0.11080030492579623
50,10,0.5032656630946232,0.045680625478935366
50,11,0.48656618606761115,0.05865374656000211
50,12,0.3994387192673926,0.12091421517634149
50,13,0.4113918992115843,0.10692815918838683
50,14,0.4399478641080145,0.09011187093695222
50,15,0.45540403205072855,0.0806061274211951
50,16,0.4762342827401589,0.05725880605407041
50,17,0.4777729264293883,0.07366738484503776
50,18,0.4322054207806319,0.1421979171801815
50,19,0.448286175039205,0.12228262828217018
50,20,0.4651167353669712,0.09344890847347309
50,21,0.5254828573046891,0.012146971623869351
50,22,0.5765078517365391,-0.06954387479219692
50,23,0.515581395014802,0.005783654988913978
51,0,0.47230904823244996,0.062109194774331244
51,1,0.44071419748470264,0.1112399083157225
51,2,0.4920629676406927,0.06630023334816892
51,3,0.47194522158733004,0.09297558085724167
51,4,0.4734369339597485,0.05703335788569641
51,5,0.5140200022026844,0.013750943452714326
51,6,0.5072177786444025,0.054130121670351805
51,7,0.5051891527998592,0.048185595517197366
51,8,0.42918901859059766,0.12071228055147976
51,9,0.502156059001672,0.04930760382786187
51,10,0.5065548793810877,0.044274509192729405
51,11,0.4819664908026249,0.06478368548678859
51,12,0.3996273134375675,0.12023077565603824
51,13,0.4127243612363365,0.1046365853565221
51,14,0.4403235825252162,0.0892318187849489
51,15,0.4552149779241513,0.08068335520560355
51,16,0.47777296117613477,0.057279386179950986
51,17,0.48248443615028486,0.06835234145172375
51,18,0.43153131430292946,0.14307629225375285
51,19,0.4481260231133729,0.12225340431402221
51,20,0.4656989423264349,0.0923757277269931
51,21,0.5254104314683837,0.011682665488747968
51,22,0.5721675033195871,-0.09195031346162696
51,23,0.5159420805959161,0.005118924452174767
52,0,0.47378908540939996,0.06038294271082234
52,1,0.4406327874880645,0.11137126000443115
52,2,0.45934222572159067,0.10266893749439654
52,3,0.46856099233019555,0.09666220224635202
52,4,0.47173584550499686,0.06445164138513376
52,5,0.5071257503771145,0.0274353399152516
52,6,0.5067251269378732,0.05411866089510975
52,7,0.4955339831165647,0.05712526482573077
52,8,0.4280629526458992,0.12161366832087583
52,9,0.43490798472547243,0.11386419046135121
52,10,0.45331168938187677,0.0948307872070322
52,11,0.41424491344952213,0.1310981776690563
52,12,0.4003154801221446,0.1189748508705259
52,13,0.41384227537232116,0.10275893252687329
52,14,0.43998370676567866,0.08938992750472141
52,15,0.4546200915535101,0.08125768302116487
52,16,0.4753630398337949,0.05997552442051379
52,17,0.5170854064551749,0.018457945631957906
52,18,0.4314116403041076,0.14296670340883055
52,19,0.4478751995240549,0.12237312798081901
52,20,0.4652664606378436,0.09258172529424968
52,21,0.5234015461999186,0.013662772797912837
52,22,0.5630386228311434,-0.07921593987978037
52,23,0.5138028990032192,0.007309232255056308
53,0,0.4732480453465899,0.060833659146346364
53,1,0.4390690440401928,0.11305278146461345
53,2,0.45769007672051193,0.10437447440490782
53,3,0.4670913779878458,0.09788105598615016
53,4,0.4978897355280099,0.05993289033574156
53,5,0.5012163285285136,0.053473534946377965
53,6,0.501258303476986,0.05979986441034746
53,7,0.4920462739003114,0.05966552420536403
53,8,0.42838708172053297,0.12116079795430756
53,9,0.43555763575013556,0.11304941815611658
53,10,0.4535276843411676,0.09458607601769703
53,11,0.4150506263771364,0.13004643329043886
53,12,0.4001426582439957,0.1187155183976526
53,13,0.413901499683895,0.1020460293406738
53,14,0.4397225655578025,0.08906527166868033
53,15,0.45390633108769235,0.08154369529140604
53,16,0.47234856883042203,0.06436778737519233
53,17,0.5168517361331741,0.01845502631824769
53,18,0.43121728891789957,0.1431152307203235
53,19,0.447852946262764,0.1219947992972723
53,20,0.4645266962571906,0.09304775897380035
53,21,0.5222172875222286,0.014397951553327792
53,22,0.5679748115304488,-0.05638779049569287
53,23,0.5121701240406791,0.00854150610463722
54,0,0.47147620081800184,0.06221869299386534
54,1,0.4367587263348121,0.1150387241005919
54,2,0.4552224992461225,0.10647440345095788
54,3,0.46491806459477886,0.0994606140211517
54,4,0.4916838010990115,0.06973903047819513
54,5,0.49812436786613895,0.05669402268909729
54,6,0.4950387803079345,0.06576837181513251
54,7,0.4936313063693194,0.0612817548884918
54,8,0.4290654322002735,0.12000560157421636
54,9,0.43581908018758364,0.11232898472889619
54,10,0.4543183701352807,0.09352629997579104
54,11,0.415734707865225,0.12915373079112608
54,12,0.4004143735366416,0.11805133492426384
54,13,0.41526658054966925,0.09969680180647572
54,14,0.4396383065313824,0.0884565998280134
54,15,0.45316400278603963,0.08205751617559731
54,16,0.4697601609627695,0.06855143061092339
54,17,0.49607897999925193,0.049227547883094025
54,18,0.43188968578900666,0.14183059930512332
54,19,0.44807685327025465,0.12082402007546178
54,20,0.46565502574119205,0.0908654604380994
54,21,0.5223435226798729,0.013557630445247049
54,22,0.5512220579679665,-0.054433258770609894
54,23,0.5131125099051869,0.0066398270581108365
55,0,0.47131881638704143,0.06144638076248543
55,1,0.43651454440940735,0.11471042539059295
55,2,0.4553442291221784,0.10577713816983197
55,3,0.4659448899776827,0.09766111646834419
55,4,0.49042196315656394,0.07058927799067427
55,5,0.47690822749582545,0.08313886153856109
55,6,0.5070931987820778,0.0613549636047559
55,7,0.49677571191703856,0.05968656698264846
55,8,0.42913428929565367,0.11988427029876703
55,9,0.43559943171178767,0.11244357670712618
55,10,0.4535029149252328,0.09421401060874751
55,11,0.4134684588749138,0.131106325448286
55,12,0.3993257797637319,0.11847940053294337
55,13,0.4150918761396067,0.09902062321582605
55,14,0.4388371303545729,0.08896983177340256
55,15,0.4506552267657096,0.08434494600788128
55,16,0.46773315382994485,0.07127992205740419
55,17,0.5086105329398273,0.03817938140998567
55,18,0.4706487678166508,0.0799776714199264
55,19,0.4461445361299451,0.12237752820006931
55,20,0.464402636445741,0.09171235167542147
55,21,0.5201800864451662,0.015493439216717642
55,22,0.5492364815183322,-0.04586453805124269
55,23,0.5100836576878743,0.009203397924135603
56,0,0.469515657387832,0.06226879074493208
56,1,0.4351390979862856,0.11469038225307665
56,2,0.45367160962159264,0.10626090931683507
56,3,0.46471101225970834,0.09751867278391974
56,4,0.46428455376215017,0.09449907280412723
56,5,0.4849121105060716,0.07864606876165026
56,6,0.5010391672289805,0.0722332721326433
56,7,0.49287827928265243,0.06464468356770736
56,8,0.43004123554142343,0.11777153064810364
56,9,0.43725215413440605,0.1094782403074957
56,10,0.454879517896264,0.09221663860982277
56,11,0.4147794420561402,0.12884729233465803
56,12,0.3992398644103884,0.11759543886604268
56,13,0.41393688416028823,0.09887379020911763
56,14,0.4375626876463091,0.08921120402524252
56,15,0.48450430995889887,0.036319184906598134
56,16,0.4684706190000655,0.07032201240240332
56,17,0.506994451701671,0.041985928192058486
56,18,0.42938304698767077,0.14366982169782727
56,19,0.44479190227961796,0.12362387175188505
56,20,0.4626683540319981,0.0939284491171114
56,21,0.5179281910016863,0.01780503026515956
56,22,0.5595825252140129,-0.051688543550372335
56,23,0.5094442676492047,0.009878002782710116
57,0,0.46879529235145184,0.062438212457130104
57,1,0.4347068195413593,0.11440187337965524
57,2,0.4531438955831078,0.10602322804608605
57,3,0.4490076809846166,0.11572148892775491
57,4,0.4558967353082679,0.10522233918243035
57,5,0.47852181022637946,0.09066020318196588
57,6,0.49383982798532555,0.08602083565372626
57,7,0.5092909650889685,0.05624906745518676
57,8,0.4948870712303067,0.07527921605218751
57,9,0.4965993110474321,0.06562249528374053
57,10,0.45371942110547564,0.09282331469555027
57,11,0.4130545042854765,0.12976620836810948
57,12,0.39697699999042446,0.11862743250742785
57,13,0.412310611062564,0.09896618187504663
57,14,0.43590348145989305,0.08946228402541223
57,15,0.4486988748318322,0.08467542527896904
57,16,0.4693010501059302,0.07041989613042576
57,17,0.4967868093984037,0.058303901173868966
57,18,0.44628854869957735,0.11905679718727591
57,19,0.44381804666896546,0.12404270246965632
57,20,0.46184027123234805,0.09402245413798505
57,21,0.5173594911223738,0.017881774655656435
57,22,0.5486348998994421,-0.03352098319351693
57,23,0.5088651075347886,0.009883516081254262
58,0,0.46680080551984565,0.0635681790380383
58,1,0.4332497682433363,0.11511150861211483
58,2,0.43211836967720024,0.1235389923220997
58,3,0.4571592703860433,0.10708785510074947
58,4,0.44917471066401915,0.11258646202486894
58,5,0.4667569906622731,0.10202523776452022
58,6,0.4800087274298014,0.09622375557648327
58,7,0.4957513822270708,0.062349323758136455
58,8,0.4296683765199251,0.11658754156805534
58,9,0.4368933180660572,0.10847582033126302
58,10,0.45424549833242406,0.09167111693677343
58,11,0.412810169033863,0.12902031948718784
58,12,0.39740879858080735,0.11722520878197662
58,13,0.4117893589949366,0.09840554836519089
58,14,0.43449907728218723,0.09023556766754898
58,15,0.44752401312247253,0.08550852785185925
58,16,0.4685581138506324,0.07285194774372117
58,17,0.4905367712519385,0.06649177024047215
58,18,0.4417931762054179,0.1262576635739453
58,19,0.44369764913231635,0.1233715560248887
58,20,0.46095589825520794,0.0943059598323921
58,21,0.5163752212732265,0.018352468096196617
58,22,0.5521436131024194,-0.036889033020091944
58,23,0.5071630739432303,0.010259489334904837
59,0,0.4651656073455911,0.06416946536509283
59,1,0.4320176803935184,0.11526602725671081
59,2,0.43054736290143875,0.1269689921803343
59,3,0.45964262946300005,0.10690356194464562
59,4,0.4540258885956705,0.11120968118170932
59,5,0.47647198166257243,0.09367433854865115
59,6,0.4990042341918191,0.06942653552132472
59,7,0.5147134905423987,0.046153634360123874
59,8,0.4926100638972056,0.07178185598061326
59,9,0.5084074617508642,0.05423949303401443
59,10,0.4556513950858887,0.08899991689087461
59,11,0.41177905248379226,0.12877507681704298
59,12,0.39516514375436795,0.11819921926227794
59,13,0.4091935358640569,0.09962902454151856
59,14,0.43220642256386543,0.0915837908744232
59,15,0.4459307015273013,0.08655314897742478
59,16,0.46296468102689226,0.07844172496177215
59,17,0.49297971250280936,0.06436490168964903
59,18,0.4449235729023011,0.12369433626583404
59,19,0.44340678982087856,0.12275260393331755
59,20,0.4616351899107387,0.09236546638782928
59,21,0.5161991027286527,0.017396616318776648
59,22,0.5581040575439004,-0.03530646841682872
59,23,0.5071813426362818,0.009021245669350031
60,0,0.46490229921616366,0.06313947249621094
60,1,0.43234133965809723,0.11378586763779902
60,2,0.4548666118212964,0.10647127251027538
60,3,0.4855685099910933,0.08511265937946055
60,4,0.47380548435536235,0.09532739044304045
60,5,0.4933648513606519,0.08090730600134244
60,6,0.49391876125620104,0.0829627380517064
60,7,0.4959015577659894,0.0569009582147636
60,8,0.43269104592698593,0.11069911523841885
60,9,0.5127554432496072,0.05354153431888309
60,10,0.5021994044394446,0.062476665271566256
60,11,0.41279183730266683,0.12645717443765886
60,12,0.3952461391350042,0.11669053588989586
60,13,0.40901510505828687,0.09820230595134544
60,14,0.43174450159253347,0.0905982981668853
60,15,0.44534280292084794,0.0857816546005466
60,16,0.46185032038664464,0.08514293382139859
60,17,0.4765299189810638,0.08757924810521855
60,18,0.43492210527594743,0.13886056248618106
60,19,0.4435927093032482,0.1214647438481039
60,20,0.4619561604261076,0.09081830280910774
60,21,0.5154897966394598,0.017078616034555405
60,22,0.5446754412542575,-0.01975841406669765
60,23,0.5065326241675314,0.008698729449526321
61,0,0.46551556567306496,0.06178508521448384
61,1,0.4334843132894227,0.11165517028746541
61,2,0.4472066613101556,0.1189166110401465
61,3,0.47766401267648356,0.10035269447201184
61,4,0.4645466761708281,0.11249672411780198
61,5,0.48645693879498947,0.09571872959639932
61,6,0.49349945552162444,0.08573651823198647
61,7,0.5259637765391617,0.039135198308287045
61,8,0.5059253915758695,0.06219195733079852
61,9,0.5320520234138909,0.03479974335272018
61,10,0.5210614062287746,0.04466823968074407
61,11,0.5051388477256471,0.055612633820944835
61,12,0.3938277239106585,0.1172170765898563
61,13,0.40923363552848396,0.09747295901206249
61,14,0.43279726149503667,0.08917552778700372
61,15,0.45492489989599016,0.0856259231303117
61,16,0.4624253140814967,0.08985491066878737
61,17,0.47084799348845446,0.09783054743947184
61,18,0.4361012868334387,0.14256758715176998
61,19,0.44399442812714707,0.12030463440054984
61,20,0.46179816681655206,0.09010426090892576
61,21,0.5144827136127339,0.027783876049209733
61,22,0.5558196713115047,-0.028511744131775818
61,23,0.5062959117635395,0.008747532313156059
62,0,0.46612290101017173,0.060803767143879695
62,1,0.43467606002621123,0.10993941701321364
62,2,0.4396509537655097,0.13161098702111346
62,3,0.47533176044584313,0.10749123496287805
62,4,0.4663313127488754,0.1143714529998216
62,5,0.48979054088996604,0.09741167728909678
62,6,0.49460513062066674,0.08894864844417083
62,7,0.5221758013968756,0.048228393287817584
62,8,0.43133968932329386,0.11058442909459099
62,9,0.5459625567868899,0.0228391395540678
62,10,0.5292439404637082,0.04126627924725845
62,11,0.5062848014758224,0.05847002124567968
62,12,0.39342240252643396,0.11700186306687599
62,13,0.4097765241443572,0.095880087845161
62,14,0.4325843881648217,0.08835558960287404
62,15,0.4492223682301737,0.09539885317109509
62,16,0.4481770142067889,0.11440242607117079
62,17,0.46279733323335764,0.11457119270056182
62,18,0.42988187003683387,0.15781031041596383
62,19,0.44480671095763125,0.11818455416270224
62,20,0.4430718187370597,0.1295696102856322
62,21,0.49683537759685814,0.05797869916949716
62,22,0.5461142475981399,-0.0109374143992228
62,23,0.506164925420062,0.007948331042644696
63,0,0.4660565617747842,0.05971505266278215
63,1,0.43541769460142216,0.10815131730833077
63,2,0.4401523815591883,0.13865674142706058
63,3,0.4695405310328935,0.1174703757563263
63,4,0.4588157850309879,0.12578717942385725
63,5,0.4819708599241166,0.10757828612460513
63,6,0.484568621464787,0.09999273223395544
63,7,0.5060401805080897,0.06481516876652071
63,8,0.49662324661078905,0.07767333425852962
63,9,0.5264830401320786,0.04522844566782391
63,10,0.5296126589820315,0.04551511361735405
63,11,0.5073873855257762,0.06505514909121912
63,12,0.39354120791859304,0.11571009874100702
63,13,0.42158858583511194,0.13810078622904748
63,14,0.4811426454655174,0.05156608058003409
63,15,0.4654533493599412,0.08615499310504227
63,16,0.45873147431912126,0.10891538728166383
63,17,0.4628593808856067,0.1191884915277891
63,18,0.4377379979149716,0.15288378828742755
63,19,0.445763283332922,0.11617484715889603
63,20,0.4436849199930833,0.13469746613401823
63,21,0.5033956626894117,0.05455463825432949
63,22,0.5473164080613319,-0.008229019195189702
63,23,0.5061489096021312,0.007326895762882368
64,0,0.4670015021201142,0.057890103986586894
64,1,0.45470906159945884,0.11392656378583427
64,2,0.4438050301682175,0.13854868464370085
64,3,0.4729884509422236,0.11900726044137161
64,4,0.4598223968186853,0.1263567918153678
64,5,0.4831494241685324,0.10849921534804263
64,6,0.48653901234933017,0.10250164786057248
64,7,0.5086397989545718,0.06782092140230322
64,8,0.4919967935039328,0.0848290461245843
64,9,0.5188405692920877,0.058419575377953836
64,10,0.5195729560673763,0.05993449926666128
64,11,0.4947488488539878,0.08067209402355796
64,12,0.3934647270293287,0.11433485250554032
64,13,0.4224656907349224,0.1371177899030579
64,14,0.48127424075854625,0.05159260826763157
64,15,0.46861873523723535,0.08504463892468728
64,16,0.4627592573603144,0.10869964396874565
64,17,0.46013967006786693,0.12336389560566852
64,18,0.4380342534680582,0.15514834835433777
64,19,0.44517632315811495,0.11561828111827277
64,20,0.4464370248390357,0.12901164887985483
64,21,0.5035307477488964,0.05272176600640033
64,22,0.5355616598386144,0.005861859016201065
64,23,0.5061153803327975,0.006576260266122569
65,0,0.46856963674975666,0.055259492077232186
65,1,0.45041119871761476,0.11816208796966182
65,2,0.44687522461005225,0.13835731671072993
65,3,0.4831581908711674,0.1094531589489281
65,4,0.46958474601950084,0.11740197426867116
65,5,0.48735760387123545,0.10570314728903063
65,6,0.49349724334430506,0.09889466023690002
65,7,0.517384802208283,0.06497331063396716
65,8,0.4970248424046106,0.08619619815197332
65,9,0.514606866564047,0.06497308078627473
65,10,0.5074153548557557,0.0724928961067125
65,11,0.49440505534503787,0.08390568191991876
65,12,0.39323241676328197,0.114156333505945
65,13,0.420262281855962,0.14068632271310222
65,14,0.4821763931577028,0.05025886528222423
65,15,0.4650405120067073,0.08924247354457393
65,16,0.4653057042081373,0.10502183301869517
65,17,0.46313896308351793,0.11585628554239114
65,18,0.4431620547432479,0.14643883458744056
65,19,0.4448627762346227,0.11507708993607724
65,20,0.44706284548664615,0.12701458340774463
65,21,0.5011453839502534,0.05541256684037432
65,22,0.5282589359770798,0.016541506765705094
65,23,0.5040604064435166,0.00888709864527859
66,0,0.4690619969515379,0.05475428058239873
66,1,0.43043493301297486,0.14441911995756912
66,2,0.42336680104220614,0.16559761766280556
66,3,0.45360100087127125,0.1451315007313148
66,4,0.4479404148928122,0.14360827034285617
66,5,0.4674255711876001,0.12905551389645764
66,6,0.4763538906805509,0.12055887624909839
66,7,0.4876527808667875,0.09601611533077303
66,8,0.4764927035524902,0.10604567386411468
66,9,0.4918969439726062,0.08872754326445487
66,10,0.49157567140441455,0.09071031674344748
66,11,0.4757566560136127,0.10545846339464887
66,12,0.3934726220196769,0.11267214030139461
66,13,0.410294529297042,0.15432465790819627
66,14,0.48422078638380533,0.05311956843529708
66,15,0.47097077451529806,0.08493029835677823
66,16,0.46793129008682705,0.10763415406804677
66,17,0.4654457010118894,0.11945560954393764
66,18,0.44396484810901227,0.15282052620108788
66,19,0.46080150493986116,0.12722139012099376
66,20,0.4444335254494421,0.13514806676166424
66,21,0.496940561611688,0.06579931561581831
66,22,0.5290566370872802,0.023766233982555285
66,23,0.502590827370734,0.010441098246536606
67,0,0.46846874313467785,0.054975194227140145
67,1,0.4392690426683241,0.14544139328875216
67,2,0.4287624880521119,0.1698204308349845
67,3,0.45873318192563783,0.14471002096791435
67,4,0.45954073449501065,0.1376984552224959
67,5,0.47398569446780586,0.1250682768706543
67,6,0.4763738393116623,0.12301767279094467
67,7,0.49103460821952377,0.0908821409683111
67,8,0.48444021046316105,0.09846133865974227
67,9,0.5028360651452308,0.07627802578945253
67,10,0.5028922096183074,0.07718884291661765
67,11,0.4097241755721557,0.12390325725839507
67,12,0.39242130837095135,0.1128589669450839
67,13,0.4077546952062473,0.09213129319976365
67,14,0.5087458563816544,0.02623640942866401
67,15,0.483968144252801,0.07066648914377638
67,16,0.4695416595750411,0.10687331589889482
67,17,0.45807343882827084,0.13050458517124852
67,18,0.45024008123842785,0.14663726981264802
67,19,0.4611241513850625,0.1290870176640495
67,20,0.4486704157561895,0.1301349404024752
67,21,0.5077027916963449,0.05302672510590967
67,22,0.5361655533640349,0.017418453530190448
67,23,0.5005824996382877,0.012341169224010073
68,0,0.46681135663954415,0.056181693264962196
68,1,0.4375205175291021,0.10275144633349825
68,2,0.43993744960861625,0.15696440936737138
68,3,0.4692321551677368,0.13114940457485103
68,4,0.467192493762278,0.12763780971640354
68,5,0.472782985401827,0.12651397796221642
68,6,0.4823491838778856,0.11564306701415894
68,7,0.4951935371659737,0.0837085807806528
68,8,0.490056570893279,0.08808684545711881
68,9,0.5133956621260679,0.06112773706446373
68,10,0.4601731942647725,0.07724400323105235
68,11,0.40836613904037433,0.1248853869201153
68,12,0.3902323868860547,0.11494154573270476
68,13,0.4361363069523922,0.12360198085118146
68,14,0.5187147058992709,0.011340399236274723
68,15,0.47534433582996116,0.08219780548180478
68,16,0.46034126695080346,0.1193252313673756
68,17,0.4586298271712617,0.12742785175607896
68,18,0.44999363022963335,0.14604688412269773
68,19,0.4639789305874017,0.12520715751637845
68,20,0.4520974482772565,0.12404035837266625
68,21,0.5183863672777933,0.03812246199538172
68,22,0.5435120682765484,0.008274660517556764
68,23,0.4999424014552345,0.012863981673574165
69,0,0.4661640257141082,0.056467408511232775
69,1,0.4471955504983343,0.13780460686040658
69,2,0.4478715753465307,0.14758626563753724
69,3,0.47309734160273276,0.12675481344472872
69,4,0.474202821015569,0.1181132239095698
69,5,0.4765757125599105,0.11993325164807406
69,6,0.48711518384075114,0.1086554248671735
69,7,0.4868873512898662,0.09313654703603497
69,8,0.48285999940261876,0.09417771984580176
69,9,0.5026065204899228,0.07301744817807532
69,10,0.45848851587428785,0.0780567335536369
69,11,0.4062475515152588,0.1262879762052056
69,12,0.3887004754404143,0.1160202684248402
69,13,0.43723048055401853,0.11937398247137254
69,14,0.5250907148115292,-0.0014829994327621998
69,15,0.4789539588443925,0.07752520000019414
69,16,0.47190771574368356,0.10217778245837916
69,17,0.4729979548564267,0.10534091795503009
69,18,0.4585511332126228,0.13151288199872646
69,19,0.47111270410071715,0.11502497925443722
69,20,0.449769157246192,0.12979339546414514
69,21,0.5238761660804712,0.0344829005959405
69,22,0.5688378856043846,-0.01952380587631264
69,23,0.5000594996875836,0.012382446199266983
70,0,0.46429914428462843,0.05825909771665255
70,1,0.4589679288648814,0.1253120979455677
70,2,0.4515105655604284,0.14311033785865768
70,3,0.4730872874323217,0.1260788740843619
70,4,0.47708356794385937,0.11583343082478903
70,5,0.478973826859787,0.11773169924361165
70,6,0.4933173595754394,0.10410525823938943
70,7,0.49204288885564124,0.08736638076018188
70,8,0.4882102572325172,0.08783464489206638
70,9,0.5162862876609149,0.05598047445658361
70,10,0.5188163370868153,0.05126154966250196
70,11,0.406209593197232,0.12588845313953617
70,12,0.388174257117053,0.11595201269262057
70,13,0.4048319979750479,0.09347240495532533
70,14,0.5212188464108259,0.006929649755976541
70,15,0.45252435681756986,0.11696268095397178
70,16,0.43575745885740813,0.15239567192789338
70,17,0.4395225621326168,0.15217867792655815
70,18,0.42992017067823507,0.1710186680213932
70,19,0.4594090382680039,0.11127080081504626
70,20,0.42035840337410635,0.17148089203940442
70,21,0.5168744771986334,0.04654463627354066
70,22,0.5577836520725428,-0.0038406318866066602
70,23,0.5323439506429151,0.011889079523273116
71,0,0.46490200533120923,0.09946449069367691
71,1,0.44919964203995183,0.14215121001281783
71,2,0.44120049969993913,0.15888411532466568
71,3,0.4632398990059283,0.13828447162035873
71,4,0.4672739525238268,0.12554054295767175
71,5,0.460753341264843,0.13260505694958413
71,6,0.48261622904236545,0.11193048098986391
71,7,0.48464562724111393,0.09240133296831415
71,8,0.47912254502341745,0.0941808028786627
71,9,0.5162711979922951,0.05144282829120339
71,10,0.5296024351344771,0.036539599274618806
71,11,0.40517817728571637,0.12680157377386364
71,12,0.3873593860679733,0.11654624403961283
71,13,0.40410329761025154,0.09316454337270602
71,14,0.5247214914795892,-0.00041499183276039187
71,15,0.4483659768156756,0.11938068839845628
71,16,0.4289978471687084,0.16068624124158348
71,17,0.4335185561158164,0.15850941385776707
71,18,0.42981111120273136,0.17060923892798885
71,19,0.44251661261237496,0.11393351672762031
71,20,0.4304350209121057,0.15661387903905966
71,21,0.5208964463737803,0.04271757604510329
71,22,0.5623783003654732,-0.007448028916051341
71,23,0.5491787691600408,-0.008874038443385635
72,0,0.4864192717745684,0.07332986854163137
72,1,0.47456172781465633,0.11278469023127702
72,2,0.45774096444909934,0.1415166210360323
72,3,0.4846702525739324,0.11618850761529709
72,4,0.4894302113510276,0.10171135348520655
72,5,0.475137906564709,0.1165959656379758
72,6,0.48962626870954007,0.10622354965516112
72,7,0.4857619394312082,0.09113932392304669
72,8,0.47394956886678835,0.10066037002520245
72,9,0.5137903825285937,0.05369428586117986
72,10,0.5267342198811777,0.03707227268074553
72,11,0.5092566285422783,0.05745846334811555
72,12,0.38819021343255744,0.11501134487251352
72,13,0.4352942057587565,0.11016735506905095
72,14,0.5347134538152796,-0.013185221906064193
72,15,0.45387915866311074,0.11579431770826809
72,16,0.42959401421535093,0.1625795458072017
72,17,0.43662220104667965,0.1586713012335843
72,18,0.43253339439959476,0.16837082230647127
72,19,0.4438550866880501,0.11131107144063634
72,20,0.4369023492871784,0.14759347114838417
72,21,0.5278770083250561,0.03295347678567673
72,22,0.56127902809672,-0.00597042078733967
72,23,0.5527833768854741,-0.015541471061204626
73,0,0.4830052493562681,0.07607668570885151
73,1,0.4499547401660338,0.1412892448344233
73,2,0.4536563205574087,0.1456080903287545
73,3,0.4970922837958532,0.10342347201833968
73,4,0.49774902568641155,0.09752026054334739
73,5,0.4739315469294585,0.1195309815567146
73,6,0.4791078894818647,0.11853209085143357
73,7,0.4751499543046262,0.10521688411422897
73,8,0.4700322103034734,0.10838543812807755
73,9,0.5039625956365246,0.06601521909051677
73,10,0.5149771233099266,0.051946680396604994
73,11,0.5010597231622342,0.06591060923529751
73,12,0.38758420784705755,0.11582703553687668
73,13,0.4362826164214656,0.11285231439258148
73,14,0.5429275276423644,-0.019682925796712825
73,15,0.4604265148748982,0.11113592109991832
73,16,0.44116609572646204,0.15168991882166027
73,17,0.44229141635789415,0.1550560714307152
73,18,0.43621452811581424,0.1670224434462807
73,19,0.44178817417037225,0.1138461738768819
73,20,0.435911748309281,0.1479685737292764
73,21,0.5197756707899347,0.042408025327976606
73,22,0.5570590272143051,0.0005717105430597114
73,23,0.5448952824375901,-0.00660632235971137
74,0,0.4675052855888803,0.09349825481580287
74,1,0.43911014390686526,0.15330928161240048
74,2,0.4442873051234937,0.15635116368740404
74,3,0.4955804603965412,0.10559191152310121
74,4,0.4973631165677161,0.09696763845976741
74,5,0.4690479271053912,0.12472398662912237
74,6,0.4817979685054641,0.11418753067284759
74,7,0.4741501012443997,0.10628063849533687
74,8,0.43503117749633435,0.099610961102158
74,9,0.49760013659795777,0.07226345597151562
74,10,0.5048437054219724,0.0637946855416116
74,11,0.40235097375619466,0.1281618963304123
74,12,0.38700276479097473,0.11586508593414063
74,13,0.4049007735607149,0.09013764137762775
74,14,0.5488983752454899,-0.027677028510385004
74,15,0.4684287714370905,0.09813329559191486
74,16,0.44471960448626546,0.14314346397340594
74,17,0.44771606432083283,0.14643832194807516
74,18,0.43511094565559244,0.16633745517028709
74,19,0.4451777555533122,0.13511873733508772
74,20,0.44491761858652784,0.12910497793074893
74,21,0.514346814648922,0.04624966232041072
74,22,0.546001241733419,0.011579595789267705
74,23,0.5535527394518395,-0.016019053386330473
75,0,0.46500095023795585,0.09154476254722121
75,1,0.43260097851895934,0.15667709313752592
75,2,0.4433520377463331,0.15187798523263207
75,3,0.49609104549437694,0.09927985186163424
75,4,0.49342185263134486,0.09498827034436841
75,5,0.46592083701795795,0.12455890077046039
75,6,0.47434521081387354,0.11643100052572236
75,7,0.46776214413890366,0.10646014269119836
75,8,0.47095768238307995,0.10656495168869534
75,9,0.5094286041738186,0.06122246134110276
75,10,0.5157529959081983,0.05421581789432661
75,11,0.40233105578966816,0.1271633752368072
75,12,0.3856245311765723,0.11602603969419123
75,13,0.40414704192051343,0.09021092248237444
75,14,0.5602060951912677,-0.043079180993880195
75,15,0.47674180555836576,0.0877586573914213
75,16,0.44958984567398885,0.13677747497308312
75,17,0.4467981685157891,0.1465821674997878
75,18,0.43372994191516007,0.15307816643741956
75,19,0.44344838555377136,0.1373184661146336
75,20,0.46757506079242367,0.09589164408428463
75,21,0.517121460469127,0.03789674713378122
75,22,0.5440030049272,0.012061505964709007
75,23,0.5553383508873897,-0.020328053813732483
76,0,0.47492862391293045,0.0753307601126405
76,1,0.4446968498778323,0.13644328604262063
76,2,0.4487895581361162,0.14029658671254053
76,3,0.49627305272988803,0.09152735601070205
76,4,0.4951571273977725,0.0859299829450908
76,5,0.4629494560438967,0.12443256210858156
76,6,0.4747233864446521,0.11349927330455639
76,7,0.4646807879920041,0.10754567495047218
76,8,0.43725127296030586,0.0961282552974882
76,9,0.5196544116805089,0.049609241825938066
76,10,0.5291692166155928,0.040963816529714925
76,11,0.4028262978151012,0.1260697828546843
76,12,0.38627934295989885,0.11472390691623746
76,13,0.41253317500920506,0.10755730704381433
76,14,0.5578990252890379,-0.04297799201713648
76,15,0.48490626617378635,0.07542753920992629
76,16,0.45169179141373095,0.13504916796968924
76,17,0.4569199330849126,0.1340514687774612
76,18,0.4541935124271881,0.13516849743905712
76,19,0.4426336275093184,0.13752605435278864
76,20,0.4709367393752447,0.0941918375463423
76,21,0.5316263172652876,0.019066606909375006
76,22,0.550157938907666,0.004123217097519061
76,23,0.5560542324023969,-0.019756551024280755
77,0,0.4685172330269686,0.08674836146434894
77,1,0.44626279102583344,0.13806317074577917
77,2,0.45388934844555046,0.13938275148308488
77,3,0.5070090226420267,0.08499225682964828
77,4,0.4909211434472046,0.09332290783142516
77,5,0.453140534244335,0.13526200051789394
77,6,0.46027044272216716,0.1297746051578108
77,7,0.4619213850788304,0.11250483467110123
77,8,0.43715735824375673,0.0954149094017801
77,9,0.5017981262502518,0.07240002633208231
77,10,0.5195824627926641,0.05718704137238728
77,11,0.4017247214954743,0.1264081050163003
77,12,0.38491170613959985,0.11538866544352044
77,13,0.41073271396312316,0.10908637893332668
77,14,0.5525962714117972,-0.033719103461557376
77,15,0.48555911052274076,0.08094658461188009
77,16,0.45018481053410864,0.14108570538945409
77,17,0.45340383162088027,0.14206958767933742
77,18,0.41240836070900894,0.18614497824899623
77,19,0.43844114038389875,0.14328242477251008
77,20,0.45787449600792085,0.11542904664510556
77,21,0.5412481046693491,0.009572992893094434
77,22,0.5617752894627419,-0.0064242981281472655
77,23,0.5525830471906238,-0.014086866780576912
78,0,0.45624597449100013,0.1026717982666131
78,1,0.4437356695858874,0.139795063561942
78,2,0.4504605279504297,0.14120014109797496
78,3,0.5036008833945601,0.08679180715599
78,4,0.49102644932495954,0.0934331977673386
78,5,0.45183052979238186,0.1388036838343918
78,6,0.47100661137685085,0.12269430730330766
78,7,0.4600925595824064,0.11767368393092537
78,8,0.4382024468306571,0.09377485696358884
78,9,0.5031884210576649,0.07161069800162012
78,10,0.5204511226747109,0.05569620065866088
78,11,0.401500375782771,0.12622420787437655
78,12,0.38330806981438686,0.11636689594116684
78,13,0.40681289241720825,0.11178428949701302
78,14,0.5527101612698323,-0.03520014992073728
78,15,0.49514845158409004,0.0669582307635288
78,16,0.46202039546844914,0.12666981151086054
78,17,0.46630756499024945,0.12677486090710233
78,18,0.40709241405539237,0.1964806105855066
78,19,0.4357161780008521,0.1470630395434207
78,20,0.45101948550682297,0.12702919608120855
78,21,0.4881445390987736,0.07936149346088084
78,22,0.5395356261191514,0.024359544720148008
78,23,0.531173052834366,0.016012800226118618
79,0,0.4568206204916224,0.06319128620523812
79,1,0.43771066232860895,0.15014721858935687
79,2,0.44892032677852434,0.14341566567140324
79,3,0.4991125128982921,0.09396871407622598
79,4,0.43792228121537574,0.1559860147255317
79,5,0.4439093821021044,0.14823289795375522
79,6,0.45923776283285495,0.1356359151448201
79,7,0.4478538353598646,0.13257227083780004
79,8,0.43693651267147327,0.09434112037795184
79,9,0.4885426200745206,0.09151232991007235
79,10,0.5115123553720946,0.07091298875950891
79,11,0.39965939642741494,0.12767205185445946
79,12,0.38092290294611475,0.11827531445661993
79,13,0.40657791104543534,0.11073663250897459
79,14,0.5468376117750468,-0.02535603680242149
79,15,0.4875950541260865,0.07591592192686325
79,16,0.4556778664079936,0.13317271125139418
79,17,0.46338833987114014,0.12928187614228204
79,18,0.4079947039618084,0.1968476105898188
79,19,0.43224440460085006,0.15232024900693808
79,20,0.45417952408155765,0.12447284773661593
79,21,0.4890290113454178,0.07780215658312084
79,22,0.4916022015992443,0.06982890084713989
79,23,0.48800831675702266,0.0232421156551601
80,0,0.456175572064962,0.06370621208662158
80,1,0.42932526880164773,0.10797236091581525
80,2,0.4315754195795313,0.160354572844228
80,3,0.48763718424539376,0.10422335681302042
80,4,0.4697999570483146,0.11567745746846925
80,5,0.4281525325392221,0.16041730225256245
80,6,0.4463749874405338,0.14571076648959852
80,7,0.4450717191028447,0.1336542643780655
80,8,0.43693062967436913,0.09379994973618389
80,9,0.4935460307488272,0.0880260344771659
80,10,0.504041837541893,0.07496608991760106
80,11,0.4815904845151258,0.09063422929296383
80,12,0.38038673016459096,0.11822352058679242
80,13,0.40544789745325815,0.11074454932630978
80,14,0.5466249109841239,-0.021667097268227464
80,15,0.48246667843794894,0.08527810061103958
80,16,0.4564263389345464,0.13240589204146747
80,17,0.4673372029096884,0.12386263083490168
80,18,0.40615446900882685,0.19969184095353465
80,19,0.430480540643824,0.1551890510450683
80,20,0.4507093715432564,0.12843554176291994
80,21,0.48435887797073585,0.08334730211782881
80,22,0.49030559445607874,0.07190461111515956
80,23,0.4849594256319087,0.026239057454466752
81,0,0.4541598337678791,0.06556425619571771
81,1,0.4288547258631545,0.10826120488154567
81,2,0.42889000748547274,0.16102630055634004
81,3,0.4905411694025236,0.0963203914099654
81,4,0.474726534900814,0.11024720427271656
81,5,0.43613224218677676,0.14969930599726838
81,6,0.4574210141070374,0.13156825298460523
81,7,0.4579859556050938,0.11772318812839377
81,8,0.4379126676204633,0.0922885364060192
81,9,0.4849969154758665,0.09556826229337045
81,10,0.496337600297843,0.08120999318368405
81,11,0.4765103615341995,0.09412546539491168
81,12,0.38029103908463885,0.11789266766266515
81,13,0.45789790091187915,0.07343765217242021
81,14,0.5508075086825232,-0.0296296934617164
81,15,0.4872770487841492,0.073695838865245
81,16,0.4621591648793813,0.12028552847018359
81,17,0.47462334549647583,0.1109416916053877
81,18,0.40587925747683123,0.20102181054939272
81,19,0.4274342449974631,0.15886198139362806
81,20,0.45317530467940254,0.1263465699162285
81,21,0.48452241786465183,0.08372401389546813
81,22,0.49110968975678904,0.07308234279981451
81,23,0.48198037592613296,0.029186993330942768
82,0,0.4527161109755621,0.06682422966557722
82,1,0.4535825109798315,0.13505680369137718
82,2,0.4415176413878529,0.14587700338560844
82,3,0.5002639911272946,0.08582086862731031
82,4,0.48143322983908193,0.10194591639419631
82,5,0.4407354980872592,0.1425541231944682
82,6,0.45711607382220965,0.12804527776947194
82,7,0.43061742177053236,0.10152348831232583
82,8,0.438132697497551,0.09161273607654935
82,9,0.48495069414813485,0.09354762811956907
82,10,0.5015106766019578,0.07608156727846288
82,11,0.4781757549167901,0.09133211166371002
82,12,0.3805968968506475,0.11652790389418949
82,13,0.40575742803457815,0.10773195439981831
82,14,0.5469577298976768,-0.028976696720015904
82,15,0.4870117787935419,0.07059482850673349
82,16,0.4567546161784004,0.12450326211851648
82,17,0.46623159318294044,0.1188313002881961
82,18,0.4099519278846431,0.19522558583695926
82,19,0.42549062976239116,0.16112976623590336
82,20,0.45654547507074,0.1213053571823488
82,21,0.5173040659140615,0.048847328204734586
82,22,0.48691398959960075,0.0785857091468869
82,23,0.5010442626273142,0.026442889540276626
83,0,0.45221791609195394,0.06688583370372692
83,1,0.42796005270124315,0.10834255386152447
83,2,0.42792330605786,0.16465360766228826
83,3,0.4861621689512293,0.10298061972906292
83,4,0.4678066693272781,0.11723178372426107
83,5,0.437446430943585,0.14565910392138287
83,6,0.4532465440510061,0.13018882331986742
83,7,0.43058262974222805,0.10109373940457322
83,8,0.43724665226745635,0.0920591877309106
83,9,0.4773091216623468,0.0944622669200354
83,10,0.5013026337729202,0.06957233764689746
83,11,0.47155362968700193,0.09221645664941774
83,12,0.3803356204685592,0.11609646926072664
83,13,0.46147642312746867,0.061168515965516534
83,14,0.5364345596552731,-0.016351091810647644
83,15,0.47522126883762983,0.08610154611724585
83,16,0.4374167159561838,0.14909653301692194
83,17,0.44932685653447874,0.13889980490324216
83,18,0.4026999204197276,0.2064833088637411
83,19,0.426287059565535,0.15902494878849938
83,20,0.45003143256785283,0.13105731117796482
83,21,0.4917569007313662,0.07510982026321222
83,22,0.48863364139476684,0.07803922338255698
83,23,0.5004806954250247,0.02686828591274215
84,0,0.45120385877872865,0.06765581573383905
84,1,0.42691699316210935,0.10923808518110595
84,2,0.4442340163452028,0.14425878010840804
84,3,0.49717037835442157,0.08914672809372981
84,4,0.48066331368312715,0.10249570327685847
84,5,0.44985460108190145,0.13184377406694187
84,6,0.45301115612661635,0.127505462074393
84,7,0.4301054349597457,0.10117390375785662
84,8,0.4371609468187444,0.09162556154627877
84,9,0.4467725015994966,0.08099590825663239
84,10,0.4940469709878641,0.07650185174952612
84,11,0.46540326217300154,0.09567123073091321
84,12,0.3801392919837728,0.11546690029496054
84,13,0.4610111812045113,0.0579873493019985
84,14,0.5308558116632256,-0.010548293370351236
84,15,0.47325757962279236,0.08952256820604931
84,16,0.4403683763030377,0.14632257152332284
84,17,0.45018454932470425,0.14088574649102104
84,18,0.3992539016636483,0.21183201901824755
84,19,0.42679051866768636,0.15840498568380978
84,20,0.44398193760076843,0.14091854550502103
84,21,0.49062208845752037,0.07889625001427025
84,22,0.49551416027072936,0.07156293390171309
84,23,0.49152848113181036,0.06053245172214916
85,0,0.44906645330321504,0.06947140730133866
85,1,0.4261936819670194,0.10953812150355535
85,2,0.4399869945974,0.14455271544717757
85,3,0.49600366528670176,0.08496849534584583
85,4,0.47453174881046234,0.10444345586609333
85,5,0.44391355754172424,0.1360062435214694
85,6,0.43210535848256315,0.147706638573806
85,7,0.42987856818247944,0.1007936440335932
85,8,0.43702871721270936,0.09109034752146039
85,9,0.4470345716054318,0.08013187439732294
85,10,0.45946517030543843,0.06972072073927593
85,11,0.3977671742006416,0.1261712418230535
85,12,0.3797114092631682,0.11555628541651947
85,13,0.40924402293945844,0.10004129952990598
85,14,0.5100682601074251,0.009526236205157024
85,15,0.45086386050375865,0.11561516694724339
85,16,0.3941449479957321,0.1987803734563809
85,17,0.39322485484255737,0.2122431138199028
85,18,0.3918377322016698,0.22244467979085403
85,19,0.4376088799258799,0.1126917889036202
85,20,0.43925897768383926,0.14845967439515928
85,21,0.48633711558730197,0.08603198443162263
85,22,0.4904007731787794,0.07840793656430556
85,23,0.49358085179914446,0.058546145880893685
86,0,0.4481992242360971,0.07048639836366916
86,1,0.42492770002369024,0.11099419503513458
86,2,0.4440929600644838,0.10028439242269976
86,3,0.5006154107363529,0.08515217104350392
86,4,0.44732735266586554,0.0980921845833524
86,5,0.4417078722436703,0.1010484208474578
86,6,0.39883819100976586,0.19278755529445712
86,7,0.4296640314613615,0.1009376126290123
86,8,0.43695600490431263,0.09108537826858748
86,9,0.44702426491348357,0.07999864654019456
86,10,0.45941436139005504,0.06979266361036846
86,11,0.3970568577278186,0.12697192802334523
86,12,0.3788782703680886,0.11610014485410869
86,13,0.407011888255727,0.09922534201198807
86,14,0.48901070295683857,0.03518537410650069
86,15,0.4421173746167736,0.12753615550364394
86,16,0.39516618711411455,0.1969927456357609
86,17,0.39388927354017317,0.21044470247668268
86,18,0.39320435724474123,0.2206511184050306
86,19,0.42644944416128394,0.1687901512600387
86,20,0.44283739719188003,0.14414951121416109
86,21,0.49025697797306167,0.08246576853670695
86,22,0.497233846446689,0.07066733862080365
86,23,0.5021312641785517,0.047951447783790124
87,0,0.44869953261283774,0.06978095364884535
87,1,0.4250786333203766,0.11070335288095523
87,2,0.4444953853722984,0.09968080658541145
87,3,0.45456322430265167,0.09126886439540616
87,4,0.44742628670927814,0.09779448088319403
87,5,0.44159818193464334,0.10092946891365945
87,6,0.4026552682959514,0.188692002384522
87,7,0.42886328910927407,0.10144050210882666
87,8,0.43740406693129774,0.09018848972780402
87,9,0.4477589461639141,0.0788497019420305
87,10,0.4596110068317574,0.06938697525993082
87,11,0.39649681869978787,0.12722059656368329
87,12,0.3777190341462235,0.11696295603163165
87,13,0.4050940332094852,0.09867980870090898
87,14,0.47939008612773765,0.04539724693334746
87,15,0.43783538859804216,0.12977747559825292
87,16,0.42020267992210514,0.16812777803189793
87,17,0.4363353199664299,0.15405113610055665
87,18,0.45810835422562657,0.12858513076525513
87,19,0.4155008064351431,0.1862852873932196
87,20,0.4363270870068047,0.15383758214916887
87,21,0.4845083225467319,0.08961206651030729
87,22,0.4922833358788769,0.07672846375286257
87,23,0.498068003396135,0.05167404770074313
88,0,0.448041301866425,0.07030517882296328
88,1,0.4242628676809254,0.11145490966626276
88,2,0.44422317404304157,0.09971809527268483
88,3,0.4537849018456768,0.09173106989849172
88,4,0.44717682333421593,0.09746196436107041
88,5,0.4408635838149599,0.1013238549541075
88,6,0.39867871210237493,0.193327974719381
88,7,0.4283474321638578,0.10161355495076041
88,8,0.43777064437879,0.08944431138785214
88,9,0.4482811001244466,0.07781850749434965
88,10,0.4598300070604217,0.06863891961468849
88,11,0.3965196471431157,0.12682364044661726
88,12,0.37688628614690173,0.11692250835963425
88,13,0.4043705655380248,0.09822357412476945
88,14,0.4824410992492533,0.04170683402097397
88,15,0.44304568348753953,0.12180655770742621
88,16,0.42527622290949846,0.1592242572298117
88,17,0.43787599357752666,0.15284088428960607
88,18,0.4594005561278068,0.1308313312311432
88,19,0.4127505332685591,0.19129680127405946
88,20,0.43343725643875314,0.1590112000103865
88,21,0.48170991580555117,0.09406961195161168
88,22,0.4907382946330412,0.08021928858283278
88,23,0.4986967487735395,0.05198726652153307
89,0,0.4480751540329252,0.06991165678737349
89,1,0.4237306688806806,0.11165901917168097
89,2,0.4438848605713079,0.09964281117620016
89,3,0.4535762780998434,0.0915140741438088
89,4,0.44649603617039485,0.09793501716920633
89,5,0.4401927698933987,0.10193758742156245
89,6,0.4447784455123184,0.09984699221892285
89,7,0.42738873145679834,0.10246364787219375
89,8,0.4371409960825892,0.08999060608060111
89,9,0.44754016730535856,0.07829442273590975
89,10,0.45769390763135626,0.07019019867797266
89,11,0.3948737964235558,0.12781345779188324
89,12,0.3750366172777939,0.11816679149195786
89,13,0.4068979027596613,0.11374934745449694
89,14,0.4624058547286809,0.0749615621553752
89,15,0.43356249934187713,0.14070813410694694
89,16,0.4070744919505371,0.18949681424764475
89,17,0.40643146542310193,0.1959600057371832
89,18,0.4029123689523124,0.20500383607446593
89,19,0.4096436213547294,0.19659711881138298
89,20,0.4403159362718482,0.1499636353777709
89,21,0.4833590559272893,0.09215093034623745
89,22,0.4883424009327702,0.08333458783525871
89,23,0.5016035352896908,0.04995745721236822
90,0,0.44693801602944205,0.0712053937520577
90,1,0.42240167797469386,0.11316600622882889
90,2,0.41734452274455125,0.16005175571343094
90,3,0.45449044893323504,0.09045041850377827
90,4,0.44772027554933086,0.09651098189901497
90,5,0.4411346981152339,0.1008182726716283
90,6,0.3826592015605303,0.21704771435235798
90,7,0.42821334258591803,0.101567381886144
90,8,0.4381511489375305,0.08875430032002823
90,9,0.4480710977945799,0.07760639724680612
90,10,0.4593624723004371,0.06817472215154391
90,11,0.3961637473939504,0.12610976612345776
90,12,0.3752053423829809,0.11746162426770451
90,13,0.40860514479577553,0.1116984201910784
90,14,0.46864582490769713,0.07085335800008663
90,15,0.4350287604674471,0.14362911868628137
90,16,0.40763175066678287,0.19007501224275447
90,17,0.40118710931155566,0.2024284769325284
90,18,0.3998837663007542,0.2090504742052831
90,19,0.4089129849950967,0.19795002697542352
90,20,0.4823753441258855,0.08884229650078157
90,21,0.4832718565404004,0.09304291467959991
90,22,0.48925424156081726,0.08398498410430921
90,23,0.5221212146700416,0.015787227791668745
91,0,0.4474417799950535,0.07023522179372432
91,1,0.42308831447335293,0.11171459835279046
91,2,0.4148850722808439,0.16306660930790062
91,3,0.4552343166654658,0.08919470334148022
91,4,0.44880584237410803,0.09474476452827707
91,5,0.4419885743169924,0.09930302959703818
91,6,0.44674240104702495,0.0970993202615047
91,7,0.4292994371539279,0.09992158361710263
91,8,0.4388039314161024,0.08773524630195995
91,9,0.448690685118857,0.07638308789320042
91,10,0.460201035308555,0.06688330653332691
91,11,0.3956686232913069,0.12632147813242484
91,12,0.37504016620795755,0.11714639216018391
91,13,0.40910183099145797,0.11237168284502719
91,14,0.45977879568110996,0.07883027467627113
91,15,0.41367812839193785,0.16237435980481119
91,16,0.3937502293506969,0.2004937883881437
91,17,0.40030663623399015,0.2048074662034759
91,18,0.3965068104555359,0.21496694050402243
91,19,0.4091339198782119,0.198724029510025
91,20,0.42989391339845456,0.16009479382032843
91,21,0.47720615940996264,0.09997942541388993
91,22,0.4829714972180599,0.09127012575370363
91,23,0.5012442692995391,0.05147818186317166
92,0,0.4456964715413033,0.07223864196194502
92,1,0.4214797503509639,0.1134390831392732
92,2,0.41317211051152525,0.16480468739902404
92,3,0.45295613085293546,0.09120132473525455
92,4,0.4479310988956992,0.09514210241866572
92,5,0.44199658619742416,0.0986113345610774
92,6,0.4454894919486337,0.09760866463405682
92,7,0.4288017265063984,0.10013988908402055
92,8,0.43779398486485954,0.08847768352107305
92,9,0.4482124320068593,0.07663020887513072
92,10,0.4590849345012543,0.06800614492286461
92,11,0.3944617752596587,0.12698477081891324
92,12,0.3734538590172875,0.11820947319882308
92,13,0.4066717384184721,0.11322064845497176
92,14,0.45269270796138883,0.08815777401548974
92,15,0.40794891590093435,0.1724761904001827
92,16,0.38554749739047733,0.2121941262570452
92,17,0.3904653956677506,0.21859575198134956
92,18,0.38967171022593483,0.22574962842053997
92,19,0.39979525032476904,0.21326725810099423
92,20,0.42234336397252015,0.17214297314926208
92,21,0.4806582930664194,0.09675528671919975
92,22,0.4868683848116679,0.08680448929256313
92,23,0.5040943930359392,0.047271346647763335
93,0,0.4447467390317117,0.07274655815746944
93,1,0.4227990679913482,0.11169953665236743
93,2,0.4069974866607764,0.17307484130365658
93,3,0.4102306890960217,0.17479837214358018
93,4,0.3893912196575984,0.19702444787007706
93,5,0.3547081813554423,0.23674768814776365
93,6,0.38978191330815193,0.19509147923185005
93,7,0.4292245257892188,0.09877948340381704
93,8,0.4375237402570432,0.08785809962314978
93,9,0.4096995889937833,0.15601024012217662
93,10,0.45880385745312696,0.06804466225570155
93,11,0.3941936479393346,0.12653935744121658
93,12,0.37381748044404983,0.11681161542897489
93,13,0.40609676562177094,0.11552587293227806
93,14,0.45133368116425837,0.0890554169798019
93,15,0.3986175609749541,0.18197548003691344
93,16,0.38408816904529003,0.21633506678324305
93,17,0.386614577526515,0.22516030797366005
93,18,0.3864304643900286,0.231638921788081
93,19,0.3938070906779983,0.22309773419432366
93,20,0.41620682121358116,0.1824084579579588
93,21,0.46535436922999385,0.1097502799425849
93,22,0.4753961891890413,0.0881747248736674
93,23,0.5055338884924409,0.046604420493828735
94,0,0.4536986785935578,0.09330718753034456
94,1,0.4215390695130585,0.11216332521644817
94,2,0.4076148420680343,0.1727644977164795
94,3,0.41107509627923755,0.17436132406166016
94,4,0.3883645479534002,0.19793220702628633
94,5,0.3450859240286206,0.24847642308428536
94,6,0.3917301811524666,0.19346148400345553
94,7,0.4316241819319429,0.09585209535805417
94,8,0.4394989641990241,0.08588373811214361
94,9,0.4105304549155514,0.1545840509761468
94,10,0.4625940682193297,0.06417989079895886
94,11,0.39593421610673063,0.12448989834155605
94,12,0.375147177396582,0.1149459189788336
94,13,0.4056539518900234,0.11394006392747419
94,14,0.4298479529591993,0.11603997706010011
94,15,0.40044714634176864,0.1794668185270475
94,16,0.3873632590712367,0.21269863086988766
94,17,0.38580592765680566,0.22551298000049658
94,18,0.3867462370460527,0.2311367107139351
94,19,0.39407268725238875,0.22143073147053183
94,20,0.41776210760074634,0.17876609513954422
94,21,0.4683626043658176,0.10406491573539434
94,22,0.4760054733297618,0.08636303084537966
94,23,0.4974622897003149,0.04417039161892855
95,0,0.445795142447155,0.07075785447801564
95,1,0.4203618151983514,0.11407067725151948
95,2,0.408563265104008,0.16982124985383207
95,3,0.4145347290897544,0.16906859068173719
95,4,0.3922548661781716,0.19185089858353865
95,5,0.38722489931279824,0.19693387874520146
95,6,0.39112986425005325,0.19357686148901893
95,7,0.4330365284770525,0.094758821749785
95,8,0.4406134124479782,0.08485551798805446
95,9,0.40830682419820186,0.15592635391827536
95,10,0.4626869350818762,0.06407996838191177
95,11,0.39382248302019096,0.1266825042383959
95,12,0.3743393559772829,0.11618833783558258
95,13,0.40376018761730453,0.11446761470752637
95,14,0.42737594439851373,0.11814116755044335
95,15,0.3964361610457056,0.18342216449242832
95,16,0.3828558444033694,0.2173884063893693
95,17,0.38251339346729457,0.2287635141518663
95,18,0.38495531639053343,0.23244373547564318
95,19,0.3909784783598037,0.2247473392829491
95,20,0.41488906356829536,0.18119372030247305
95,21,0.4648086302517124,0.10739069035103066
95,22,0.47300968088741174,0.08921832967224297
95,23,0.493075266555623,0.04807929715691528
96,0,0.44053319462623536,0.076387656469381
96,1,0.4132867033753652,0.12135276290665298
96,2,0.43461514115086936,0.10782599731524783
96,3,0.4056045691094162,0.17836738911203626
96,4,0.3868165728114043,0.19702937398559844
96,5,0.43981875811907356,0.09898626223083917
96,6,0.446201661631409,0.09544296971186578
96,7,0.43331283921643987,0.09452189243117576
96,8,0.4398993954492785,0.08603759562222885
96,9,0.452234553184144,0.07288045620169492
96,10,0.46479414654160633,0.06289876703488917
96,11,0.39193870796286373,0.1292571673726992
96,12,0.37312308056833593,0.11841970206166175
96,13,0.4031936681213637,0.1142690089060393
96,14,0.42592186429238243,0.12024593605354233
96,15,0.3965322972756176,0.18320477445990985
96,16,0.38064897154453065,0.22047440572004745
96,17,0.3805875555934188,0.23162537474382788
96,18,0.3821204063107488,0.23673234730603654
96,19,0.39121315161406517,0.22495975077903962
96,20,0.41565021789922013,0.18054570943015114
96,21,0.4659050594449616,0.10631269754083583
96,22,0.4767553050896572,0.08591437923506906
96,23,0.47590955828778775,0.07977635841396014
97,0,0.4360535521210118,0.08134398002038423
97,1,0.4095424503370416,0.1253331662251882
97,2,0.43176861545259776,0.1110157099647211
97,3,0.4465447339158554,0.09783042236329453
97,4,0.3833466486422584,0.2013180110594357
97,5,0.4370662166751518,0.10115409930028157
97,6,0.4446465466088258,0.09679204444878009
97,7,0.43232870936948437,0.09476515874808872
97,8,0.43812517249724486,0.08756611601279513
97,9,0.45085861503022956,0.07420111225529186
97,10,0.4634690876141386,0.06360362027518585
97,11,0.3891165455131284,0.13111919675097145
97,12,0.3691906363479609,0.12126310354669612
97,13,0.4129348511667425,0.10231235436571529
97,14,0.4308771660895948,0.11432999289707146
97,15,0.3979846144892273,0.1810084374110053
97,16,0.3834539436498022,0.21599504911794337
97,17,0.378193010214179,0.23362949200419564
97,18,0.387564797910139,0.22946993746212957
97,19,0.3935952273680374,0.22211282049684433
97,20,0.4177148080768631,0.17710768693648649
97,21,0.47258926156255976,0.10893868507146365
97,22,0.4761342159103667,0.08683662910041356
97,23,0.49102448306302515,0.05135922656206249
98,0,0.4336167843155759,0.08292326137874445
98,1,0.41009409570025146,0.12378559006814838
98,2,0.43195087458673814,0.10993303642645558
98,3,0.44349763004796305,0.09984820847180831
98,4,0.4363125383243501,0.10413299004326709
98,5,0.43402648060126614,0.10302107116226888
98,6,0.44089831242637245,0.09964193915909997
98,7,0.42900427733544005,0.09744396545448486
98,8,0.43583609948266444,0.0891245467665644
98,9,0.4495861703358213,0.07454247699756522
98,10,0.46060865448010535,0.06532570403059329
98,11,0.3854915973727706,0.1332586427238603
98,12,0.36675155202680637,0.12242435038651767
98,13,0.41699133802602506,0.09535279379896022
98,14,0.4319976546564125,0.11176251815766841
98,15,0.3939478720685552,0.18550568699615871
98,16,0.37987515856131276,0.220531382172873
98,17,0.3789740407930094,0.2323508298072397
98,18,0.3878584981662559,0.22946791078929574
98,19,0.3945312135740518,0.2208241060224735
98,20,0.41709404615044077,0.17741188598581026
98,21,0.4760406615397275,0.10471423026725679
98,22,0.4751781031984655,0.08756775134755912
98,23,0.4523484921149353,0.10417843096285462
99,0,0.43034719289369383,0.08562156575769758
99,1,0.40778950073700876,0.1253785102885524
99,2,0.42996926044217354,0.11126027478171235
99,3,0.4417314691808555,0.10075982747063233
99,4,0.4344065300647544,0.10513693655683981
99,5,0.43233664348771433,0.1034610498107984
99,6,0.4395066609628783,0.09954336665839542
99,7,0.42856732838546463,0.09682709451471677
99,8,0.4350695104417209,0.08830077599523473
99,9,0.449943551862188,0.0732485890769835
99,10,0.4613648696398048,0.06371362992592888
99,11,0.3839365507974756,0.13343429662051487
99,12,0.3662235542274244,0.12182024924394597
99,13,0.4195091465350243,0.09079232025964823
99,14,0.43286483953881816,0.1091889131236542
99,15,0.3923629115593767,0.18701489999400178
99,16,0.3811434273635399,0.21767925676863653
99,17,0.3803412657442133,0.22947654976249027
99,18,0.3900344858416264,0.22523191022479033
99,19,0.3963019235232677,0.21699719337699275
99,20,0.4202403505699321,0.1725816997349473
99,21,0.4799096118970948,0.10066639622812701
99,22,0.4844081678935299,0.07617048149915284
99,23,0.45297162987581086,0.1063213981245068
100,0,0.4284754995585877,0.08692389299805686
100,1,0.40753469593056213,0.12511487323962073
100,2,0.4293416255207373,0.11088076923354423
100,3,0.4429469645487916,0.09918900610043468
100,4,0.43583175362403104,0.10345126747678296
100,5,0.4309273963122915,0.10452251281211078
100,6,0.4395382284565178,0.09879423044809255
100,7,0.4297236079151522,0.0952325631700735
100,8,0.4353409476401523,0.08785753740985253
100,9,0.4510840729874173,0.07239286630574987
100,10,0.4604842064598815,0.06468688115856214
100,11,0.38297680243915794,0.13419191037803813
100,12,0.3657416285353284,0.12195538839292874
100,13,0.422435785079803,0.08602066357924626
100,14,0.43298733650938115,0.10903723590742626
100,15,0.3879028552520117,0.19229510409429101
100,16,0.376538396649313,0.22266424401581786
100,17,0.37534433904262804,0.2343962605872849
100,18,0.381850446783346,0.23435690292712524
100,19,0.39110896047376276,0.22283175306742276
100,20,0.4349629315539691,0.16252997908098676
100,21,0.4870853454353411,0.09118501304040372
100,22,0.48136853810264135,0.07863715901199175
100,23,0.5167544823292629,0.035985302292225296
101,0,0.4280225684163873,0.08734489590145933
101,1,0.4079270164303814,0.12469811840681666
101,2,0.4284286490697184,0.11132231897135103
101,3,0.44149778406104945,0.10005140496623954
101,4,0.4339876107151855,0.10467135082388945
101,5,0.43035372060299526,0.10451868277984222
101,6,0.43939763218374295,0.09853218491231575
101,7,0.4301775843129736,0.09452494219536195
101,8,0.43582855924613073,0.08713963506548122
101,9,0.40635629210713087,0.1512296743856682
101,10,0.4327436711961042,0.127900701080634
101,11,0.38189199986487843,0.1342974370980709
101,12,0.3646367423785827,0.12179961675437367
101,13,0.4251272602822576,0.07946096354616111
101,14,0.4335999568780794,0.10599863813134647
101,15,0.3868828771290486,0.19181108695461785
101,16,0.37307850721325037,0.22648686719518274
101,17,0.3715233498572046,0.23858981231027176
101,18,0.3822462105028548,0.2332676414923327
101,19,0.38958303364473024,0.22356381439767736
101,20,0.4159933028301702,0.17731747415974242
101,21,0.463020349503938,0.1079879737357281
101,22,0.48246199886842084,0.07799640701409072
101,23,0.49786899787557704,0.04021406639599301
102,0,0.426487571813581,0.08846207606593892
102,1,0.4058776595633156,0.1264809697663356
102,2,0.4036762197082861,0.14775027396132984
102,3,0.44118728361273146,0.1000778840213215
102,4,0.4025893050582584,0.15219592757592248
102,5,0.430767946710707,0.10418388911580728
102,6,0.38691098859528805,0.19093256210111587
102,7,0.4316012439123886,0.09260535941163989
102,8,0.43517531752564403,0.08694635663696915
102,9,0.4034690953006,0.15253401518443488
102,10,0.428448166706731,0.13053805249545475
102,11,0.3814284236849239,0.13430304046961972
102,12,0.36445324146264524,0.12112224025974844
102,13,0.42304960219696647,0.0783504712431331
102,14,0.43298523317779564,0.10342609408624698
102,15,0.38488585345384224,0.19258619948798328
102,16,0.36982957842615094,0.22951508929885817
102,17,0.36847069643920904,0.24231011849839645
102,18,0.3787714951226312,0.23679987984802925
102,19,0.3972210110644969,0.22663731036541845
102,20,0.4547008368494675,0.1331834908944427
102,21,0.47188431052876406,0.1097728189851982
102,22,0.47928894594485283,0.08084129310681865
102,23,0.4943434354491332,0.04274710910383828
103,0,0.42861072872547057,0.08563673113687253
103,1,0.4064533512775587,0.12542197890547324
103,2,0.40161223966984694,0.1498249333654541
103,3,0.44110726007597195,0.09978303753650875
103,4,0.4334077387768174,0.10444345823153078
103,5,0.428637797053149,0.10594923480825608
103,6,0.4050060840186062,0.1508902406560273
103,7,0.43035510551548567,0.09386439755945647
103,8,0.43574874993605195,0.08636743332804891
103,9,0.39967781551136594,0.15513004960978033
103,10,0.42434957839092485,0.13348350958550365
103,11,0.38129841480705573,0.13460489986738183
103,12,0.3642116161559848,0.12100544681282155
103,13,0.4205583184616926,0.07905347255290746
103,14,0.4299907263456141,0.1060679551112434
103,15,0.38162363654375014,0.19579290223792395
103,16,0.3680333611556257,0.23016737998026893
103,17,0.3669031832204978,0.24306888872415894
103,18,0.37556950866300154,0.24005497499415773
103,19,0.3981382372766414,0.22565205867285854
103,20,0.43896302743785903,0.16023558075636168
103,21,0.4544128579786136,0.11583436961859028
103,22,0.47434053069090676,0.08447875400680493
103,23,0.5166711470783824,0.032942327525130044
104,0,0.42731045709327053,0.08745865028283922
104,1,0.4050593886366604,0.12700370697551655
104,2,0.40084595062818756,0.15098552235073298
104,3,0.4412334914077911,0.09925113413469278
104,4,0.43515894871591015,0.1026691862022236
104,5,0.42921381741757497,0.10525611978548771
104,6,0.4051160194402832,0.15076823716258436
104,7,0.4297114964314356,0.09462428029307673
104,8,0.4348032351874614,0.08692727168205838
104,9,0.4549004367392447,0.06707795675524764
104,10,0.42740069149628224,0.12850245261587884
104,11,0.3798857080070299,0.1356696575814832
104,12,0.3639519223697985,0.1207988032210619
104,13,0.4071327100238328,0.09685277126342301
104,14,0.4265576146763602,0.10787495539530256
104,15,0.3818584672340645,0.19333835142273031
104,16,0.36804583814988245,0.22739104006497285
104,17,0.36790124763343307,0.23944001130215353
104,18,0.37497140444284144,0.23882941219306908
104,19,0.3947462388198318,0.23177108743639763
104,20,0.42493095390350044,0.1788070252336601
104,21,0.47577741956632047,0.10443689669512235
104,22,0.4725280476575697,0.0852738913168396
104,23,0.5125351877204789,0.03878824050876817
105,0,0.4258321733365628,0.08903679050104352
105,1,0.4034958475452108,0.12810671468066753
105,2,0.4038631374996504,0.14770172552617178
105,3,0.43933959168869274,0.10055441388194408
105,4,0.4025459043514005,0.15219829009099828
105,5,0.4283400653865277,0.10473389934579586
105,6,0.40398333382327145,0.15032920884383705
105,7,0.42888113345105605,0.09401139142303522
105,8,0.4338321024565641,0.08657776236125625
105,9,0.4536998107987075,0.06716714632645093
105,10,0.43352686104772953,0.12101557063580165
105,11,0.37744634116720477,0.13700008714074513
105,12,0.3205894563841542,0.1951973441920722
105,13,0.40675576860592133,0.09848890935786314
105,14,0.41075393111812725,0.14311036758230927
105,15,0.3723417279390901,0.22430769729146427
105,16,0.36991568269036385,0.2228911145144557
105,17,0.39714838734697117,0.17700701603170155
105,18,0.378467816645409,0.2511260585884847
105,19,0.39004116935709465,0.2380748078031656
105,20,0.41942528477951563,0.18692108764535942
105,21,0.471251539508763,0.10922592091342309
105,22,0.47209718818523827,0.10102449836397165
105,23,0.5060026845029487,0.041744439322834226
106,0,0.42298721014658025,0.09109069006793968
106,1,0.4006407882343019,0.12991420445397872
106,2,0.40421432887894293,0.1464961697229789
106,3,0.4359333104772965,0.10339101909780402
106,4,0.43172445125276804,0.10447489415637856
106,5,0.39855136836975347,0.1544882504475294
106,6,0.40510354353732203,0.1489110936525263
106,7,0.42655781652386393,0.09484184096009796
106,8,0.43240870258559255,0.0862832615938191
106,9,0.45128662977292444,0.06793982758687306
106,10,0.4407669564087649,0.09879331947632264
106,11,0.3767099119504587,0.13679730268666213
106,12,0.3603619355527834,0.12096558497406074
106,13,0.4068018846868613,0.09713789889920976
106,14,0.4133333068712377,0.139877647957051
106,15,0.37779780081280806,0.21648067444999514
106,16,0.38739497682772844,0.1773833640501628
106,17,0.3946762191349561,0.1810197784110112
106,18,0.37884336576802846,0.24881986103996157
106,19,0.39076217157488097,0.23524375926973606
106,20,0.421667764724223,0.19590568837348843
106,21,0.43622088126543,0.16347476147070805
106,22,0.4285973548244846,0.1622941087513391
106,23,0.4982659058895369,0.0487658326475362
107,0,0.4230873452691924,0.09009502202051906
107,1,0.39526529380980624,0.1472609500741084
107,2,0.40395341151958614,0.14676868599939463
107,3,0.40896625072948334,0.14635963412766978
107,4,0.43158329750678276,0.10514554667985715
107,5,0.40033807644447056,0.15210665759797176
107,6,0.4330995879978006,0.101558432813527
107,7,0.42743446989413436,0.09416261253272729
107,8,0.43211168643523784,0.08687894282386155
107,9,0.44987320204443393,0.06927873912284843
107,10,0.45895323860077786,0.06322059272946823
107,11,0.3764191926897727,0.1376202826143758
107,12,0.35968514661988754,0.12194849403158114
107,13,0.4022616345899684,0.10232406783780168
107,14,0.40457669179383776,0.15117464946173464
107,15,0.37398053159269207,0.22119128299648838
107,16,0.3830815432619516,0.18241343182691155
107,17,0.38848778610706275,0.18878508803172372
107,18,0.3750775917457555,0.2538283524815795
107,19,0.38497532679701857,0.242480267701062
107,20,0.4213851945339109,0.19669502404550743
107,21,0.4351387526775622,0.16383270226280766
107,22,0.4241699757823948,0.16596424137072874
107,23,0.4919327592242618,0.05559002047391448
108,0,0.4455354334587632,0.07580157664605713
108,1,0.39095739697708864,0.1520567123748437
108,2,0.4014155394593007,0.14939233888066772
108,3,0.4036928199314582,0.1507656292010668
108,4,0.40065547390446493,0.15230214598355307
108,5,0.3988605339042468,0.15288890547906508
108,6,0.4315279729992331,0.10232789265665632
108,7,0.4224276358496678,0.0976353738784117
108,8,0.4286555617303492,0.08925207059869844
108,9,0.4273724295847966,0.10692303387210261
108,10,0.45502073321878894,0.06584674018569608
108,11,0.37148608593707505,0.1407551761086795
108,12,0.3556416893463749,0.12450712101280526
108,13,0.3822068806228116,0.10870226846511005
108,14,0.3977955200452361,0.15811679993199268
108,15,0.36712629473067154,0.2293225265685097
108,16,0.385315691408106,0.18086779376475226
108,17,0.3885432372231977,0.1895672451190219
108,18,0.3659141579342746,0.2649974079773258
108,19,0.3559767606730683,0.2821768381777225
108,20,0.40870114149321957,0.2115044772473993
108,21,0.4529803183297206,0.12953867682912223
108,22,0.44489363106571445,0.13096914598599307
108,23,0.48193344958627476,0.06499043699634899
109,0,0.4447797011689858,0.10106715627769514
109,1,0.38933669453713243,0.15353295053081378
109,2,0.4008883263288862,0.15002943930506957
109,3,0.40201794510990374,0.15269329937706883
109,4,0.39725506820216966,0.1554967257781233
109,5,0.396163969023203,0.1548715699363103
109,6,0.43229835974386177,0.10201679553125292
109,7,0.42224830057569157,0.09829354979560828
109,8,0.4289419876107257,0.08898436591611703
109,9,0.4252986818446927,0.10805851042497888
109,10,0.4546639176698386,0.06596904998553738
109,11,0.37009720592877227,0.14175056436273226
109,12,0.354506948274391,0.12490319428688446
109,13,0.38221972910214447,0.1053267374555889
109,14,0.3947662658347852,0.15965338644192517
109,15,0.39503384879664905,0.15176797030119132
109,16,0.3876636585078158,0.17726717988009832
109,17,0.38848897643170727,0.1879307944673816
109,18,0.3597957242992665,0.27100283804119596
109,19,0.36600971164377794,0.2639332436019872
109,20,0.4073906136319091,0.20850773686044133
109,21,0.4485578569625045,0.13229366930575437
109,22,0.4428897856611012,0.13077688599877546
109,23,0.48021149394542406,0.06485241883531878
110,0,0.4337624893346007,0.08715141325697368
110,1,0.3866502790355874,0.1552496563405773
110,2,0.39973791552839627,0.15033177245739066
110,3,0.40301937176267744,0.1505359411477844
110,4,0.39918899498360916,0.15209921242822588
110,5,0.39735211466103465,0.1527406459823637
110,6,0.42804936386390713,0.10519126120768202
110,7,0.42014049156353694,0.09974428649393996
110,8,0.428078916036526,0.08888240614579307
110,9,0.4256327526544066,0.10653224164354275
110,10,0.45146467156895365,0.068412074236822
110,11,0.36811742714117895,0.14324277053837364
110,12,0.35222976022909663,0.1265393880223581
110,13,0.4025022364973642,0.09351708450732987
110,14,0.3928762921373658,0.16140482643613036
110,15,0.3937564478881262,0.1523595513546654
110,16,0.3875483639121386,0.17655063190126435
110,17,0.38880974013017633,0.18608616174130738
110,18,0.3562577706499813,0.27439579951065124
110,19,0.3533721555757577,0.28048577323798163
110,20,0.40475396773823924,0.20920661279153063
110,21,0.4321665889696904,0.15786686582404175
110,22,0.443786048104062,0.12807295512844408
110,23,0.49133818282275865,0.05960208279663015
111,0,0.4280728864374457,0.09301750863744579
111,1,0.38303059464536793,0.1589149479830041
111,2,0.39470370583003667,0.1553168516881584
111,3,0.3960686319801125,0.15750370859619617
111,4,0.4254227473962274,0.11171023184690626
111,5,0.3949384290227806,0.15421308892091445
111,6,0.4300600619840891,0.10369349672254136
111,7,0.42029706577377784,0.0997542638437327
111,8,0.4291185606658563,0.08829310157196962
111,9,0.4214040651714713,0.10998712636486085
111,10,0.45201381566839666,0.06822992922526716
111,11,0.3657161712603631,0.14553506371557284
111,12,0.36243226741444345,0.13249602869950755
111,13,0.4068061292129515,0.08604596278405952
111,14,0.3942999442245936,0.15858213044374764
111,15,0.39360691678871107,0.1519727833720031
111,16,0.38563770021026755,0.17896167994433376
111,17,0.38840954117027476,0.18650425099369655
111,18,0.35523483260442323,0.27572396322936493
111,19,0.3404646053205611,0.3008304751353991
111,20,0.3920712530200006,0.2290410998692412
111,21,0.4351193386125312,0.156425953901835
111,22,0.4488414111924311,0.1204086777971769
111,23,0.4873663491589052,0.05395424562890094
112,0,0.42743903899913344,0.0943918732021593
112,1,0.3826853932661467,0.15985911376732842
112,2,0.3966004689952598,0.15368333557375263
112,3,0.42176245349944175,0.11855379561165413
112,4,0.4172574443874917,0.1192978540547549
112,5,0.41630504978458027,0.11627584620701736
112,6,0.42560957443121133,0.10788844825971267
112,7,0.41577256299413473,0.10386481501220562
112,8,0.42507015151222266,0.09193020411526298
112,9,0.42347872829567695,0.1071046106002499
112,10,0.4478295836415517,0.07184217737868731
112,11,0.36250026526731877,0.14799714404747194
112,12,0.35989848716137257,0.1334115170445026
112,13,0.41009130220288664,0.07966083282063646
112,14,0.38797811265295495,0.16382833946463693
112,15,0.35712000592926463,0.234131731105443
112,16,0.38966293720981904,0.17323429167851168
112,17,0.3884847769997372,0.18567909569898977
112,18,0.34995443551561584,0.27845443924271984
112,19,0.3341712790358458,0.3119230956250494
112,20,0.3870606382638028,0.2394210458123442
112,21,0.43264236182217986,0.16162332540790247
112,22,0.44917945041832374,0.1308703853949923
112,23,0.4954276607524134,0.05964746826873024
113,0,0.4422724735490635,0.09330280310826705
113,1,0.38294024751049166,0.15854038712210072
113,2,0.39845622220068344,0.15036857917444318
113,3,0.417300818646928,0.12205721283321458
113,4,0.4155286943223421,0.12018397770368011
113,5,0.41644753477171026,0.11533574712920419
113,6,0.4247811128665583,0.10775127407371515
113,7,0.41411715756036394,0.10462305676850048
113,8,0.42511804975981066,0.09125890721972724
113,9,0.44235759791062473,0.07380571690450355
113,10,0.4462805262832567,0.07264105829239981
113,11,0.308582011951802,0.23008945290330068
113,12,0.34162287640034883,0.154567771279027
113,13,0.4066611913094479,0.08004026146615473
113,14,0.38068099886242646,0.1699449438817242
113,15,0.3513158763295533,0.23830758801452934
113,16,0.3876916070071142,0.17481224816843421
113,17,0.3890073090227719,0.18403498971893673
113,18,0.35275802047131005,0.27382518292451913
113,19,0.3343980600321049,0.314031167757907
113,20,0.38903529267302334,0.23930668700912944
113,21,0.4349497474722107,0.15815226270907556
113,22,0.4519154584738129,0.12829149121897
113,23,0.47332193509600495,0.06484053986863247
114,0,0.4359473340476981,0.09809254189257716
114,1,0.38158046980249855,0.1595517526389043
114,2,0.356429954296835,0.20928704427277184
114,3,0.4187287231935496,0.12128308035704649
114,4,0.41790481514291694,0.11827052942409372
114,5,0.417905196689461,0.11459386298734914
114,6,0.4265623498866575,0.10618599021107616
114,7,0.41870213286386415,0.10069352738315357
114,8,0.42913199055414203,0.08754234098541047
114,9,0.4461990195329686,0.07030440294737211
114,10,0.45022886924972233,0.0689183874089011
114,11,0.31306686109566534,0.22626826173137732
114,12,0.34564682125494006,0.1507986284595954
114,13,0.41257166397066247,0.07144392591270737
114,14,0.3795080935502067,0.17051267788170565
114,15,0.35164457230156304,0.23670127804687652
114,16,0.38613581761084326,0.1748431240196182
114,17,0.38861268939667937,0.1827677469231499
114,18,0.3580369240943619,0.26699012681000417
114,19,0.3496907283748172,0.29648104254624674
114,20,0.3976570198116169,0.2304134141911231
114,21,0.438524586334402,0.1554166132943301
114,22,0.4523870552658841,0.12996046467851163
114,23,0.493877385391881,0.06407696538023133
115,0,0.4373620341783177,0.09442745389725654
115,1,0.3847987034313812,0.15546279898769533
115,2,0.3532362876375396,0.21131976925991514
115,3,0.4180319093206823,0.12154325489876472
115,4,0.4181978375188663,0.1170731708928604
115,5,0.4200837464307219,0.11137091964684531
115,6,0.4302059836595059,0.1023885762383156
115,7,0.4207024387929171,0.09837653998883772
115,8,0.4285080063986536,0.08697655351941647
115,9,0.4443100408088677,0.07102393457560707
115,10,0.44784459631797685,0.06988501414363613
115,11,0.3104555492016089,0.22778380434627477
115,12,0.3444527362616763,0.15022419804233555
115,13,0.41235916308047454,0.07068200871829039
115,14,0.374315554478236,0.17799174321045835
115,15,0.3432437151630586,0.24584123413555387
115,16,0.38471553184062107,0.1766861219968347
115,17,0.38686917869922727,0.18462171417715967
115,18,0.3469921018347187,0.27963207613351954
115,19,0.3597805107875322,0.282813892347085
115,20,0.4030877291256826,0.2239583755795999
115,21,0.43806090965282424,0.15803908436056924
115,22,0.4515852326117364,0.1315081922680582
115,23,0.5034266310845854,0.054884055924387165
116,0,0.42378737503800706,0.09571900992430682
116,1,0.3819446190844405,0.1589051096668745
116,2,0.3949065508467078,0.1528035175100781
116,3,0.4153188708518166,0.1230059953217888
116,4,0.4155667359309745,0.11873144122915846
116,5,0.4166975816473255,0.11369576334103326
116,6,0.4296890010031416,0.1024675460465112
116,7,0.4215834898167862,0.09764102473996611
116,8,0.4286702937274097,0.0868600365628594
116,9,0.42548228134014016,0.09948881791145486
116,10,0.4452069840346759,0.07150344841075768
116,11,0.3102053626351073,0.22504213942163803
116,12,0.34545816946038127,0.14590014104452165
116,13,0.4159046924657094,0.0643491361192578
116,14,0.37560249491890313,0.17270754622695034
116,15,0.3527746625349953,0.2307495592717425
116,16,0.382281579794483,0.17876461502766527
116,17,0.3846360183848735,0.1861766266361426
116,18,0.35670470708683927,0.26575591785916597
116,19,0.35395598422205554,0.29305105797242015
116,20,0.3904768139999517,0.24110388371818087
116,21,0.42667973659836106,0.17243495790643237
116,22,0.44707642868740033,0.13569966256350152
116,23,0.5027269208887724,0.05122865972811563
117,0,0.4306176344267196,0.08789565385873649
117,1,0.3885890320881306,0.15131398576769556
117,2,0.3994015474411835,0.14778529425899245
117,3,0.4142625462734168,0.12416576186706862
117,4,0.4167026083224826,0.11734490782387308
117,5,0.41939304059577887,0.11109883255732611
117,6,0.4346446008508865,0.0975965969676022
117,7,0.42460855622552984,0.09432890254970983
117,8,0.43053298266823203,0.08498720845177926
117,9,0.4248616672825815,0.09912295552238598
117,10,0.44140059155135675,0.08771063293959525
117,11,0.3068338573565501,0.22565412109038452
117,12,0.3459434099183449,0.14294471408413983
117,13,0.4193664190675281,0.05810446837168837
117,14,0.37465240519486787,0.17118425217820576
117,15,0.3498521515570103,0.23125896391645273
117,16,0.3824733088895813,0.17775862235047718
117,17,0.3847389208641722,0.1860149451441333
117,18,0.3535589096106759,0.26817846627201414
117,19,0.3432725022675455,0.31175451777888863
117,20,0.3849177632224345,0.252351416750674
117,21,0.42201922592665,0.17803628196829313
117,22,0.44543029825859476,0.13445783024967856
117,23,0.5003956718794429,0.050520134739645894
118,0,0.4544070068726976,0.08441725718212084
118,1,0.3788464590684561,0.16121289606934308
118,2,0.3949994278061824,0.15139702519546333
118,3,0.4121807681557898,0.12618104404995267
118,4,0.41490605004659065,0.11889890235034573
118,5,0.4168818930418206,0.11324606986487867
118,6,0.43250459920092377,0.09930885382732185
118,7,0.42284602120371245,0.09549187960348227
118,8,0.2742023481919519,0.2585338875072217
118,9,0.42149875342411475,0.10112070092145187
118,10,0.43724093918084567,0.09064776464189828
118,11,0.27600141488935764,0.2610276173008874
118,12,0.3273030330235,0.15847638319605112
118,13,0.3836853435303219,0.11424792727596955
118,14,0.33123552217023927,0.24469817151309192
118,15,0.3146903543039771,0.30167484857548404
118,16,0.38097767207267186,0.17746585908897056
118,17,0.3818569990414004,0.1882814945703452
118,18,0.3300320802028006,0.3290629938270807
118,19,0.3404853358176009,0.3148060709927722
118,20,0.38229359294510934,0.25466790015029356
118,21,0.4240158273025214,0.17402425701573587
118,22,0.4463049272922797,0.13190785473640432
118,23,0.5103434087079006,0.038206819511396484
119,0,0.46515343972988715,0.06863846541248603
119,1,0.3738977011602702,0.16526348047472594
119,2,0.39022200914847405,0.1549959221141185
119,3,0.41011311886301455,0.12822947798643508
119,4,0.41478305410842364,0.11902895796936996
119,5,0.41603040199155894,0.11416671765518988
119,6,0.4297743832567941,0.10154532664283378
119,7,0.42150819744033546,0.09585443988160641
119,8,0.2905431668553475,0.23850814813260146
119,9,0.32653385838896004,0.21011005238010022
119,10,0.43427265698392775,0.09262713018629681
119,11,0.2839976788309864,0.24773923424522779
119,12,0.33980912362436433,0.14048755757457243
119,13,0.3967068904144416,0.09826309775490721
119,14,0.32902591618753335,0.2470141105330773
119,15,0.3090097223135871,0.3092164100097113
119,16,0.38041639788564025,0.17631902103431873
119,17,0.38089667583872866,0.18767876963674773
119,18,0.3328080335227331,0.32299046320619357
119,19,0.3390469419293308,0.31489302295187416
119,20,0.38382220283360285,0.25054405553872555
119,21,0.42841067608681344,0.16754563052096727
119,22,0.4556140700153851,0.12084735807340918
119,23,0.5209328273041639,0.02285103476898631
120,0,0.45868690859916633,0.06732381864267567
120,1,0.36807136467085816,0.1707017095835205
120,2,0.3872324420619822,0.15737900884411837
120,3,0.2670935796944353,0.29549998441112013
120,4,0.4128613126053046,0.12068997344000953
120,5,0.4148132136668027,0.11486684413178189
120,6,0.4297698578103355,0.10115283186801216
120,7,0.4207303135001519,0.09620541606929067
120,8,0.2865030214499534,0.23977520454033763
120,9,0.30802364919056574,0.22699788143060995
120,10,0.32919792355054783,0.20287004073051784
120,11,0.2705485324349824,0.25673063935430945
120,12,0.3425442682780282,0.13460838907455547
120,13,0.3994038036102682,0.0941649124206313
120,14,0.3390428331293835,0.2321406463395269
120,15,0.31236303586546893,0.3019398424541976
120,16,0.3838569758859911,0.1706154306168729
120,17,0.312615275843056,0.33425549789252834
120,18,0.3461108065456245,0.302699990881598
120,19,0.3467757891946083,0.3018061880158284
120,20,0.381676050058175,0.2515053615624682
120,21,0.4317011362782131,0.16008357503939963
120,22,0.4613627651208533,0.11025414295499159
120,23,0.5156881517707257,0.025752371094945437
121,0,0.4560947288374448,0.06589933214349342
121,1,0.3713037275681574,0.1651050259618489
121,2,0.3478825451916345,0.2121732338845846
121,3,0.2569164889106967,0.29943956618863476
121,4,0.40596405710251865,0.12640611177316013
121,5,0.40730437390382146,0.12099610392984111
121,6,0.4253040123599249,0.10465067080802815
121,7,0.4185465406541182,0.09796134618793462
121,8,0.3014060207278079,0.22592367226730503
121,9,0.3241250013291477,0.20990346472926075
121,10,0.34637021620927977,0.18656918038705478
121,11,0.283915314053409,0.24218500492616735
121,12,0.36414571689124364,0.11061563645046052
121,13,0.40463328992247183,0.08765932616655342
121,14,0.3474300795944231,0.22344017525704862
121,15,0.3126576198341751,0.30050585740146163
121,16,0.38253380857290953,0.17239198170540787
121,17,0.31101520728034915,0.3344991120164023
121,18,0.33843861776844786,0.31155467160814665
121,19,0.3411959581885665,0.3085861764126147
121,20,0.3744922707298091,0.25889456359469604
121,21,0.42529574397779984,0.16894482663057464
121,22,0.43896630624633126,0.13676962284468697
121,23,0.4909773969299174,0.05216653566458773
122,0,0.4544011743958651,0.07147944564811087
122,1,0.3278699425747027,0.21530709700803574
122,2,0.3395091737227262,0.2224321509163399
122,3,0.2556977165784244,0.3027684685645825
122,4,0.23731366987120728,0.3292477931803683
122,5,0.405313806490805,0.12230199195826097
122,6,0.4242212668453731,0.10479627796173824
122,7,0.4177932625668251,0.09741766941028202
122,8,0.31132696791972897,0.22031152245993646
122,9,0.34488031818942183,0.19348144935342743
122,10,0.35873144472729485,0.1797016810667144
122,11,0.30063535302186395,0.2279603304713575
122,12,0.3679517907258903,0.10592265102666232
122,13,0.41053984352698736,0.0815214243081065
122,14,0.3660193624782799,0.20392600820790202
122,15,0.3307311904598706,0.2816217672366238
122,16,0.3228082346162882,0.31682041707128533
122,17,0.3249208490185626,0.3190534648152673
122,18,0.3556836393182359,0.29227716442210755
122,19,0.35722415027003374,0.29161129963094173
122,20,0.3766635592253558,0.25416538234932834
122,21,0.4244445811126793,0.16670887497115017
122,22,0.4393983649649723,0.13353660740845574
122,23,0.484799200739569,0.05573305473112278
123,0,0.4384253287444707,0.08456131377503467
123,1,0.30836825047458916,0.23121003378217464
123,2,0.3244603952507483,0.23372117343352683
123,3,0.24574675634812987,0.31040958010308345
123,4,0.23611498727012667,0.32819610351026507
123,5,0.4035045929380967,0.12371237910761601
123,6,0.4226462790547801,0.1063358469297907
123,7,0.41510026629401064,0.10019855608070877
123,8,0.31614212071213194,0.21634212295507654
123,9,0.3463457588769691,0.18918676675740442
123,10,0.36211618798518685,0.1775079094706572
123,11,0.30513355372760237,0.22275819807999442
123,12,0.37636475380928147,0.09734933026985437
123,13,0.40769046009871973,0.08753938758308766
123,14,0.36124432292729414,0.21169895035034497
123,15,0.3269558085585857,0.28611128252438645
123,16,0.3200022035806644,0.3189869346886972
123,17,0.3234911878429885,0.3199569092990999
123,18,0.34931594634357105,0.2989038998987034
123,19,0.3467570451310975,0.3066943054062244
123,20,0.36612733366704336,0.26787269151516657
123,21,0.4163101738505343,0.1760217588926566
123,22,0.43562935532267477,0.13560741886349514
123,23,0.47995285943406724,0.056912443951116054
124,0,0.44313829971381147,0.07268430756421135
124,1,0.2927207486158792,0.2407033802526285
124,2,0.30794484102508696,0.2446355676522064
124,3,0.23482239136560995,0.31598032224414513
124,4,0.2284478541232963,0.3297027214565563
124,5,0.4061547874870625,0.12085308298824032
124,6,0.4248768265906908,0.10386331750767952
124,7,0.41659398237283796,0.09899004179446635
124,8,0.3184726231182561,0.20831292315231742
124,9,0.3453739806561499,0.185822530050268
124,10,0.36109021554912957,0.17732666092148913
124,11,0.3058752924288466,0.2209508343380454
124,12,0.38733306101290144,0.08258132882412011
124,13,0.4111953870608805,0.08013996023542286
124,14,0.3666319234103684,0.2005344842698884
124,15,0.33261611173004463,0.2754354469141933
124,16,0.3269163423700536,0.30707664418074265
124,17,0.3242052557008285,0.3156880903417253
124,18,0.35294209798801646,0.2892466391225847
124,19,0.35065111898261964,0.29546435102052926
124,20,0.37065000470974757,0.25695054315827565
124,21,0.43093513409350065,0.15104383610725647
124,22,0.4431364893280392,0.12178591881097478
124,23,0.4840268954957678,0.04834204995995861
125,0,0.45233691721113184,0.057757015358338215
125,1,0.29869012676073203,0.227912138724138
125,2,0.3148460986725832,0.22775676710631937
125,3,0.2461967155659735,0.2966132626691709
125,4,0.23786091008326204,0.31401701078193484
125,5,0.4036464903124381,0.12320370751736054
125,6,0.42157893282032577,0.10593182555127706
125,7,0.4127026059207262,0.10170256523849741
125,8,0.31595554143994287,0.20710160253971782
125,9,0.3437092504266431,0.1818401875928019
125,10,0.35804949260341945,0.1747819641876967
125,11,0.28999746176026103,0.23127040061841866
125,12,0.38392620157585566,0.07919089310771332
125,13,0.40400891523014376,0.08236162016505011
125,14,0.36113592205553774,0.20197971173718526
125,15,0.3286733052531359,0.2751567776372375
125,16,0.3191085269684243,0.3112433033619243
125,17,0.31884325782896533,0.3200005870016278
125,18,0.3442638123630386,0.2968471162566976
125,19,0.343559689888029,0.30194131041
125,20,0.3586856566356382,0.26408611003001503
125,21,0.42539235868088043,0.15368779815066735
125,22,0.439955136207063,0.12109835960028087
125,23,0.4851949686423833,0.04384111104527977
126,0,0.4689032640813836,0.03368777604260953
126,1,0.2991375237319329,0.21837400407132712
126,2,0.3173754585711356,0.2167183632836155
126,3,0.25666681380396217,0.2836199017133032
126,4,0.2524500949512844,0.29791469496547945
126,5,0.40211279324260285,0.12431943205912055
126,6,0.4216073447032188,0.10586608880956416
126,7,0.414281818813211,0.10011453554074695
126,8,0.301692359239474,0.21810739356312026
126,9,0.3222689620723617,0.19823920512293813
126,10,0.3419320436093108,0.18726989993929288
126,11,0.27080369697400564,0.2460049939860156
126,12,0.3717669878945592,0.08594511892709616
126,13,0.39961791812994496,0.0799857709728779
126,14,0.3648511268205419,0.19164621161129047
126,15,0.33465075542779893,0.2637895988148095
126,16,0.3253467113668355,0.3002895274275922
126,17,0.32773221064304286,0.30668710584026704
126,18,0.34792207332424685,0.2893737431435491
126,19,0.34748290446502295,0.2945773644649415
126,20,0.3674788717346303,0.2511100913861736
126,21,0.43225822066233494,0.1427630266106682
126,22,0.4458463158614798,0.11174487087100382
126,23,0.4886301654837146,0.03961990911236535
127,0,0.4819809496056063,0.02106227903492175
127,1,0.3053296445501108,0.21074026902599535
127,2,0.32090462378443974,0.2115809922728985
127,3,0.2627305551704555,0.2739441161589602
127,4,0.27193039941679303,0.2757054736801984
127,5,0.40098435682273975,0.1257167261524994
127,6,0.421245181194992,0.10644311675569834
127,7,0.41429925509617105,0.10025622884147178
127,8,0.3056801234270011,0.21602333811149005
127,9,0.32715914157556547,0.19447290191783384
127,10,0.3465694421988512,0.18518766037355722
127,11,0.2704442663440538,0.2488525419957776
127,12,0.38145134737196457,0.08104500537054588
127,13,0.4102798899233359,0.06822232891825686
127,14,0.36455270214601765,0.19012867914256948
127,15,0.33245037421042894,0.26489038421234584
127,16,0.32060124484978847,0.3021633102254715
127,17,0.31817177084594095,0.31364714342506644
127,18,0.3421812250516487,0.294943836671998
127,19,0.3445708855854291,0.29499718478558834
127,20,0.3599705592832887,0.25916176404590335
127,21,0.4273101483963339,0.14885322996271821
127,22,0.4438982899689785,0.11421681597499639
127,23,0.4815549776331903,0.04425905184819168
128,0,0.5046041259647494,-0.004815916790804953
128,1,0.336836799621972,0.17998587165521573
128,2,0.36265246563852993,0.17273593617441502
128,3,0.3073651383924828,0.23289019765275032
128,4,0.31822865396074695,0.23364617299392154
128,5,0.402435723994425,0.12420773376340838
128,6,0.4225492671614647,0.10522861774145376
128,7,0.41457445523849673,0.09947619181228529
128,8,0.3353198626344918,0.19370198021872198
128,9,0.36099194764443304,0.1683139237745313
128,10,0.3827044218018575,0.15793841365095462
128,11,0.2915839924100106,0.2330692486704869
128,12,0.3963362795925602,0.06967620880653969
128,13,0.42438492410241474,0.05686737805020492
128,14,0.3817029889339328,0.17460361098038174
128,15,0.34768842623794355,0.25081455632446975
128,16,0.33935504031943925,0.2836442191890795
128,17,0.33505832053740203,0.29491401089795066
128,18,0.34744594022683495,0.28915056564919006
128,19,0.34838999650853403,0.2883597325671517
128,20,0.3530215768069748,0.2658467608579633
128,21,0.4153781886856039,0.16124894797523143
128,22,0.4467745056756016,0.1076369881807614
128,23,0.4865787799154936,0.03369551372473334
129,0,0.49649601717774744,0.0011851673456814704
129,1,0.32067559362561165,0.19341015546754864
129,2,0.34470969288354214,0.1874519051036418
129,3,0.281683582230396,0.25203788135364885
129,4,0.30846765270333154,0.2357936809421104
129,5,0.4020004748911899,0.1251932098234041
129,6,0.4240782543989961,0.10361819054432492
129,7,0.3002362481966217,0.22608494402625295
129,8,0.34411464394381486,0.18384124287118825
129,9,0.35788836911881716,0.16730875209427182
129,10,0.38829773787433597,0.1506375394285689
129,11,0.29427198179196384,0.2268791160064382
129,12,0.39194418454405855,0.0708813164905287
129,13,0.431179972709546,0.04494832956951911
129,14,0.3845500003499544,0.1647856537422372
129,15,0.34276257566583695,0.2521301070263531
129,16,0.3390961703404667,0.2796069802290129
129,17,0.3359436240905865,0.2890893381932848
129,18,0.36713445369022374,0.25963066197896817
129,19,0.35786906566802407,0.26973758498716804
129,20,0.3681423630990963,0.2404040328235167
129,21,0.4191219292460183,0.1497067959215747
129,22,0.4485471048123607,0.10037476122592603
129,23,0.49163627050540326,0.022579976728420714
130,0,0.49963531969404046,-0.007465945397525986
130,1,0.3206487665969281,0.18988936932021122
130,2,0.34278708215532994,0.18566968323049865
130,3,0.2871444968000153,0.24333764285173137
130,4,0.31095744676442305,0.2288304715174616
130,5,0.40519490936646974,0.12375812731585173
130,6,0.4262528302524301,0.1031452591101944
130,7,0.31585372262793987,0.21419371890858135
130,8,0.35449333695764124,0.17453641407951948
130,9,0.3519964187328858,0.17081209703803713
130,10,0.37990695725487056,0.15467128687326864
130,11,0.2822687469056573,0.2325332555281929
130,12,0.3802911803053179,0.07707038750030654
130,13,0.4261511915081496,0.04545112573193805
130,14,0.38026329042529405,0.16672156086176637
130,15,0.3322302970364004,0.25973761856330424
130,16,0.33475302185658395,0.2771294504326596
130,17,0.33395161407179397,0.28320357415226133
130,18,0.356363167834237,0.26437960717553116
130,19,0.3554188799080496,0.26686490108416877
130,20,0.37102205429323315,0.2308593850657909
130,21,0.41427177761718786,0.15063054824358907
130,22,0.4515918645443589,0.08948667126213694
130,23,0.47466823525173707,0.03534111963327918
131,0,0.47544794961960235,0.00923229690459021
131,1,0.296477638036357,0.20448844288621826
131,2,0.3359867099970523,0.18348501501453846
131,3,0.2786675267773357,0.2421451407929845
131,4,0.2980283067754771,0.23262957261783496
131,5,0.40309846870370797,0.12534677346211825
131,6,0.42195711942122516,0.1066146526779278
131,7,0.3143627767818335,0.2080302384712983
131,8,0.3482350265897637,0.17283854200938176
131,9,0.35151515781179155,0.16196445391069542
131,10,0.3786370276873609,0.14984855753536264
131,11,0.27664617711769407,0.22901377712264834
131,12,0.37838323954687375,0.07345999702537515
131,13,0.4230079675769309,0.04156703691297786
131,14,0.37825920708456023,0.16279742828539356
131,15,0.3428666781461741,0.24412784301539658
131,16,0.3402904837478952,0.26754211330811895
131,17,0.33643946042134754,0.27796126501445045
131,18,0.36245408159870096,0.2537517169278075
131,19,0.35425955508080814,0.26387072102343667
131,20,0.36579531800747817,0.23586137427421539
131,21,0.4139707681035438,0.1480574976209385
131,22,0.4562770425236702,0.08302662699542473
131,23,0.47462920934815184,0.03542652502856136
132,0,0.47649679367953496,0.006294872393144302
132,1,0.2874975441355184,0.212852832033891
132,2,0.3258538180364056,0.19368694243044549
132,3,0.2692496206251442,0.25159300542841884
132,4,0.2983890004252584,0.2341195266907018
132,5,0.40192010221440777,0.12703154743694883
132,6,0.42155225811251,0.10741220850713967
132,7,0.30917690071831866,0.21102185291306957
132,8,0.3330518106647207,0.18518369147935437
132,9,0.32911137668408763,0.1783341133870343
132,10,0.3686515826416737,0.15847444362585517
132,11,0.2659294112139239,0.2375031139311663
132,12,0.3645038367657289,0.08608889360445227
132,13,0.41334607348222324,0.05000543475120195
132,14,0.36551278006763355,0.17268284245782417
132,15,0.3251749668161597,0.2605379530514927
132,16,0.3208380576458256,0.2876903210534302
132,17,0.31808843409064247,0.2985595716818015
132,18,0.3518555812702632,0.26281257998916774
132,19,0.342146030516982,0.27464621102962855
132,20,0.35659848393559407,0.24203449071750888
132,21,0.4035724948952318,0.15770090639184403
132,22,0.44282668679008697,0.09841315146870305
132,23,0.4668875264905281,0.04182004362434566
133,0,0.4510669029370749,0.031362647816275735
133,1,0.2644494941469369,0.23556179868044458
133,2,0.3099307114974208,0.21138899014185608
133,3,0.24531391060722382,0.2749215289299256
133,4,0.28135270334914875,0.2520575273077485
133,5,0.3989048656958629,0.12951033875433887
133,6,0.4196936190866427,0.10807686601464006
133,7,0.29695260394834444,0.21879035318982037
133,8,0.32702209592142417,0.1850829969894342
133,9,0.3215495441415973,0.18242847819518804
133,10,0.3580517456835604,0.1630200839815119
133,11,0.25142647559699305,0.2430846563772382
133,12,0.3531141984895515,0.08994985439605202
133,13,0.3904882113621588,0.04521349715001455
133,14,0.35987068916142445,0.1719317361118488
133,15,0.31732389482732104,0.2636793082080758
133,16,0.3144028061696794,0.2864492640191467
133,17,0.318016339557237,0.2905938008894811
133,18,0.35351588440468273,0.2555292951117242
133,19,0.3449051854252273,0.2641611826263563
133,20,0.35340853750679674,0.24033888053329183
133,21,0.4036844882058295,0.15298459970779904
133,22,0.4252286873558911,0.09933135381010094
133,23,0.45644048012848354,0.046077035582985926
134,0,0.44113116381260564,0.0371166112973349
134,1,0.2587717548996167,0.23487652594659209
134,2,0.3043163905917175,0.2076270957731598
134,3,0.24105335759638097,0.27089003565498887
134,4,0.27473255561187665,0.24857250071877066
134,5,0.28248046447417285,0.23778958976869882
134,6,0.4200981693408599,0.10742759642212968
134,7,0.28166535615634275,0.2233059734787872
134,8,0.3152460904143716,0.18821217696761489
134,9,0.3123905033455697,0.1832505216088866
134,10,0.3603030049092635,0.1551389920602826
134,11,0.24298350734792354,0.24384290349569954
134,12,0.3314489133212432,0.10309694557827825
134,13,0.3964652511164955,0.03583283092266787
134,14,0.3456615788762832,0.17997008305318696
134,15,0.31370718283077814,0.25945835716143434
134,16,0.3109243908670774,0.2788513765634736
134,17,0.3142741573875748,0.2854134912341198
134,18,0.34146772245340257,0.26036190425223166
134,19,0.33512845818975495,0.26567204824719126
134,20,0.35083851689412243,0.2317122447281993
134,21,0.39265565135295827,0.1563434683767252
134,22,0.43256316444782056,0.0869317538169268
134,23,0.44295622223297365,0.05062709999449355
135,0,0.4169711120527975,0.0529466540111474
135,1,0.23376221810586026,0.2517394816831069
135,2,0.2758277279803636,0.2244939348406348
135,3,0.22846340917526156,0.27289914574209995
135,4,0.26445738603415314,0.2451721353729751
135,5,0.28812356488797886,0.22091687773168828
135,6,0.3004679017530054,0.20385419888104928
135,7,0.2768262524415026,0.20617215309243406
135,8,0.31545057960045114,0.17453197561372702
135,9,0.30961404205333865,0.1751627143012004
135,10,0.3499861167538016,0.15433299879434637
135,11,0.22704531069155048,0.24511408125858947
135,12,0.3175096096210586,0.10775947826914323
135,13,0.39481332408436237,0.034686561268700455
135,14,0.33543980259921,0.18229869324233894
135,15,0.30144412878340904,0.26345420582398743
135,16,0.4068399720772741,0.11090188010022761
135,17,0.30499979081557915,0.28689794506680666
135,18,0.33168709358544557,0.26289324561881006
135,19,0.3301578417667416,0.26182577452088035
135,20,0.3467686992276144,0.22669006106238276
135,21,0.3801294893643774,0.16379410662321753
135,22,0.41974337044483484,0.10263554649454226
135,23,0.4290315938967709,0.06044561016146616
136,0,0.41124066458462766,0.05495992017559942
136,1,0.23316785981264218,0.2491902545630143
136,2,0.26103179614825756,0.23510592374483036
136,3,0.2216329054750423,0.27769190204810873
136,4,0.25370279255959793,0.2490117759577018
136,5,0.2782272849039147,0.22612919063440104
136,6,0.31157827091672424,0.18991466004050234
136,7,0.28740065494438605,0.19348042248088432
136,8,0.32340743349495316,0.1540403565167609
136,9,0.3064516697774468,0.17766741025729255
136,10,0.3328468651436501,0.1667690966312314
136,11,0.21935414219486743,0.25008055211934943
136,12,0.3149381082471541,0.10775361805537764
136,13,0.4003168897438028,0.03427940086269843
136,14,0.3534290847532234,0.15951321979430166
136,15,0.3274616244107951,0.20901146372952456
136,16,0.40638733433085544,0.11188943330068757
136,17,0.31587108698474636,0.26597796226111986
136,18,0.3404410597424582,0.245104793644849
136,19,0.3383358234910962,0.24629014933169102
136,20,0.3542479104941312,0.2088566946719433
136,21,0.37928011826993263,0.15797581732453525
136,22,0.40987842684496495,0.10768042779305198
136,23,0.4237239187569528,0.06408243208144448
137,0,0.39541174724385153,0.06810762788468028
137,1,0.22554353743993835,0.25067807408481924
137,2,0.2583717724196497,0.23277353524842243
137,3,0.21706870644882179,0.27571489805299054
137,4,0.24151832378895682,0.2542264168837911
137,5,0.25669052511934437,0.24029455965745575
137,6,0.31594533487503695,0.18548867728380797
137,7,0.29092294889197146,0.18934947000120605
137,8,0.3288726143144682,0.14777729614343693
137,9,0.3599817276730397,0.12031856198240876
137,10,0.3216985529449946,0.1742307084316313
137,11,0.21642731010078675,0.2504660449131734
137,12,0.31569805314067717,0.10455930140281561
137,13,0.4110479957028405,0.016855385397153366
137,14,0.3707473625523811,0.11599097009987691
137,15,0.33610848809648863,0.1970466601329658
137,16,0.4036678007965923,0.11507779519106415
137,17,0.33302539760821476,0.23057679385865826
137,18,0.3543066634923169,0.22415163881163763
137,19,0.3519810268628234,0.22210046307807418
137,20,0.3758608028593933,0.17606187401609613
137,21,0.40539522992770427,0.12184144137095843
137,22,0.42942754089373963,0.08051910653449196
137,23,0.40497288569239204,0.09198464279728369
138,0,0.393698031589841,0.06278935357298748
138,1,0.23847402264971246,0.2321755973229606
138,2,0.2709339485061988,0.2154700557446559
138,3,0.22767056387658813,0.2619698940254356
138,4,0.240091853232134,0.2517115420692893
138,5,0.24727029837450637,0.24600477328227888
138,6,0.32203861359735314,0.1776886559602338
138,7,0.29559971486414127,0.18290456035940622
138,8,0.28725958016833775,0.19176875044896685
138,9,0.31092818982324427,0.16532367871852977
138,10,0.32217979673024705,0.17074011501193248
138,11,0.2104122121716838,0.25098018146994217
138,12,0.31107435770797387,0.10475595782363412
138,13,0.4100652493093399,0.014022258123031206
138,14,0.3702861793817857,0.11336992824268577
138,15,0.33590252022835254,0.19439703041876416
138,16,0.4020396199883842,0.11712226509669488
138,17,0.34760096197623935,0.2174019939953788
138,18,0.36080313811410325,0.2133189160390131
138,19,0.35704896281509985,0.21190899630763993
138,20,0.37983352216762734,0.16496326758197094
138,21,0.4149176839470201,0.10364121455796804
138,22,0.43567514270238494,0.06804639899732945
138,23,0.4200274475779533,0.05823832600088935
139,0,0.40123838561848457,0.05057913838469286
139,1,0.27801219348241163,0.18844240236776494
139,2,0.27333347927189044,0.20979535615265765
139,3,0.22383110449091376,0.2632712892336976
139,4,0.2537285478179955,0.2368945537636133
139,5,0.2553148418402082,0.23481014287120713
139,6,0.31223632135757257,0.18204824287798282
139,7,0.290838668538315,0.18282697457216351
139,8,0.3269056261321416,0.14328527241335032
139,9,0.30796272496562566,0.1610828983798836
139,10,0.3138031748132772,0.17193355111194542
139,11,0.19952559294662994,0.2530551043847673
139,12,0.31186416819020557,0.0989089248392731
139,13,0.41075683774376676,0.00912288937729433
139,14,0.37724542030366826,0.10126656973968812
139,15,0.3419223364397111,0.18368005832965117
139,16,0.4055549451789006,0.11217408698761755
139,17,0.35841672724660534,0.20156016345507055
139,18,0.36537500795441874,0.20278353355945833
139,19,0.3565115609373372,0.2018560737006866
139,20,0.40185363432883914,0.129111640141079
139,21,0.4439495029421416,0.06089879345728
139,22,0.41620631001057007,0.09228291147030715
139,23,0.3956383526543702,0.09713682839285076
140,0,0.4085813461985649,0.03984046523521034
140,1,0.28731432860419,0.17621652949905203
140,2,0.2765280888593155,0.2041365866204315
140,3,0.2198061166516169,0.26398260687618846
140,4,0.2523063889101572,0.23320514159484593
140,5,0.25349796040775185,0.234043521612484
140,6,0.3117729181248726,0.17900668597444064
140,7,0.2970016045335297,0.17484901317535173
140,8,0.3287974421075233,0.13884842983602985
140,9,0.3569814334983209,0.11299777118049364
140,10,0.3275301262124034,0.156446243349876
140,11,0.20365326442407078,0.2496715473767782
140,12,0.3128040044597767,0.09839834818449888
140,13,0.40881201866042216,0.01066779990086103
140,14,0.37523776594638586,0.09985768786926036
140,15,0.3418447995302871,0.18068068480979654
140,16,0.40615762486559814,0.11061340793716606
140,17,0.3525228212503702,0.20446085244209333
140,18,0.3598737576436407,0.20614530661814706
140,19,0.35455872897260005,0.2011895852763817
140,20,0.383420869795891,0.14843339222580398
140,21,0.44201043788806893,0.05884565216031157
140,22,0.4270506654789244,0.07155288222620754
140,23,0.38415034892143185,0.09372043975768601
141,0,0.39087832505355574,0.06170489767043713
141,1,0.27234856441416877,0.1905675124426699
141,2,0.25747801429280187,0.22156789646414626
141,3,0.1968182814565434,0.281572917802961
141,4,0.23534337499185676,0.24523961835102306
141,5,0.23923137512347625,0.24185761644267414
141,6,0.25969842623122075,0.2245007062196554
141,7,0.26468348311981177,0.19916758146007446
141,8,0.2879467531598718,0.17848434643901423
141,9,0.30480728547811925,0.15441815623478494
141,10,0.31737229504236597,0.16077819442803915
141,11,0.18913698516268287,0.2548210855874591
141,12,0.29516826863084317,0.10648166777027562
141,13,0.38911500961272577,0.020351159456747148
141,14,0.37249653874133,0.09863811088248214
141,15,0.34119377423440284,0.17828900166757095
141,16,0.40509472838496086,0.11118527638937065
141,17,0.34489365143110573,0.20569385869511103
141,18,0.36620869815979484,0.18579690854760456
141,19,0.35560712304346104,0.19793650130829527
141,20,0.40802535153115055,0.11417861557525988
141,21,0.4425574431923689,0.05309774506851128
141,22,0.4203228173452331,0.07678272845903489
141,23,0.37049177053970944,0.10877490093049713
142,0,0.3907605896799419,0.06447426206601098
142,1,0.2571550930924137,0.2041660278538719
142,2,0.24191511698067986,0.23305116585405433
142,3,0.19130165184395112,0.28199105478818043
142,4,0.23118708752793687,0.24263617073622293
142,5,0.24006288417540408,0.23398948227500133
142,6,0.2531968925149826,0.22186297010793557
142,7,0.26573310109249026,0.1906231992793943
142,8,0.2875369743312446,0.16987152183534182
142,9,0.31187395836193726,0.13832340195810505
142,10,0.31790740724634564,0.15073496205988118
142,11,0.184363318889662,0.2508945430317093
142,12,0.29502873620704156,0.10025668995921011
142,13,0.39183127386574806,0.008562601480102794
142,14,0.3530630878286349,0.1184508798741929
142,15,0.3436013675165659,0.1729694934638631
142,16,0.40692393426463147,0.10822024754310128
142,17,0.34237075934145894,0.20642634589971448
142,18,0.376160690205736,0.17026024271109613
142,19,0.35377771684699205,0.19683652119316286
142,20,0.419792067515124,0.08913045446899548
142,21,0.440784966479719,0.04927906694996265
142,22,0.40888239368430884,0.08370282690410041
142,23,0.35315572177017046,0.12172790069943618
143,0,0.3743410778738263,0.07562555856067316
143,1,0.25584544937199205,0.20281186958837363
143,2,0.23739966514629068,0.2340246771436783
143,3,0.18853213137197244,0.2824056214726225
143,4,0.22776917579893338,0.24321987242294102
143,5,0.2248390638630693,0.24413242623034484
143,6,0.24176048494926097,0.23040861959726136
143,7,0.2624696765479729,0.1918664198102392
143,8,0.28680210704025344,0.16806497014575184
143,9,0.3071105265680105,0.13923232136429425
143,10,0.3117929851335623,0.15123242807022375
143,11,0.1839933312734717,0.24603806906214398
143,12,0.2874705780440736,0.10779093584132324
143,13,0.39379465787108175,0.004255870843887344
143,14,0.3573347976409647,0.1071546339888999
143,15,0.35159228847124996,0.16395720347831017
143,16,0.3499877864393414,0.18718526754233472
143,17,0.35152134482011343,0.18685380014068603
143,18,0.3719683403940242,0.17050979982865344
143,19,0.3543676042092724,0.19397618845589115
143,20,0.419556130016626,0.08266665863464229
143,21,0.4371471810173475,0.048432620062049514
143,22,0.405912250374619,0.0847111110774269
143,23,0.35343441607197107,0.11986578139428938
144,0,0.383854066825826,0.062198367176145464
144,1,0.2716864275220158,0.18468105937876733
144,2,0.24893267694711724,0.22044858266544942
144,3,0.19248290844589205,0.2731604932539681
144,4,0.23201208621359132,0.23172051541484376
144,5,0.22503178486508363,0.23680144550778587
144,6,0.2331280586642396,0.23002188386962194
144,7,0.2504347136055003,0.19397882833285054
144,8,0.273935125486189,0.17188421063825784
144,9,0.30376587863574606,0.1396019622720106
144,10,0.29841288720578385,0.1586843173075076
144,11,0.1794130259560841,0.24718882872237752
144,12,0.28417126164156226,0.10928671668261802
144,13,0.38636520190904833,0.008685277222764742
144,14,0.3517122798525015,0.11040340569497759
144,15,0.34386515191323314,0.16819940904384179
144,16,0.3428570829844154,0.19172728144490736
144,17,0.3426323908427045,0.19285045778653837
144,18,0.3554365323316883,0.18511874806937256
144,19,0.34955565199596306,0.1849949681834704
144,20,0.4109799743065739,0.08749192770887748
144,21,0.42260155229526175,0.06096137267966284
144,22,0.39538349509737397,0.09185238620577368
144,23,0.3458598520701952,0.1218504793358457
145,0,0.3625444156790581,0.08181192540562204
145,1,0.24765461407340172,0.20863506950185282
145,2,0.24510460503531398,0.2237737387135603
145,3,0.2033658740561886,0.26344456812360856
145,4,0.2443640686968059,0.2181496243114661
145,5,0.23790683392437276,0.2229199111711676
145,6,0.24530266995617236,0.21678359386600832
145,7,0.2570228477490696,0.18537010510968635
145,8,0.293920508243727,0.15356655938134106
145,9,0.30970958863969356,0.1341595604222705
145,10,0.3084144662485035,0.15046097420670596
145,11,0.19486509135297642,0.23262455946712324
145,12,0.29430901730238795,0.09935148670854316
145,13,0.3821183712458815,0.010900101031033727
145,14,0.3574181476847003,0.10139791446568247
145,15,0.34366170364614185,0.16054306575231198
145,16,0.3292103963693703,0.19159193098802602
145,17,0.35666956684413836,0.1669461765929542
145,18,0.36452425154600515,0.16220973055336485
145,19,0.361015756120318,0.1803375314661797
145,20,0.4056893088771033,0.08558494109793646
145,21,0.41432417172849306,0.06531697324211072
145,22,0.3850660847222497,0.09646097462802111
145,23,0.33264355168216797,0.13091149621170522
146,0,0.3426428815713073,0.09554892721068792
146,1,0.23567809790545363,0.21691715106692158
146,2,0.23888620194622714,0.2261144482707047
146,3,0.20084000625663972,0.2627077239700539
146,4,0.23654878901160045,0.22100796116005325
146,5,0.2343311325155117,0.22033847350455552
146,6,0.2493807884034214,0.21038945518628047
146,7,0.2689549168783393,0.17347700688603068
146,8,0.3042994617484781,0.1436826217519288
146,9,0.31577349788390885,0.12768071220145244
146,10,0.31894862533807433,0.14200041627238758
146,11,0.19846739061003676,0.22959871953579306
146,12,0.2956427258014097,0.09828897310974777
146,13,0.37813770174922706,0.009749492993177733
146,14,0.35416745134352196,0.09830948921781568
146,15,0.3392146149987333,0.16030815414296268
146,16,0.3272876941301124,0.18811095483580526
146,17,0.35290731102672535,0.16625921033914431
146,18,0.3560818085091552,0.17066687641998995
146,19,0.33290168801565106,0.1920525200343644
146,20,0.3978889435272098,0.09157639844296683
146,21,0.40380613413147187,0.07565921664985786
146,22,0.3800031698044973,0.09972936320512049
146,23,0.3284850154119224,0.13279458386510634
147,0,0.3326332310874,0.10448342010005651
147,1,0.23024119863936907,0.22249038487958775
147,2,0.22953926495930205,0.23270432027574894
147,3,0.19863458090188593,0.2614445218359541
147,4,0.2318594546761967,0.22152945121792747
147,5,0.23062006696566764,0.2150115002579291
147,6,0.24891550871143692,0.20226918112656855
147,7,0.26813951125478036,0.1673334739049282
147,8,0.2975017966359344,0.14483687375056176
147,9,0.31014324285697253,0.12575005773139747
147,10,0.329199260087946,0.12292746269888388
147,11,0.2001262632979853,0.2179843967623521
147,12,0.28971221057592567,0.0997227889095566
147,13,0.3813296240123531,-0.0018341970750824221
147,14,0.3550572153871662,0.08471388727313828
147,15,0.3383023385573317,0.1477364360054486
147,16,0.3264551964987624,0.17743213176215983
147,17,0.35759584097651376,0.14784549201465153
147,18,0.3685076110261426,0.14218647176922505
147,19,0.3429657091350285,0.16946661573528798
147,20,0.4264500649310899,0.047218339714464874
147,21,0.4246014808366269,0.042853579920155815
147,22,0.3889183155249685,0.0859297104954993
147,23,0.335188841728545,0.12399536893270541
148,0,0.34157777385827665,0.0938626941918792
148,1,0.24003510332695063,0.21297828641747912
148,2,0.23865290878755008,0.2234383282864863
148,3,0.22086870873027092,0.23715146182088662
148,4,0.2563772270615808,0.19423705377036854
148,5,0.248136380486199,0.19319008599953122
148,6,0.2564920258884199,0.1896500694527256
148,7,0.271429280860551,0.16040221132135915
148,8,0.29275625802919647,0.1456525124575368
148,9,0.2970219827227206,0.1338115734383563
148,10,0.31523616456032527,0.1320554770193093
148,11,0.18881528201237713,0.223617064752536
148,12,0.2806809455161923,0.10968102217763329
148,13,0.39976042256507044,-0.023749253369144796
148,14,0.3905391060938059,0.037764130990718126
148,15,0.37776024781404,0.09328231583807112
148,16,0.36251348947181616,0.12583902584722728
148,17,0.38151560329447054,0.10957945624532217
148,18,0.38903937125194427,0.10942009278306947
148,19,0.358833089121292,0.1443617446084015
148,20,0.4359918784573888,0.02835714732458361
148,21,0.4302165300786414,0.02818416912977062
148,22,0.4008732697503914,0.07060200997289517
148,23,0.33599360908174775,0.1243262396570346
149,0,0.33033229570324457,0.10613824866540389
149,1,0.23599925705208366,0.21551449677071371
149,2,0.23296329645970026,0.22575417075592547
149,3,0.21402710761861019,0.23861036375687286
149,4,0.2532343918926319,0.18969563167575165
149,5,0.2465751171005284,0.1870594220246292
149,6,0.26535719221518195,0.17484105366847635
149,7,0.27165455093421337,0.1545999955022163
149,8,0.29455509617355036,0.13764285995873848
149,9,0.2976659558724385,0.1272703677258465
149,10,0.32035985984210263,0.12452938798915203
149,11,0.1836467539397596,0.22148554727817715
149,12,0.27524776408910806,0.11185019476012914
149,13,0.3853678703525585,-0.014802479856693362
149,14,0.37347040053819225,0.05123836778826041
149,15,0.35694678321380324,0.11109005831447044
149,16,0.3436469427350874,0.14339127352813552
149,17,0.358057055877148,0.13241506420538485
149,18,0.36506194529583613,0.1325819022729115
149,19,0.33680841717805327,0.1643707617038896
149,20,0.41847478897757906,0.04399135889532724
149,21,0.4063550341666331,0.050401282825526916
149,22,0.3835644270314672,0.08432785308122537
149,23,0.3149012000850383,0.1411998057322712
150,0,0.31655330759985567,0.11682841961229484
150,1,0.2387767479352134,0.21182721899318604
150,2,0.2326791572488043,0.22276271964970898
150,3,0.21697596774302372,0.23372659156946002
150,4,0.2608759956970199,0.18173372237114427
150,5,0.2485597492758651,0.18254921876725203
150,6,0.2616927171352367,0.17313948146472316
150,7,0.28549309463407657,0.14060097382309197
150,8,0.3049682932980699,0.1245474476824398
150,9,0.31476424340981896,0.10863423635138375
150,10,0.33062223603723107,0.11112504750330793
150,11,0.1880201373525201,0.2117417488273088
150,12,0.2735740227106696,0.1085891967200846
150,13,0.38027077808274906,-0.013291412288013227
150,14,0.369057251297822,0.04847346988319595
150,15,0.3531387373659059,0.11033061383358478
150,16,0.3422368459900161,0.13946022486606735
150,17,0.3508943605303922,0.13732247315401663
150,18,0.36506276373935626,0.12784831074196146
150,19,0.33767569694621596,0.15833006735977762
150,20,0.4060680110349141,0.05680289673780936
150,21,0.3904097340263141,0.06809490140915747
150,22,0.36815383047706657,0.09668578603258426
150,23,0.30075357779884976,0.1527464183687015
151,0,0.30851079825170863,0.12516466532875115
151,1,0.24502555009612267,0.20652084893752326
151,2,0.24041664974856033,0.21275127360003482
151,3,0.2256558763314955,0.22120143106756696
151,4,0.26588150988891923,0.17084054475897253
151,5,0.2536747894633534,0.1737949970519511
151,6,0.2724536951171966,0.1599790457737634
151,7,0.30319433173581184,0.12374284203106001
151,8,0.3043117899175284,0.12000965787628698
151,9,0.3253353127267048,0.09496420127454153
151,10,0.3239449904534794,0.11032595090817587
151,11,0.1849283573849999,0.20613103845182762
151,12,0.2644357796693856,0.11192507113244793
151,13,0.3767977442650121,-0.014196856778003752
151,14,0.36352211093791187,0.049869766600364296
151,15,0.3515130529330592,0.10866082533752114
151,16,0.3407121335524012,0.13614085770794376
151,17,0.3370741368922058,0.1514272852046345
151,18,0.3591929157203848,0.13169341835636883
151,19,0.3284175427020877,0.16535588864350292
151,20,0.3998214795654997,0.059001838877228485
151,21,0.3787429231512377,0.07759653127795157
151,22,0.36054224949294256,0.10116888308619792
151,23,0.29366341689675635,0.15804745446847818
152,0,0.3011975013249824,0.13248793363535488
152,1,0.23925034775246612,0.20970741111778282
152,2,0.22493842667194255,0.2242997859473351
152,3,0.2249719156898917,0.21968393497700822
152,4,0.27532638505194906,0.15941145592417547
152,5,0.2540896383591903,0.17027217061822222
152,6,0.2649554157786209,0.16140840212937815
152,7,0.2852028395452089,0.1330934835912916
152,8,0.2888267979079257,0.12711286080658074
152,9,0.3141906976573034,0.09998398329109137
152,10,0.3075219600948946,0.11799364081779992
152,11,0.16735556832661816,0.2149329555676577
152,12,0.23866353489678985,0.1303510935356948
152,13,0.35315337843132466,0.005687488509879601
152,14,0.3440055063273734,0.0634844561780159
152,15,0.33767043184535683,0.11860643048506575
152,16,0.3334373768082194,0.137245040280563
152,17,0.31902124372843665,0.17030690997330744
152,18,0.35034662429928537,0.13777897945188172
152,19,0.32691787735238725,0.16098443917484823
152,20,0.4017781553269536,0.05126931210384433
152,21,0.3708448392605096,0.08090393810780239
152,22,0.3716431291763384,0.08315049287115833
152,23,0.30057373762568157,0.14868178543510635
153,0,0.29236032310221965,0.13786140562296256
153,1,0.24751112585542034,0.19993038510837605
153,2,0.23622710819988196,0.2107475813305497
153,3,0.229080972442152,0.21207703422331864
153,4,0.29328585427466813,0.1403827584812709
153,5,0.28955848406010454,0.13533268670723017
153,6,0.28160425831911706,0.14181249067539067
153,7,0.3018779271676698,0.11166792385212987
153,8,0.30008602246924426,0.11184177689696129
153,9,0.3190253049979563,0.09128963214682412
153,10,0.30917767722719486,0.11021519221274254
153,11,0.15863236744986195,0.2185436022551204
153,12,0.23038710980682744,0.13593288104445475
153,13,0.3472586410229907,0.007224067095160103
153,14,0.3407043930223426,0.060488611724011154
153,15,0.3294040119056625,0.12360957972567832
153,16,0.33867303898338824,0.12861648634608702
153,17,0.33016248508935647,0.15534776967394404
153,18,0.35015792152870606,0.13552619695647228
153,19,0.3273753107759402,0.1567254250521632
153,20,0.39108507633262,0.0610220038080711
153,21,0.369765649892704,0.08131569288396773
153,22,0.3639362577680561,0.08965874050975614
153,23,0.2819399768871228,0.16766454977516088
154,0,0.2713362361979502,0.15834369242104507
154,1,0.2413283463460718,0.20438848200316326
154,2,0.23001702516734868,0.21378586605520222
154,3,0.21439852503921658,0.2243496759530164
154,4,0.2700083468142077,0.1595663295535739
154,5,0.2678039466973635,0.15068624247021034
154,6,0.26896927191532627,0.15107448032744786
154,7,0.2842283959222922,0.12463725565124523
154,8,0.2766391994882857,0.12685383357700786
154,9,0.30324005517333313,0.101994028709462
154,10,0.29575572298010444,0.11544936846897452
154,11,0.14547517906235577,0.22574299853461394
154,12,0.21367969337118148,0.14870215645059015
154,13,0.3422102310176835,0.006873637420002132
154,14,0.3476257649101508,0.04365331745891032
154,15,0.3311295744604305,0.11390911170353718
154,16,0.3358567138282308,0.12553043906761252
154,17,0.33061778324459845,0.14724020479839234
154,18,0.3553707220606187,0.12365111942036572
154,19,0.3410513009545465,0.13227758287668373
154,20,0.40507591478383925,0.03616968836986595
154,21,0.37635635667961126,0.06781505098410068
154,22,0.35578268333604357,0.09572330939879031
154,23,0.2860856752021228,0.16226524067264758
155,0,0.28125880040393525,0.15002823532429155
155,1,0.2519486596467294,0.19357066029154144
155,2,0.24108986951119266,0.20173573010571796
155,3,0.22167004543680033,0.21638869262038657
155,4,0.27699045820653573,0.1516072667283103
155,5,0.2719016260212497,0.1454710957999854
155,6,0.2704892673731518,0.14821482892266372
155,7,0.28112731104913596,0.12550859899361747
155,8,0.2743877316472969,0.12677642576035472
155,9,0.2987175524466523,0.10354156149119303
155,10,0.2903313229986098,0.11669750278665167
155,11,0.14817968594028674,0.22034571879360915
155,12,0.21142130159227424,0.15220477596114937
155,13,0.3405701782789141,0.007444304260371182
155,14,0.34641659591377943,0.044058956274464545
155,15,0.33383532167858426,0.10940466456993853
155,16,0.3351820331348562,0.12354201496603656
155,17,0.33682635442416087,0.13817341967243146
155,18,0.35475218691073374,0.12225606474485295
155,19,0.34657164175435473,0.12486747765477468
155,20,0.4015494994344448,0.04006817538697088
155,21,0.3614873466159124,0.08343824873578132
155,22,0.34140633574864715,0.11049816416383779
155,23,0.2593862108456166,0.18974289775794873
156,0,0.2573748727232891,0.17672681367679366
156,1,0.24164111099848085,0.206194572314095
156,2,0.22866638397639016,0.21801255731499788
156,3,0.20588965212731933,0.2320877029980028
156,4,0.2750151824290352,0.15206765964356275
156,5,0.276465806300775,0.14273944769005467
156,6,0.2792601975275537,0.13774341331467096
156,7,0.2836413285687407,0.12333050426796499
156,8,0.28207693099146425,0.11745597596323529
156,9,0.30220612191811175,0.09859694104262418
156,10,0.29116714616401645,0.1149322420747744
156,11,0.1504330103227459,0.21701203037542244
156,12,0.20917614305394125,0.15705070518415773
156,13,0.3388881041497265,0.00992427378356503
156,14,0.3511222195032329,0.035814528379247534
156,15,0.3385598669997706,0.10318395015056886
156,16,0.3446463204333913,0.11372567470862616
156,17,0.3477118046179792,0.1229057120804174
156,18,0.3641182327785747,0.10906378001534306
156,19,0.3522629217272168,0.11569514462912095
156,20,0.4019415337802676,0.03876168726655649
156,21,0.3515965775655181,0.09411145055649484
156,22,0.33689993144490604,0.11368939656242594
156,23,0.24981390935222753,0.19985292290320042
157,0,0.25593670204994395,0.17967812475274011
157,1,0.24295210354660676,0.20592739298230456
157,2,0.23435092062483912,0.21229769765763343
157,3,0.20049892557926302,0.23384098552528784
157,4,0.2665199164207513,0.15631984646629982
157,5,0.26990465952709425,0.14635020453978131
157,6,0.28696604735276554,0.12945220349745754
157,7,0.29356874727114557,0.112273733973973
157,8,0.30139458273661324,0.10009456074679182
157,9,0.32424224602205604,0.07730949021117506
157,10,0.3028628899199371,0.10287629164445267
157,11,0.15505793294957587,0.20749497654046217
157,12,0.20462953883421625,0.15678104804232015
157,13,0.32537909669359855,0.020192159112091268
157,14,0.35118390339658934,0.03190925186298649
157,15,0.34471181437069714,0.0931216258025171
157,16,0.3535420888730688,0.10111726338215399
157,17,0.34884030039625485,0.11886616857084836
157,18,0.36641905872080316,0.10115671914426111
157,19,0.3474144575887126,0.11817973343654203
157,20,0.38784808969305995,0.05209134247890451
157,21,0.3416272393353098,0.10467065536514153
157,22,0.3218443328821301,0.12819805292283887
157,23,0.23564021628471102,0.21269066188189698
158,0,0.23473654011128417,0.1981240963027415
158,1,0.23200025408502103,0.2126402971073235
158,2,0.22419001202666372,0.2161340860510834
158,3,0.1977558152841878,0.23228835089651415
158,4,0.2594107466919699,0.1579447470389438
158,5,0.2585177010409471,0.15452012568981452
158,6,0.27924224252620977,0.1330593101051178
158,7,0.29701049726924067,0.106313671238387
158,8,0.29584306053285425,0.1018853966965167
158,9,0.3222744542975864,0.0768441901819023
158,10,0.2964880536471288,0.10531333234443141
158,11,0.15016531379913997,0.20800992381380617
158,12,0.19814477845622763,0.16082651055018662
158,13,0.31860720586692004,0.02513819064562156
158,14,0.3547230122940536,0.023541758631723753
158,15,0.3472361037625445,0.08527582704298231
158,16,0.3518667913766801,0.101193361151172
158,17,0.3479485628086868,0.11915697906425188
158,18,0.3601963115682815,0.10539781155454919
158,19,0.3487479211660977,0.11314629549278193
158,20,0.38947954893074954,0.04752957694861559
158,21,0.3489451116583286,0.09416080583496012
158,22,0.3192262794114541,0.12715621056443538
158,23,0.23340751960205106,0.21511478983111987
159,0,0.2293600672682679,0.20144799748600212
159,1,0.23546461406052874,0.20761183449580817
159,2,0.21355134303197154,0.22508409246979127
159,3,0.1885720949743126,0.23956805124178068
159,4,0.2456886848022993,0.16994832544016797
159,5,0.24260753171485985,0.16691623298170655
159,6,0.2584370476972869,0.14832027383775878
159,7,0.2665332637362114,0.12887975350985717
159,8,0.2742229026104795,0.11535040169184241
159,9,0.299589476175776,0.09009111954784346
159,10,0.27764926976429,0.11456414482396482
159,11,0.13366190741244144,0.21483082782694973
159,12,0.183357823396272,0.16826653732629304
159,13,0.306900597822225,0.030763293855518792
159,14,0.3481499061560754,0.025855437638797663
159,15,0.33931558006820695,0.08975079763451438
159,16,0.34495699467708685,0.10462413216067906
159,17,0.3446168444030152,0.1180971934656902
159,18,0.35941092078257175,0.10051689205969666
159,19,0.3483673263171221,0.11024105978453164
159,20,0.38844846302118313,0.045562221337459796
159,21,0.344116556618327,0.09859579723107786
159,22,0.3190620758521939,0.12643975770280597
159,23,0.23588759202017273,0.21306970402222244
160,0,0.2217354663813879,0.2075890408012729
160,1,0.24473077339458893,0.1973482518474738
160,2,0.22170108099635516,0.2151290221919567
160,3,0.2070424809655125,0.2214895075445532
160,4,0.26078573867501736,0.15628778438888438
160,5,0.25332653078209755,0.156724552520551
160,6,0.26760945233702516,0.1398831435239108
160,7,0.26429096778316763,0.12812540475009768
160,8,0.27177006615085175,0.11493286677098069
160,9,0.3012428155134343,0.0862028154516877
160,10,0.27609510024987527,0.11461254242712099
160,11,0.1287671340054998,0.21789586855404525
160,12,0.17790296978557135,0.17229233541175507
160,13,0.29654584207243134,0.04043870440590169
160,14,0.3421728375989981,0.03109849364994577
160,15,0.33797046838288214,0.09027314285142646
160,16,0.34188041916528805,0.10803511943153982
160,17,0.3430867975828721,0.11984215948799304
160,18,0.3546608034310357,0.10622243993346214
160,19,0.34197769394116345,0.12041170513606314
160,20,0.37967404938006205,0.057999089122206304
160,21,0.33793370520810245,0.106122946809944
160,22,0.312280450582428,0.1340815210938197
160,23,0.22812364316809094,0.22521050898961215
161,0,0.22241189016803797,0.21163864674766725
161,1,0.2385798485368012,0.20610439244548467
161,2,0.2195316383299112,0.22015318351587537
161,3,0.20052057540993462,0.22932723112599218
161,4,0.2582665614505274,0.1581116468679308
161,5,0.24942377679615735,0.1579804625265774
161,6,0.2694204054060493,0.13694977348371642
161,7,0.2594915100756982,0.13009157066365848
161,8,0.27061615111951026,0.11463869828390838
161,9,0.3064537199315994,0.08044603965857403
161,10,0.2857460604713568,0.10703145614243692
161,11,0.13017427481830715,0.2179566269679072
161,12,0.1780051106859073,0.17306997050260672
161,13,0.2917013045888177,0.04323634446701491
161,14,0.3429381952087345,0.026122281228066535
161,15,0.3468152849385398,0.07768007866578286
161,16,0.34452727835924807,0.10493854320772422
161,17,0.34522044912737565,0.11716850506870508
161,18,0.36392710872657963,0.09385165933326467
161,19,0.34158422448019954,0.11887727490178218
161,20,0.3788484758787634,0.0579259317765507
161,21,0.33854012804625183,0.1022474006770619
161,22,0.3081187220974111,0.1400383064793443
161,23,0.22889824464547578,0.22532935047271432
162,0,0.23123255545396262,0.2053637983916343
162,1,0.24584609800228735,0.20398241167994197
162,2,0.22829738980528172,0.21459625476824623
162,3,0.20316363681050914,0.22974087220789077
162,4,0.25470404372829963,0.16272544818637402
162,5,0.24613191204494383,0.16387861603296042
162,6,0.2673643643698575,0.14025638750039518
162,7,0.2485450004654085,0.14144062847628833
162,8,0.2670045885971693,0.1189181729530675
162,9,0.3015451951834256,0.08684352069689871
162,10,0.2771877680801172,0.11401054198939017
162,11,0.12709987859785463,0.2214106923671714
162,12,0.17253138152835115,0.17918668058521983
162,13,0.28690242270929384,0.048622921923535734
162,14,0.3417331083784801,0.02593671466383418
162,15,0.32889194916139036,0.09386774901534001
162,16,0.33895437067918815,0.10752984054427889
162,17,0.33842680752750537,0.12277815930969527
162,18,0.3454024575912756,0.11348156196810172
162,19,0.3438275092931206,0.1123376114018772
162,20,0.3810471091565352,0.04860799692956275
162,21,0.3332065256707845,0.10619620893450626
162,22,0.29473119512269136,0.1536700766473189
162,23,0.21672108576211277,0.23784427264473396
163,0,0.2284102929346487,0.20866463788527181
163,1,0.23989160389642822,0.21141013053409924
163,2,0.22880424505029479,0.21521925931708963
163,3,0.20775861520441694,0.22690804405951046
163,4,0.25662508943741336,0.1593024572810341
163,5,0.2435035352770053,0.16702003740936788
163,6,0.262889401193371,0.14367789551128757
163,7,0.2501724005684067,0.14133934268267337
163,8,0.27602608824822933,0.11167924694446324
163,9,0.3113981491596838,0.07837521312567933
163,10,0.2799628027064373,0.1092689462003402
163,11,0.12930085885445508,0.21845622659124883
163,12,0.17317118993724495,0.17643212952932583
163,13,0.2840994249973142,0.04929126190699207
163,14,0.3399325132436441,0.025641628770146696
163,15,0.33003808042453187,0.08960057738818306
163,16,0.34036781408681255,0.10054551308256016
163,17,0.3360583634906478,0.12127087631019617
163,18,0.3408271811077878,0.11550415949711829
163,19,0.34120138326902794,0.11269855822126856
163,20,0.3802180000519805,0.04807808966774668
163,21,0.32553194562596044,0.11373465902117968
163,22,0.2892279373546377,0.15952940720654718
163,23,0.2078470542989924,0.2483511693011585
164,0,0.24128440929688322,0.19719088255097786
164,1,0.24486654134742344,0.20743825208669092
164,2,0.23555979789444748,0.20815299094499515
164,3,0.22405478259024186,0.212064225944367
164,4,0.2648941702320292,0.15180879484144252
164,5,0.24650811446595391,0.16500268391968145
164,6,0.26315602536855326,0.14398671144480382
164,7,0.25449745861614775,0.13916695406972102
164,8,0.27663438621935826,0.1139268579032823
164,9,0.3085849095246769,0.0810598069685437
164,10,0.26537919160994605,0.1207482861368997
164,11,0.12979450253396385,0.22001262664435817
164,12,0.1699327504380609,0.18235340911971148
164,13,0.2898130750095697,0.04623760295772672
164,14,0.3567137883717541,0.007662974956631152
164,15,0.3385261828083902,0.07786733629750492
164,16,0.3523251176218216,0.08790040619513056
164,17,0.3341897060590807,0.12395874433338089
164,18,0.3390581572435074,0.11579042871600076
164,19,0.3322966181490364,0.1222378496886129
164,20,0.366031880927045,0.0637569009285115
164,21,0.3207932116038347,0.11740727862237654
164,22,0.2813236435749582,0.17008382333661354
164,23,0.20297950013032592,0.25757067154021873
165,0,0.238929263857987,0.203485243191269
165,1,0.2402948845260099,0.2159173657848589
165,2,0.23118802730119098,0.21580401697144788
165,3,0.23235665705246084,0.20725286800886897
165,4,0.2721314716728912,0.14859691720551615
165,5,0.2478646653309248,0.1668979236846534
165,6,0.2643353674095278,0.14655761515433596
165,7,0.2578620685115749,0.13933957384874365
165,8,0.2778211520438995,0.1143346200036621
165,9,0.31383338419005213,0.0806760980654668
165,10,0.2750597033462987,0.11506229724290856
165,11,0.1411474584090753,0.2120712499391864
165,12,0.1796532605713591,0.17405537396013634
165,13,0.3085450143676556,0.026747843908138225
165,14,0.3810203458028154,-0.018618542625490675
165,15,0.36063434171863307,0.049200850752948555
165,16,0.36638127897222433,0.07009572830728122
165,17,0.3436881980937949,0.11342688421035141
165,18,0.35007301248161277,0.10361978140606881
165,19,0.34202594330404307,0.11031075441497573
165,20,0.3652879061492957,0.0642346769562307
165,21,0.31912484171980965,0.11955511323061818
165,22,0.28224254268247595,0.1701301486200954
165,23,0.2118357270530656,0.25110715143354856
166,0,0.2438743668131609,0.20116743181638697
166,1,0.24466650744855356,0.2122237400815862
166,2,0.23130496617513446,0.2173736452377798
166,3,0.23446189133583367,0.20712702017097107
166,4,0.27921260383638824,0.14583266587978505
166,5,0.24373317380044798,0.17369434401768843
166,6,0.2689187219679138,0.14613177956058299
166,7,0.26378469319264897,0.13885908915960896
166,8,0.28326466131428585,0.11644849084211117
166,9,0.3100411555588245,0.08617102087070264
166,10,0.27362141170934173,0.11874371064671008
166,11,0.13999871875641257,0.21719889599239064
166,12,0.18217661663353216,0.17512624050714803
166,13,0.30419857678636475,0.03443665995419237
166,14,0.3731524189620052,-0.007421140332871945
166,15,0.3556495167336245,0.05934763886389549
166,16,0.3607023977177441,0.08229464366619832
166,17,0.33843932554699396,0.12309643072479481
166,18,0.3397837668859557,0.11991370069567098
166,19,0.34210903580043234,0.11313120886752992
166,20,0.3623566816215007,0.07028020798754275
166,21,0.30707159123434,0.13717213638535558
166,22,0.2741947971365502,0.1819041255911637
166,23,0.20452926130461674,0.26288481215896875
167,0,0.23493598514962746,0.21128677810264243
167,1,0.24043922073286694,0.21752326149735998
167,2,0.22417780738201296,0.22439776053135552
167,3,0.22783523407761513,0.21185899282915477
167,4,0.2830794028405758,0.14214126671143623
167,5,0.24704530444836978,0.1685239947025687
167,6,0.2650383701801612,0.14686985782772485
167,7,0.27388885402348057,0.12921398083809452
167,8,0.28635312980469513,0.11379797112240206
167,9,0.30622098738659265,0.0878560922551053
167,10,0.26429371058023726,0.12529037150852307
167,11,0.13108274861454214,0.22005502498847032
167,12,0.1716782316410618,0.18139782070783678
167,13,0.29248242758723053,0.04263266524677939
167,14,0.35848801826509813,0.004280521697996864
167,15,0.34632425398650113,0.06560648887532877
167,16,0.35161564849100035,0.09218878692995186
167,17,0.33304196553964954,0.12809880380927458
167,18,0.3338246497308901,0.12399669166776206
167,19,0.349503653256953,0.10051606149396247
167,20,0.36100153836691945,0.0707405500687956
167,21,0.30611330291232874,0.13605309659085968
167,22,0.27257124758826573,0.1828952819222559
167,23,0.19476631012551765,0.270804779948461
168,0,0.22327313814694139,0.22229649638247065
168,1,0.23990925502940896,0.21582623802558346
168,2,0.22470157742382485,0.22327222878774977
168,3,0.22081724364044647,0.2179406376359334
168,4,0.2883675677852715,0.1341048838200417
168,5,0.25818039691370115,0.1531345527981826
168,6,0.27804691948677945,0.1308119208450808
168,7,0.2819858206180465,0.11847932072923331
168,8,0.2866754355463871,0.11158395454033254
168,9,0.3036349333464304,0.09236180554461693
168,10,0.2826652662668626,0.12101664373633228
168,11,0.13295498708850867,0.22071297568504217
168,12,0.1693922458391051,0.1831402174630638
168,13,0.2896325441280099,0.04703457196209104
168,14,0.3640109324252097,-0.0011393965612503387
168,15,0.34832962852759775,0.06437999004092981
168,16,0.3554438774109154,0.09060865109731392
168,17,0.33717173836631115,0.12539327160554692
168,18,0.3362732284115923,0.12234245640209623
168,19,0.3519105524812744,0.10061543645068466
168,20,0.35785506960982305,0.07549807336538661
168,21,0.3023024356633942,0.1419983513604805
168,22,0.270079283621627,0.18673820849819878
168,23,0.2005608409519794,0.2687162013607032
169,0,0.23068503131648713,0.21852965685405903
169,1,0.2383370384677853,0.21999818963763926
169,2,0.22382173412071873,0.22747164642071221
169,3,0.2151537449900314,0.22675209724604656
169,4,0.28107424067992653,0.1429904187904277
169,5,0.2571226129860001,0.15627220692935007
169,6,0.2797909421820877,0.13063123206764105
169,7,0.28682191814247937,0.11751231567534598
169,8,0.2944431766158441,0.1091361704649591
169,9,0.3055239463340261,0.09621158723977832
169,10,0.2735499714419046,0.12412277946807321
169,11,0.13440025426294291,0.22238528893362292
169,12,0.1676359481204635,0.18857025236920819
169,13,0.2925594664803475,0.045762923870616645
169,14,0.37085711814898464,-0.007284018412466564
169,15,0.3500205157902659,0.06399999336361911
169,16,0.3632647584919005,0.08576144047534123
169,17,0.3401042478099766,0.12627146580350618
169,18,0.3403641843462496,0.12092725787335795
169,19,0.3563505895881692,0.09733888399570562
169,20,0.3662917517243869,0.06824618186709969
169,21,0.30104745058981586,0.14704395571384754
169,22,0.2667774945412139,0.19387488270534636
169,23,0.1931131732180378,0.27917558235981665
170,0,0.22023202058993185,0.23239426244253475
170,1,0.22074803072810215,0.24164839822173298
170,2,0.2147122005633546,0.24117255070614246
170,3,0.2292138336996057,0.21865790591556902
170,4,0.28712336984902403,0.14230529185593235
170,5,0.24323585833112826,0.1725960895528055
170,6,0.2782405435970136,0.13504001696004334
170,7,0.28469738105913006,0.1227304179439472
170,8,0.29080157432808323,0.11470052278274312
170,9,0.31661494231530435,0.09080936363887213
170,10,0.27051634241922135,0.12519792006282288
170,11,0.13923589968931593,0.2251173674609376
170,12,0.16674470678566558,0.1944721191333377
170,13,0.2862282271632628,0.05510554699680509
170,14,0.3667351774352943,-0.0011645617629024718
170,15,0.3484522359257529,0.06743949808626076
170,16,0.3628447340293719,0.08824342008792002
170,17,0.3314037276322241,0.13911604809694333
170,18,0.33397752663066727,0.13214343694138886
170,19,0.35155918347898246,0.10864200084211417
170,20,0.3582794430985562,0.08215145061410228
170,21,0.2907447038170026,0.1617558363765486
170,22,0.25313175223035184,0.21199463662430262
170,23,0.18048967654377357,0.2955309535784555
171,0,0.19217641684400552,0.26484135224472716
171,1,0.1862790530570896,0.27912057723214345
171,2,0.19800123262107264,0.2610315410913818
171,3,0.20925330744981843,0.24161591817077346
171,4,0.26530977428598157,0.16784302309201318
171,5,0.2441738188056375,0.17405143003207463
171,6,0.2715270870368468,0.14359955840930533
171,7,0.2814136699390586,0.12852389618810153
171,8,0.2729746285638619,0.12531599075277425
171,9,0.3066174687007542,0.10205221817944995
171,10,0.27823865120111435,0.124256197981125
171,11,0.13093880182010204,0.23192965636678092
171,12,0.15318230325810986,0.2067747762448284
171,13,0.2758904636818273,0.06522403397530407
171,14,0.363201138450933,0.00036088504374981456
171,15,0.3447729242943726,0.07013862308385116
171,16,0.3614394399381881,0.0887564961521764
171,17,0.3358651694921169,0.13539800319351558
171,18,0.33711919269705404,0.12991266857306394
171,19,0.3615246082266518,0.09649617429102303
171,20,0.36198335643879365,0.07677054669630118
171,21,0.2909121914633689,0.16075515842449145
171,22,0.251990163809881,0.21237462242198518
171,23,0.17290441105385768,0.3033301614733934
172,0,0.17425068457178372,0.28086095594708965
172,1,0.1761361817959236,0.2899691323381691
172,2,0.17696989954877007,0.270423994028241
172,3,0.2073221723942836,0.24481185483178894
172,4,0.22949682376878797,0.19830411003789306
172,5,0.23826290503088232,0.18081130490402625
172,6,0.260020040720206,0.1523631202302284
172,7,0.28063552048624224,0.13139421103935714
172,8,0.2803115440141723,0.12013506673013719
172,9,0.3044122571818257,0.0961650277860544
172,10,0.26977798954985305,0.12706097841690311
172,11,0.12142598880676679,0.2401854754370329
172,12,0.1393982005285349,0.22009087479772538
172,13,0.26969167721121634,0.0741286651725627
172,14,0.36895020587693356,-0.003507718960190198
172,15,0.346875926755642,0.06962349695165304
172,16,0.3583122550479484,0.09491896543051026
172,17,0.3398928509385397,0.13455336577780042
172,18,0.33531053223483265,0.1358440102336474
172,19,0.35529868034706946,0.10599704311065189
172,20,0.35026177286288757,0.09178717030347155
172,21,0.283699186913692,0.17105892859688432
172,22,0.24541219887654206,0.22167776292109176
172,23,0.16328436882538314,0.3129256658187254
173,0,0.17066152709459453,0.28467860400645817
173,1,0.18204365101472492,0.288089458055631
173,2,0.17006213930077696,0.2745392982458439
173,3,0.21311201169396837,0.24351732650874067
173,4,0.2314954609212093,0.1958948019140707
173,5,0.23607642103575224,0.18185976590007386
173,6,0.261522610340001,0.15013425130552402
173,7,0.2821583367889949,0.1319306927354453
173,8,0.28268528962370226,0.11750854916683293
173,9,0.3065347918306369,0.0949734597104237
173,10,0.2701873536352832,0.12645342841952437
173,11,0.11868114224532177,0.24011293344206225
173,12,0.14028108673072992,0.21708651236432908
173,13,0.26823478972564546,0.07251232604393656
173,14,0.36366560032986717,-0.002417410066420933
173,15,0.3362890333717918,0.07550725926954799
173,16,0.3532200155060575,0.09660227916284336
173,17,0.32824046645391636,0.1414720962218577
173,18,0.31971422346031336,0.15007187243054138
173,19,0.34724534443992505,0.11188367333524385
173,20,0.3465326247665819,0.09509611230401116
173,21,0.27747987024715537,0.1728098598883419
173,22,0.24785828074493954,0.21532422369452392
173,23,0.16513904713546784,0.3091103324150992
174,0,0.17430380555487102,0.2807547481144226
174,1,0.1735408652306925,0.29186983278244893
174,2,0.16260852515900404,0.28042106400162137
174,3,0.20865303253383521,0.24226035105376328
174,4,0.21769295898660782,0.20730171425581567
174,5,0.22584183163331184,0.18966353011137801
174,6,0.2705831927678149,0.1397962507825972
174,7,0.28390122973205534,0.12484516285818004
174,8,0.27455696253143885,0.12152454718760008
174,9,0.29344605137285396,0.10289242225717468
174,10,0.25786613328250974,0.1325592565277879
174,11,0.10422269835109053,0.24002760163883602
174,12,0.14463196524007432,0.1970589480812053
174,13,0.2578585011858757,0.07777412534118514
174,14,0.358732857036765,-0.002558995279197507
174,15,0.33780627585445794,0.06680863992529656
174,16,0.35603691856645164,0.08893649040646462
174,17,0.35498388451949886,0.09102854369243929
174,18,0.31860465175511593,0.14660837167761187
174,19,0.36359562850502675,0.08170669692412785
174,20,0.36216796530905543,0.0676372277297585
174,21,0.31396519536372985,0.12558569160625221
174,22,0.24945508039337433,0.2098298795683241
174,23,0.16016117216631423,0.31017699253928827
175,0,0.16748689172853096,0.2850418896337919
175,1,0.1621833359930234,0.28279928041037283
175,2,0.1662736043456406,0.27665474293207915
175,3,0.18360223863371705,0.2558358351264942
175,4,0.21955762307297672,0.2052217802246052
175,5,0.22946722064321362,0.18537808779282383
175,6,0.2530483003594409,0.1549001107138688
175,7,0.2647453393036094,0.1336977852331017
175,8,0.27048077997371883,0.12387736357996881
175,9,0.28728056778860084,0.1075087928634835
175,10,0.25083093367431347,0.137502533522363
175,11,0.09710402904880197,0.24498327894443683
175,12,0.1363526018901715,0.20286215268770735
175,13,0.25707236944688877,0.0757041102554176
175,14,0.3565337039315238,-0.004196569854936882
175,15,0.3340237398957369,0.06638275294376966
175,16,0.3726171287279842,0.06707525856125135
175,17,0.3507793689449866,0.09509391683247681
175,18,0.3266582160479723,0.13534938898090232
175,19,0.3578480175764527,0.08936452624225355
175,20,0.3420291570624205,0.09645549631268624
175,21,0.30767740343759453,0.13253817924762762
175,22,0.23721735516942963,0.2211636691850304
175,23,0.14794073799697463,0.32065224092717515
176,0,0.15992074352170432,0.2893420164827956
176,1,0.16117792994859104,0.28424750944715127
176,2,0.16241991847743162,0.2799871163112121
176,3,0.21019156389895463,0.23600053151350686
176,4,0.215581030647502,0.20819221055180154
176,5,0.22024622932308036,0.19147865043748008
176,6,0.25099502726701134,0.1543423287715608
176,7,0.26948382923261927,0.12824567524572747
176,8,0.26936288285222415,0.12364143731384397
176,9,0.2849087220556063,0.10896887628894411
176,10,0.24834606095452033,0.13845928579034836
176,11,0.09817868037362551,0.2451337343367851
176,12,0.13528076338602482,0.20416972272159412
176,13,0.26458472076006545,0.06554617173220192
176,14,0.3711343855203085,-0.025257111619807426
176,15,0.3332199903784525,0.06485214243937937
176,16,0.3636323150400416,0.07291287971205929
176,17,0.3305637370814227,0.13043846011296428
176,18,0.3305028794524547,0.13407610412775167
176,19,0.3574642791726131,0.08922896365473426
176,20,0.34968891781144157,0.09087125992157652
176,21,0.3070286860744927,0.13286923139481516
176,22,0.2364424895478237,0.22393324771776238
176,23,0.14754103447231653,0.322047015446043
177,0,0.1602339137620179,0.2930436883278622
177,1,0.1727090049171099,0.28975072012721226
177,2,0.159357149521301,0.2848437354131202
177,3,0.20716546339906003,0.2396390440807381
177,4,0.21753823273017675,0.20769255358514258
177,5,0.2259769748851492,0.18915106561763942
177,6,0.25616949770090147,0.15214357390368205
177,7,0.2889657535367021,0.11900378119327568
177,8,0.2691702723736193,0.12580762172817658
177,9,0.2814634189674613,0.1148357810772607
177,10,0.24167836800706682,0.14500177598000238
177,11,0.09122925687163681,0.2507966968814641
177,12,0.12628966363682956,0.2136481194109221
177,13,0.2692048126427616,0.06087681854444124
177,14,0.37264105733838837,-0.027884258540550877
177,15,0.3319060172308227,0.0620585451764058
177,16,0.3563176983994129,0.0778530433300691
177,17,0.3248161809042468,0.13395019104661127
177,18,0.3214118036313473,0.13832400518396798
177,19,0.3591879848149658,0.08493417854413321
177,20,0.3404614412341063,0.0960856135017123
177,21,0.3076208851603206,0.12978945979968082
177,22,0.2418602487569963,0.21489190625040586
177,23,0.14040641913297236,0.3273676455960737
178,0,0.16001211243902105,0.2921051010268909
178,1,0.1693118003268406,0.29174086250736336
178,2,0.1539748567241601,0.2908361647690514
178,3,0.21837611351934377,0.23039942743063122
178,4,0.21888330474346154,0.20780822180851863
178,5,0.22376063168648833,0.1926742251860883
178,6,0.25322177287889697,0.1548674370569809
178,7,0.3022322571695901,0.10986353056764842
178,8,0.2732982449022014,0.12335330164600933
178,9,0.2860018295252856,0.11209929966423082
178,10,0.24145568529543796,0.1448696180761692
178,11,0.09098269615416779,0.25088306909507213
178,12,0.13391872183149955,0.2064771798969465
178,13,0.25765494599487465,0.07350256809122652
178,14,0.3643373862742297,-0.016274654230653107
178,15,0.33089682935796877,0.06497157647255003
178,16,0.3490593202464751,0.08760985099785701
178,17,0.3187131373597298,0.14153556894627806
178,18,0.31598897499189343,0.14953504208734558
178,19,0.3399628465818378,0.11499220547023264
178,20,0.3196118884699464,0.11971584266882157
178,21,0.3019112005365983,0.13569834526536917
178,22,0.20313691912019363,0.2548087526377113
178,23,0.1132517731956169,0.35477218617990414
179,0,0.1326289909128954,0.31839726684738523
179,1,0.14487606440040723,0.3134109045767335
179,2,0.15497331007542803,0.29078614040078243
179,3,0.20534391972488591,0.24152172404323108
179,4,0.2236786898324471,0.20251400270263967
179,5,0.22574222616551598,0.1902720739263685
179,6,0.2526872364991206,0.15577315942323702
179,7,0.2800223537428723,0.12307930497012168
179,8,0.27561456404013884,0.12281427018633528
179,9,0.28596472263596157,0.11189937863877764
179,10,0.24444380045600714,0.14299208140875397
179,11,0.09627340640661784,0.2493002069687892
179,12,0.12036430881158638,0.2095410771641701
179,13,0.2519592587625564,0.07095662800251731
179,14,0.36212298953171473,-0.019680950969941546
179,15,0.3217900826593512,0.07315596876282798
179,16,0.3494521381745673,0.0849710522788183
179,17,0.34136225945776266,0.10302845222123103
179,18,0.3077121263522352,0.15609652891480763
179,19,0.35076956592238046,0.09636490680598075
179,20,0.3263207126957319,0.10630429540402264
179,21,0.29992619870201637,0.13755669997843545
179,22,0.18712869990195835,0.26861245099291
179,23,0.09575561413798131,0.36755496654447845
180,0,0.1203051026002525,0.3247335728564994
180,1,0.1338818453261954,0.3169010064855513
180,2,0.15093134583779697,0.29585705407274476
180,3,0.20793929620050328,0.23737324139395502
180,4,0.2185981342210817,0.20999811398847093
180,5,0.2236694307187383,0.19484001856286168
180,6,0.2569792740201422,0.16879040631635775
180,7,0.27970700995998266,0.12729874831530136
180,8,0.2743897646782864,0.11961030804439127
180,9,0.2898579594084108,0.11226093911469434
180,10,0.24395829367615107,0.14633103737202946
180,11,0.10560025688712137,0.24549606848178432
180,12,0.09616698351420842,0.22064489719102115
180,13,0.2294565342838291,0.08562021141141127
180,14,0.3389133934173132,-0.0031014960359251886
180,15,0.3066372811596927,0.08253381003790566
180,16,0.3534543454594651,0.07455646883036038
180,17,0.35081053566334147,0.09299481941477405
180,18,0.3030812482355792,0.1548116776385946
180,19,0.35347370750634843,0.09036861649277694
180,20,0.32267470583070235,0.10854044008141517
180,21,0.30115701824513025,0.13790763979439646
180,22,0.18133058214781303,0.27139339940976004
180,23,0.09256587636147513,0.3655312399446405
181,0,0.10759357951559324,0.3319496316797788
181,1,0.12842147993929398,0.31743699597738695
181,2,0.14566360482653948,0.3036795385515002
181,3,0.21254705372746188,0.23259201897707976
181,4,0.2134037459173656,0.21849529530078762
181,5,0.22135516724764687,0.20631712826004822
181,6,0.24643205923367326,0.17694675798319728
181,7,0.280875821026279,0.1304530566482374
181,8,0.27259595557924665,0.1325779365103908
181,9,0.28404524966703215,0.1192616602293447
181,10,0.2412393009927522,0.15151546865274013
181,11,0.08094667272961628,0.24724490969227092
181,12,0.10263723416875216,0.21577862928661673
181,13,0.23097206599499154,0.08313179000559348
181,14,0.3432849516914137,-0.005542755500359042
181,15,0.3086961148682449,0.07799086498616176
181,16,0.3542077149535063,0.07620746534681844
181,17,0.3522114715692592,0.09352779814329587
181,18,0.2974311902094418,0.16109687630113295
181,19,0.3559135676062244,0.08650119945882195
181,20,0.32717230745295894,0.10302311683073917
181,21,0.2990910163552359,0.1422956338807267
181,22,0.1897754488616699,0.2625169360128652
181,23,0.09736222878428916,0.3624106262719161
182,0,0.11583716084490622,0.3252835598239297
182,1,0.1260907350084138,0.3206502697307936
182,2,0.1408281769099076,0.3091955170350955
182,3,0.1964824978843737,0.25166831501618475
182,4,0.21304522618244634,0.22112108943676925
182,5,0.21812605672249855,0.2087106314868133
182,6,0.24206191733016377,0.18037194759618264
182,7,0.29243354920779846,0.12294327079942108
182,8,0.2785128577118687,0.12962945497533163
182,9,0.2838418633637639,0.1205467965288963
182,10,0.24142025298027828,0.15206641481234842
182,11,0.10466535776448954,0.24833214079610783
182,12,0.13330053958294386,0.211894748852978
182,13,0.2690407848076262,0.05809867180449102
182,14,0.35275162336543425,-0.01702583093327248
182,15,0.3188948327497501,0.06329213285361918
182,16,0.35147881574513,0.07817955273677746
182,17,0.3498565124454754,0.09573164606503598
182,18,0.30417366141096236,0.15444985732989486
182,19,0.37156815833724904,0.06846893398539611
182,20,0.32994751490878693,0.10014935548437232
182,21,0.2985261444481937,0.14190138871152363
182,22,0.18512351806126123,0.26904007453476797
182,23,0.09096602378325487,0.3690328536642398
183,0,0.10721451460977262,0.3313255155355791
183,1,0.11976477017811885,0.32639877999283634
183,2,0.13581696749781227,0.31570426347088504
183,3,0.16563817982785664,0.2831273786593942
183,4,0.2104787934720955,0.2239117072557551
183,5,0.22786445233841512,0.19886033724980726
183,6,0.24355890275216513,0.1763868227823163
183,7,0.29500702991690386,0.121484174209124
183,8,0.28085203368930395,0.128461782820381
183,9,0.28140762822452275,0.12419918857743723
183,10,0.25102314031108064,0.14528659688260312
183,11,0.10803927617822424,0.24727955900629817
183,12,0.0980389248293952,0.22248408339566594
183,13,0.26832487607694916,0.05934479507547161
183,14,0.3643321719714317,-0.03132343407449345
183,15,0.32531964008845743,0.053860028390785464
183,16,0.3552028842453422,0.07390874070651149
183,17,0.35463121414791177,0.09041607495911108
183,18,0.328509788684283,0.12565283532699212
183,19,0.37649810688549823,0.06283784888719074
183,20,0.32642327167286855,0.10500946450713505
183,21,0.2950797652512501,0.145740226649206
183,22,0.18991633516742767,0.26791457015208486
183,23,0.09377054968700141,0.368973400509394
184,0,0.1225333811179317,0.3169875629154835
184,1,0.1459376639580106,0.3149413287148224
184,2,0.13623962876272458,0.3178792382143032
184,3,0.16747474219087297,0.282478647509664
184,4,0.2082110757601511,0.2243796173334816
184,5,0.2200724089276413,0.20342961584798566
184,6,0.23978817993467103,0.17771876017975252
184,7,0.30120363198450417,0.11907622905867829
184,8,0.2436599570712419,0.14332631299374787
184,9,0.2820052380276932,0.12487762609041561
184,10,0.2313426258290887,0.14400962647595864
184,11,0.11053003556270119,0.2459367125737308
184,12,0.10520589480464655,0.21549598887652466
184,13,0.2394275347769149,0.07217702988441235
184,14,0.3715526798322109,-0.04233219575094893
184,15,0.3279587606370013,0.04303259562942091
184,16,0.3527189208586331,0.07630974628108356
184,17,0.349385654763785,0.09693671628012962
184,18,0.3320286261383355,0.1152034590923266
184,19,0.3543081599930408,0.09212448120357158
184,20,0.3377776031106352,0.08588045527800187
184,21,0.2907743871320996,0.15108854000777794
184,22,0.2229251603949897,0.24262344871133448
184,23,0.13301051778554346,0.33722703309304614
185,0,0.12185648758556658,0.31549164728162393
185,1,0.13461859622632913,0.3277253915225181
185,2,0.13088266989897046,0.3250260449402679
185,3,0.21079360335058994,0.23972998339199084
185,4,0.2109372535763155,0.22062820676006664
185,5,0.22281303916963824,0.199595885885358
185,6,0.24401135605547727,0.1729927691780077
185,7,0.28585149969499285,0.1340818121035981
185,8,0.27399879345369754,0.1377122661332433
185,9,0.27373666826164333,0.13435775826376128
185,10,0.2526456835617505,0.15120207860273066
185,11,0.11682062628365457,0.24352911352025172
185,12,0.13053053806920487,0.21856905114808767
185,13,0.2594422017465631,0.06887977669818449
185,14,0.37103931407259017,-0.04262421218031631
185,15,0.3319870662366177,0.0369800699669956
185,16,0.3521196575349937,0.07807336287124356
185,17,0.34759109475374345,0.10043360899874038
185,18,0.3332199558314032,0.11154082559286604
185,19,0.3539061867826295,0.09429128394871733
185,20,0.33047798998616,0.0926145476894768
185,21,0.2784567044748988,0.1676110074554445
185,22,0.20932679403808965,0.2596329695765063
185,23,0.12611111319261778,0.3467890602429529
186,0,0.14212524949121627,0.3110139373755769
186,1,0.12676876876506474,0.33772222757298864
186,2,0.12521271957051924,0.3329553734477447
186,3,0.1973010800918029,0.252310096846615
186,4,0.19997371645409426,0.2379467781902317
186,5,0.22564683389729812,0.19735480543220785
186,6,0.24866788076832994,0.168043173923215
186,7,0.28194769682621,0.13903183898030477
186,8,0.2672246195668081,0.14431148350122874
186,9,0.2728110596739688,0.13634121143353659
186,10,0.2456173158526629,0.15318122163110148
186,11,0.1199276755065574,0.24021922912872856
186,12,0.108471513524225,0.21320095790986632
186,13,0.24614637151457444,0.06667946347182829
186,14,0.3721152493674449,-0.046294682395447206
186,15,0.33080943092213644,0.03765754212988476
186,16,0.3507543229484516,0.07813806082168084
186,17,0.34906153688857494,0.09771544922579029
186,18,0.3380673243823333,0.1055251844821401
186,19,0.358346846344135,0.08944638810877781
186,20,0.3240091237433341,0.10052400604572331
186,21,0.2770462059438058,0.16977441810636523
186,22,0.21089966108563377,0.2587930742891297
186,23,0.10487801963109233,0.35986271645205725
187,0,0.11202897093022311,0.32579654611488773
187,1,0.1356216129087911,0.3304304240222491
187,2,0.12402973511107601,0.3331408850153105
187,3,0.16417964874167762,0.28895014237900873
187,4,0.2041388187600659,0.22592651512337353
187,5,0.2263412426675606,0.1966503994681448
187,6,0.2516897897554169,0.1655826694465416
187,7,0.28326312378237173,0.13956344747291216
187,8,0.264339139655171,0.14874688983759005
187,9,0.2658936225082468,0.14366978873856942
187,10,0.25859249229753856,0.14524345770547206
187,11,0.11643816989734557,0.24368405015177383
187,12,0.10062170119145186,0.22110808742770668
187,13,0.256782023918672,0.07197260206348235
187,14,0.3659235827996489,-0.042433524966380975
187,15,0.3341253255848087,0.0295485871588812
187,16,0.3459881598326796,0.08438724193131086
187,17,0.35325863027732074,0.09454010655554101
187,18,0.3471790333613616,0.10689533742397184
187,19,0.3571774807203951,0.09139856285522824
187,20,0.3222773194291781,0.10214138508232867
187,21,0.2742058502052863,0.174107587418456
187,22,0.210941834706691,0.258283869019453
187,23,0.10082257105805537,0.3648683899127255
188,0,0.10969163584781479,0.327367943240537
188,1,0.12014033251337687,0.3341498222617195
188,2,0.12170998266589231,0.32592783487233445
188,3,0.16947976656474364,0.2846690123121851
188,4,0.20029860032058594,0.2283914657633032
188,5,0.21780321427908106,0.20254129737104623
188,6,0.25790457327533767,0.1679996554545627
188,7,0.28759703181048435,0.1381013441644618
188,8,0.2627465763883222,0.15098916264942788
188,9,0.2653080743248747,0.14654521155356634
188,10,0.25665859901990157,0.1455676819524761
188,11,0.14233721170543745,0.2243808133036548
188,12,0.09406730922421068,0.2307609030247585
188,13,0.25542501748629914,0.07365650167934165
188,14,0.3624398188610593,-0.039077472035613625
188,15,0.32571636030809964,0.039477605982719766
188,16,0.34592404070529376,0.0849411777261399
188,17,0.3612189079274763,0.08719736332583156
188,18,0.34577096312242744,0.10819326081862923
188,19,0.35501036515284423,0.09520493002387742
188,20,0.3263275562105376,0.097357771187077
188,21,0.26976258607623527,0.17891856852698507
188,22,0.20725069802921442,0.26186376245067744
188,23,0.13138045547224278,0.3286444802760188
189,0,0.11069829922911853,0.32536555276406987
189,1,0.13551033489587386,0.33061310324462945
189,2,0.12141781138901774,0.3242113006105507
189,3,0.16408499004289975,0.28810669449916626
189,4,0.19313432323211868,0.23259310474770525
189,5,0.20820931455572372,0.20893120909927437
189,6,0.2616547842016358,0.16340708860771622
189,7,0.2884833219310382,0.13735367727880787
189,8,0.2607785715348031,0.15296801236055904
189,9,0.2747007951490692,0.12848151848351175
189,10,0.2491133199280037,0.14859038537688843
189,11,0.13325635482102316,0.2274504183617817
189,12,0.09369704332283106,0.22988102957051776
189,13,0.25116788185671146,0.07608280874321063
189,14,0.35235355277256475,-0.029837860270798655
189,15,0.30987923033152204,0.056429557392828456
189,16,0.36600698203756626,0.04280824538697314
189,17,0.3553849524503065,0.09201023439600364
189,18,0.3473245168641467,0.10514444913963772
189,19,0.3557485469468429,0.09195866729109758
189,20,0.3123380703518168,0.11338573744173241
189,21,0.2685907211908209,0.1801934612885629
189,22,0.2053854674528034,0.2637667860685402
189,23,0.12834555287068658,0.33067926989755564
190,0,0.10314231541022129,0.33182291040025014
190,1,0.1369121562902759,0.3281487204179436
190,2,0.12953907639379975,0.31646043155187287
190,3,0.16957178538416892,0.2835963206881257
190,4,0.2203599460883823,0.2217382040419058
190,5,0.21194277013996116,0.20450899229271438
190,6,0.26396189462428554,0.16175285212535387
190,7,0.2864149997052715,0.13838104404177948
190,8,0.267079496879785,0.14810956328630512
190,9,0.2683657771683299,0.14352648169550858
190,10,0.24769615484947197,0.14887204560308137
190,11,0.1297432015772047,0.22927924947023304
190,12,0.08744290745447257,0.23671812962151056
190,13,0.25160274601501437,0.07314768561027932
190,14,0.34847474274358886,-0.021023323072994926
190,15,0.30059145062659215,0.06977238974390981
190,16,0.35174781745285855,0.07673968372402074
190,17,0.35727624946855613,0.0887404037450174
190,18,0.3451726016384769,0.10825584411829775
190,19,0.3704200349903195,0.06428701138306991
190,20,0.3020602921236295,0.1258194051123434
190,21,0.2519304491158566,0.18415621796644194
190,22,0.19945318513417842,0.26943334560389753
190,23,0.1252327377653074,0.3342492978031838
191,0,0.14193268488457952,0.30981514698836
191,1,0.13840258592786875,0.32616783543781247
191,2,0.13414897089044012,0.31206784070681653
191,3,0.15589605986765867,0.29376894290949823
191,4,0.20269357575144756,0.23572563209405473
191,5,0.2169938484292522,0.1986818913451547
191,6,0.24937414651851747,0.1723836067953094
191,7,0.2865868538953073,0.13902398977490715
191,8,0.2659556059674207,0.1495238333347499
191,9,0.2715040608944845,0.1408184069756283
191,10,0.25346857721947147,0.14308823288390102
191,11,0.1111325643066094,0.24729199027700294
191,12,0.0743082741871318,0.24537464879266963
191,13,0.25679626392863186,0.06867642328952656
191,14,0.3367763225563085,-0.011922979205002904
191,15,0.2929706519815526,0.07285688899253584
191,16,0.34927662032159074,0.07870003985985458
191,17,0.35148713162140144,0.09650922966504583
191,18,0.34259634396720884,0.11245123403038543
191,19,0.35420818804965654,0.0945292200567242
191,20,0.32268138753207054,0.11279037411584497
191,21,0.2590715222138906,0.19122909986696124
191,22,0.18937375213108407,0.28128361626273674
191,23,0.12540898916115767,0.33444360597107403
192,0,0.13679589609464154,0.31670584854418693
192,1,0.1287809243736163,0.33544023935969075
192,2,0.11155887157720368,0.3418481704820876
192,3,0.14912994941832539,0.29796321909592305
192,4,0.1999719034079925,0.23709664781459874
192,5,0.21781428159730826,0.1995863553559543
192,6,0.2527798941432517,0.16826422565322266
192,7,0.29077382545791036,0.134374675099216
192,8,0.2726645210221442,0.1424993377937317
192,9,0.2754658276484236,0.13601984710636966
192,10,0.23853612927103923,0.15949530274941226
192,11,0.10883086406074294,0.24701023180319037
192,12,0.11915211148732255,0.22461166611447198
192,13,0.2539441640158612,0.07128591390040354
192,14,0.33664903934274665,-0.01513730362712884
192,15,0.2824952980067122,0.07938653854466793
192,16,0.3504438868468287,0.0757803704135262
192,17,0.35204626288716656,0.09425410606178475
192,18,0.3448518663468758,0.1074956691275894
192,19,0.3689541056004071,0.0624726597278929
192,20,0.31939665954445445,0.11479052840621218
192,21,0.2549023081977132,0.18106225395179487
192,22,0.17858464306017885,0.29191414578893693
192,23,0.0732194965288873,0.3856058449474594
193,0,0.08358324343331708,0.3502870803262945
193,1,0.12508106831820748,0.3388537946691955
193,2,0.11785628652399917,0.3354576455457733
193,3,0.1512277848290875,0.29484027752925157
193,4,0.204557229795814,0.23221001410466974
193,5,0.22316949942500403,0.19569758162684864
193,6,0.2614924613418799,0.1614853042046376
193,7,0.2935063373168709,0.13280572956042871
193,8,0.27840934543416773,0.13778157810823807
193,9,0.27815770791972705,0.13460348973386224
193,10,0.23644746480117354,0.16307438016904657
193,11,0.1113888493792109,0.2450917964295399
193,12,0.11882814686920809,0.22552753877379397
193,13,0.2483002411737309,0.07748110382153708
193,14,0.336167829223432,-0.01789902299841928
193,15,0.2852558990550825,0.0755082957499002
193,16,0.3446899678026397,0.08197502777251192
193,17,0.3495564035364886,0.0991859612709734
193,18,0.3407879960015023,0.11478108881410437
193,19,0.35770640577883905,0.07600555261430564
193,20,0.31088052068969374,0.12431615776044791
193,21,0.2543522976849157,0.18133402568132057
193,22,0.17096629099477292,0.29872203462811875
193,23,0.0944847320321176,0.37252506620451376
194,0,0.08926530154157927,0.3458748151083255
194,1,0.10933613171352294,0.35142051635813326
194,2,0.10546470590643055,0.3441899416540799
194,3,0.13982368349108587,0.3029398018285259
194,4,0.19633807047554985,0.23768220312613011
194,5,0.22139205133904566,0.19672992287890026
194,6,0.2559368384992516,0.16451457429322838
194,7,0.28957142475718195,0.13446988917561384
194,8,0.2778562384115818,0.13678495165150337
194,9,0.28065361412077816,0.1312537818524184
194,10,0.24382944449891764,0.15699881527573353
194,11,0.141001864522193,0.22324834384638692
194,12,0.11427351934167114,0.2263838256561976
194,13,0.24319568101553501,0.07947765282235508
194,14,0.33965542925576053,-0.01705531063482102
194,15,0.2903811814151433,0.07434045512593845
194,16,0.34602058726370055,0.08153095622227341
194,17,0.3543381908271747,0.09283588058602465
194,18,0.3385401407532672,0.11658236561264929
194,19,0.3679054575037223,0.06710732587957352
194,20,0.3130291755508801,0.12040470779755341
194,21,0.26042428681349566,0.17532482330584492
194,22,0.16191853234951678,0.30616302654509187
194,23,0.07685669337912045,0.38068146104515965
195,0,0.08244865202649694,0.3510941431188123
195,1,0.10042250076149972,0.35740372123685227
195,2,0.09712278206323859,0.3499480354504978
195,3,0.1371850494382221,0.30391911189154597
195,4,0.1982924238064136,0.23587146180062948
195,5,0.22018375762893866,0.19863886364663974
195,6,0.2501917927414102,0.16861575982791677
195,7,0.2904919943983144,0.13295938256259568
195,8,0.2801554499467478,0.1357506368459653
195,9,0.28498757955102233,0.12954411517982964
195,10,0.2162181040480326,0.1716890641631006
195,11,0.14581272489727254,0.22084426779436517
195,12,0.11273964351619488,0.22701598487058852
195,13,0.2386790686086138,0.08238882064643163
195,14,0.33636267251799984,-0.015864308371013713
195,15,0.2939067275715185,0.06910609538358436
195,16,0.34477288583876514,0.08164220398036615
195,17,0.3583290960644528,0.08851667120790035
195,18,0.33837367586022016,0.11601446171235785
195,19,0.3860871176191829,0.04848721294153813
195,20,0.3102688036986821,0.12292907725218322
195,21,0.26388108731264853,0.17301257505520568
195,22,0.1513819959998182,0.31554937257659743
195,23,0.07826331818524634,0.38404664344259976
196,0,0.10106100973276202,0.34471521353625745
196,1,0.09136635074164738,0.36572712405877517
196,2,0.08495595732610697,0.3613198608528739
196,3,0.12816250769781992,0.3126604072645317
196,4,0.18359309366174484,0.24889799359906156
196,5,0.2208727134450783,0.19838512013013135
196,6,0.22559504899467858,0.18916399435458195
196,7,0.2645047750689201,0.15302245871005693
196,8,0.2687990143916278,0.14294933312403532
196,9,0.26491776543335543,0.1460571022300674
196,10,0.2303779274127089,0.16897992975671583
196,11,0.1242552448170557,0.23991103211998913
196,12,0.11112283758626382,0.2300114950610856
196,13,0.23555341721718698,0.08456099196603187
196,14,0.337674874970882,-0.015456196715704695
196,15,0.2927333752033864,0.07588979558553655
196,16,0.34128000943253406,0.08504767669143593
196,17,0.35617747678299444,0.0904578205605916
196,18,0.3347642949056761,0.120331721049861
196,19,0.382782581218654,0.0549569701819877
196,20,0.30837620482188666,0.12458823493539317
196,21,0.2654495360017756,0.17646464936808298
196,22,0.14895847050774275,0.31852144156118406
196,23,0.07356787852059654,0.3880798313826166
197,0,0.07255256815532139,0.3649206107477025
197,1,0.08114434273683185,0.3759417676686353
197,2,0.07684477562095898,0.37074721964594093
197,3,0.11846727259411746,0.32285285272135456
197,4,0.17511532564108828,0.25807347887126475
197,5,0.22151909848829882,0.19775456433777888
197,6,0.2202348114343343,0.19537142701681795
197,7,0.2616143845240914,0.15753314562485132
197,8,0.27038207803188063,0.14490590671593162
197,9,0.25860182683350014,0.15031359472166558
197,10,0.22985812600458483,0.16957172795937633
197,11,0.12397241608001652,0.24075862245580693
197,12,0.11110370409007292,0.23047736965057933
197,13,0.23312440353371128,0.08616308809617226
197,14,0.3478819324262875,-0.026279700343713075
197,15,0.30280129800614525,0.06372955969590305
197,16,0.33731769930949984,0.07850913519231134
197,17,0.36382226310880933,0.08048507212340011
197,18,0.33654939527097305,0.11697810104039946
197,19,0.38891338378410306,0.04543016638849823
197,20,0.30730011872188023,0.12557022697434939
197,21,0.28464240982196665,0.15222385870827626
197,22,0.1453777144912634,0.3222497868281789
197,23,0.07814690668927188,0.38467830079330967
198,0,0.09824329696435397,0.34807567770104697
198,1,0.08330842019034791,0.3733792488749412
198,2,0.08127671509762911,0.36634306425596336
198,3,0.11912902471076078,0.32328679788029485
198,4,0.17572421528911067,0.25818712078944
198,5,0.22507411498870133,0.19520252534146343
198,6,0.22170796393816902,0.19407087192022474
198,7,0.26259373335181896,0.15700518421078788
198,8,0.2741867141241937,0.14440727113304175
198,9,0.25728970035946475,0.15102011765473633
198,10,0.23045462231211541,0.16832149027918597
198,11,0.12779804081580035,0.23756529053846123
198,12,0.11159552203896657,0.2287642100581098
198,13,0.23498817020075927,0.08398198063558038
198,14,0.34457010402518773,-0.022692815694669244
198,15,0.30864425020396274,0.056118817854052594
198,16,0.3482975554106111,0.06601128874805567
198,17,0.36910584598954693,0.07383168174965432
198,18,0.34248921448792824,0.1102700789663017
198,19,0.3790046465240599,0.0585813717880711
198,20,0.30633659637932914,0.12735204462413197
198,21,0.2874001699738657,0.14991170051887975
198,22,0.1443965390292995,0.32493590585329735
198,23,0.0728541968321132,0.38952191423239263
199,0,0.07895589871138471,0.36126781764865423
199,1,0.07637248898227081,0.3780909784366875
199,2,0.0752200484359435,0.3706342542667797
199,3,0.11904610973508574,0.3232959605643828
199,4,0.16723688035753326,0.26374363268081535
199,5,0.18253569440673656,0.23914673087449811
199,6,0.20666083852869233,0.20412958636071946
199,7,0.24532162453673972,0.1695329348601061
199,8,0.29857097794927734,0.12829083362912846
199,9,0.2566576369263692,0.15099039297417072
199,10,0.228679530046017,0.16959847209597131
199,11,0.13532289564372368,0.23342387804845316
199,12,0.11836627622420559,0.2242516676661834
199,13,0.2393403124559869,0.08156689636221476
199,14,0.3371648944523042,-0.018054552876221097
199,15,0.29785977182840156,0.06199870386920203
199,16,0.3363674329250278,0.07427556862967549
199,17,0.36479037657957736,0.07473132487598882
199,18,0.33941051170628667,0.11039925303948295
199,19,0.35592443715901684,0.0841901606261285
199,20,0.30687158168575035,0.12516718610222594
199,21,0.2768020815630424,0.15901050962134378
199,22,0.14219413918711477,0.3246823106408135
199,23,0.12009376744083587,0.3430106238432148
200,0,0.07128914058915313,0.36885624735869105
200,1,0.04658572519717523,0.40748080187143576
200,2,0.07598440849057976,0.3687435939973333
200,3,0.12546893068334186,0.3163567207664362
200,4,0.17718809489594736,0.2536418128424073
200,5,0.19634321833785132,0.2269662700003184
200,6,0.2256401004060798,0.18846723835420498
200,7,0.3226051482856094,0.11835444158858585
200,8,0.2800904251189766,0.14296824231394806
200,9,0.25955831219430914,0.1478471321886477
200,10,0.2327694474714051,0.16734865452072803
200,11,0.15167454743000314,0.21959655197124744
200,12,0.12897431555313463,0.2158501125765213
200,13,0.2064853446479114,0.10401139439088208
200,14,0.3165637056476698,0.00019668256415245056
200,15,0.28847671375304457,0.07011106628616603
200,16,0.317356062037511,0.09414740557174789
200,17,0.3700016384582908,0.06990113974126716
200,18,0.3393437990915967,0.11050684250513598
200,19,0.3414309495532464,0.09970656999218197
200,20,0.28991819722367085,0.1379835725201698
200,21,0.247163310559689,0.1928041577140257
200,22,0.13188000947389064,0.3343776761723154
200,23,0.05409035711829787,0.40834588368806035
201,0,0.06156129494212777,0.38010904816753044
201,1,0.047793001804800506,0.40813968905855114
201,2,0.04067311584386624,0.40948467930498067
201,3,0.12339298820506504,0.3170895186712833
201,4,0.13391429706154928,0.3052744469719402
201,5,0.19560498047669928,0.22622443457527577
201,6,0.227278044320559,0.18606866497746455
201,7,0.2958172146151559,0.1398444148546706
201,8,0.2580646229604098,0.15950936559502482
201,9,0.2354382847001213,0.17187489056313487
201,10,0.23505369599368808,0.1656870061384252
201,11,0.14100222932918752,0.22921257452219912
201,12,0.12399233342011436,0.21797473363305123
201,13,0.20884799827425907,0.09910982860990705
201,14,0.3139050071434023,0.0011938870738797958
201,15,0.28837584901496494,0.06849734061940882
201,16,0.31544422047121845,0.093690627336448
201,17,0.3498456671873753,0.07584464400880842
201,18,0.34112120007839447,0.10911199250504627
201,19,0.34786204015395916,0.08937745643705663
201,20,0.28664862488184417,0.1409027205720183
201,21,0.2503185603804241,0.19059312020225588
201,22,0.13293991124841936,0.3331112575038322
201,23,0.11777603653264433,0.3445638032034308
202,0,0.08570347345615595,0.35612832481251927
202,1,0.06890242743430555,0.3834970002321404
202,2,0.052422446386086674,0.3994319587962643
202,3,0.1136637853459201,0.33777691612570837
202,4,0.16318847812126946,0.2820218467612222
202,5,0.19915396979645278,0.2422814639618224
202,6,0.23028493095410696,0.19799832999773836
202,7,0.2989894314537286,0.13751800002918801
202,8,0.2603181624997167,0.15786642982925236
202,9,0.23131144188549563,0.17435263618961402
202,10,0.20129888576778796,0.18941038862006945
202,11,0.14521917884993368,0.22708000316419852
202,12,0.11978324659559199,0.22251706250154196
202,13,0.2195670531040379,0.0897962539983215
202,14,0.3172285778967819,-0.0011662271212778408
202,15,0.29541294994213346,0.062481875495032535
202,16,0.3106689146953953,0.09937789964345756
202,17,0.35376459787775316,0.07152293555719258
202,18,0.33885879565288907,0.1108555789228593
202,19,0.344374992329446,0.09567592232367278
202,20,0.28158406466788194,0.148886364665146
202,21,0.24838687839992607,0.19454027117254735
202,22,0.12559017376474524,0.34277279507063707
202,23,0.11701841310889981,0.3450700102012106
203,0,0.08495525894094051,0.35905965533017997
203,1,0.06481264119547722,0.38898587130828643
203,2,0.06484685616352436,0.3860297597641689
203,3,0.12627690771754357,0.3240107609826454
203,4,0.19876966095849405,0.25337129929043656
203,5,0.2351358223630975,0.21557262357653992
203,6,0.25128249184806617,0.1833935662025587
203,7,0.30065207287778395,0.13905852972604837
203,8,0.26374486656945495,0.1558312003869633
203,9,0.229166571398229,0.1764216096070174
203,10,0.2045183949494673,0.1884454388977001
203,11,0.13852724137499597,0.23247744822241734
203,12,0.11582304348658343,0.22686922034189755
203,13,0.22868988822105235,0.08439084412652975
203,14,0.3248548178981266,-0.006653180856016905
203,15,0.304046873081771,0.05694161361616401
203,16,0.3212081806733581,0.08994269509025093
203,17,0.3738389618677374,0.0515247607333395
203,18,0.3433584635562231,0.10525266395226668
203,19,0.35409168629021354,0.08668379274152055
203,20,0.2929346032718004,0.13738907103361325
203,21,0.25684411977107013,0.1881442088288331
203,22,0.12953325947881797,0.3386252976014659
203,23,0.11629691924075115,0.34394162979601867
204,0,0.08094370604016972,0.3614317633101674
204,1,0.06284368602545223,0.38950410135930597
204,2,0.05550253437126059,0.39165638337953146
204,3,0.12019763197069941,0.32731393731791725
204,4,0.19986752146445386,0.25250780231326475
204,5,0.2425594123580358,0.20837488843542917
204,6,0.26250464229787335,0.17343159668777233
204,7,0.3104775412918359,0.13273672655575663
204,8,0.2671688928622504,0.15592670008162648
204,9,0.2284090242420932,0.17975045190447955
204,10,0.2382616128795096,0.16209023589428675
204,11,0.13974215454334266,0.22914312942942494
204,12,0.11914519282334303,0.22264974409699662
204,13,0.23307552477487858,0.08267199268984793
204,14,0.3305235816885876,-0.010135605126984248
204,15,0.30886580209469033,0.05498853191822073
204,16,0.32541993187447465,0.08926474673172341
204,17,0.3809761429995263,0.04690217384855461
204,18,0.3778900761650206,0.06000434438992647
204,19,0.3606050358317377,0.07966374666213166
204,20,0.2939193034773838,0.13625852503939762
204,21,0.25492050927114857,0.1931887174611604
204,22,0.16194156342153654,0.31154210152668116
204,23,0.07986573736475283,0.37966421492071245
205,0,0.08325691790838974,0.3588830706909526
205,1,0.06281897303451996,0.38773785790147286
205,2,0.05875646730002519,0.3898716946791623
205,3,0.120164612911713,0.32963509349334114
205,4,0.2044136284125032,0.25038554739269514
205,5,0.2383761146126494,0.21391609600980718
205,6,0.26647201197580744,0.17625728597791943
205,7,0.29669776395395764,0.14445983376344945
205,8,0.2638285712155585,0.1607848519137194
205,9,0.22620064617535537,0.18431908257201512
205,10,0.21103122576900335,0.1926658548880249
205,11,0.12790615400099434,0.2464197032717391
205,12,0.12505112402419558,0.22304562344373208
205,13,0.24214791598704669,0.07523616913197767
205,14,0.3250666563444485,-0.0003648975691491474
205,15,0.31201348467865536,0.05635510628949075
205,16,0.32737141224468685,0.0906744499261875
205,17,0.37785854240781425,0.05606330003915161
205,18,0.36603039653519853,0.07954318271258248
205,19,0.35680179429659364,0.08555870196413451
205,20,0.2927645749526171,0.1390144362392028
205,21,0.25211246541885196,0.1989329492387989
205,22,0.15829051421798762,0.31708628517940024
205,23,0.07594632820734484,0.3814594536931441
206,0,0.08801007303612121,0.3535624848122677
206,1,0.1006225723722091,0.36379198687181646
206,2,0.06405938569769958,0.38874879118424044
206,3,0.11788293666626345,0.33413947732082405
206,4,0.19790789627390273,0.25753652615939726
206,5,0.22738281986222,0.22139812476927162
206,6,0.2565468961420481,0.18368510051081924
206,7,0.2938964585034041,0.1480021358575488
206,8,0.27221966257000935,0.15644545447647096
206,9,0.23269051476579897,0.1800555744101983
206,10,0.21137678125225573,0.19253080583841245
206,11,0.12745240463582158,0.2460184053618965
206,12,0.1251736447300262,0.2237273537065475
206,13,0.245654318860057,0.07268626514486265
206,14,0.33254411931118344,-0.007842913257922579
206,15,0.30748127425359323,0.059855352727217315
206,16,0.3182657552872973,0.1009083163207401
206,17,0.37278534216319065,0.0635245732884473
206,18,0.36304947929348985,0.0826559098563841
206,19,0.3550950053526626,0.08692986988113183
206,20,0.2952912626744738,0.13504014123926678
206,21,0.2564381737173233,0.1953947527381315
206,22,0.15773764674391733,0.3190298306781816
206,23,0.11015352489051845,0.3477261788404538
207,0,0.08388310385328467,0.35647000076776303
207,1,0.0966730683476854,0.37011167235485976
207,2,0.05886875111854301,0.395055919354349
207,3,0.11172499615264617,0.3380033031370726
207,4,0.19525565987408403,0.2586067412380298
207,5,0.22112039536910527,0.22430557028200046
207,6,0.27085413919050216,0.17041785593343142
207,7,0.3077282564455877,0.13694092375259537
207,8,0.29564089968801727,0.13839864926706466
207,9,0.24948761761711746,0.16849584865365183
207,10,0.2242649300810343,0.1840014237924517
207,11,0.1450353795039805,0.2366256475945836
207,12,0.12572721536388168,0.22600174377724597
207,13,0.24504027934102354,0.07519883968884422
207,14,0.3398349261498008,-0.012857468478273959
207,15,0.32067019544802744,0.04557847260228576
207,16,0.3372315477001993,0.08142346416978874
207,17,0.38207803547778046,0.054494366185895815
207,18,0.33484987429412477,0.11611930087023287
207,19,0.3480756555762534,0.09237492686701604
207,20,0.28687782735096706,0.14303481193389134
207,21,0.243429563228596,0.20790133398949062
207,22,0.134720849548418,0.3431150758500281
207,23,0.07373629612252308,0.3830485413806528
208,0,0.10787987676642899,0.3430593293384274
208,1,0.08563848811987108,0.37929735509881074
208,2,0.054536036472793745,0.3951601620946118
208,3,0.09756317524604097,0.34594438533112093
208,4,0.1881763321471129,0.2598221656555626
208,5,0.21257178809933816,0.22791480090108268
208,6,0.2769013899765514,0.16189128308782533
208,7,0.2987811574543534,0.1434429333565944
208,8,0.2929880437374957,0.1402751968662423
208,9,0.24483566664159942,0.17199150919182615
208,10,0.21405075317266573,0.19062971082083063
208,11,0.13487695035559413,0.23821245079964676
208,12,0.11951589432738405,0.22913175730744595
208,13,0.23002555568970423,0.0877234869381247
208,14,0.3336217574589376,-0.008076516406156198
208,15,0.31246263455542655,0.05418029985363654
208,16,0.32819327349761834,0.08942710746974591
208,17,0.37772148036972214,0.05948811921681996
208,18,0.34019641324315525,0.1100699941846654
208,19,0.347831944117312,0.09587119308358455
208,20,0.2943790651655678,0.13674330363014053
208,21,0.24529652267741506,0.20822973572733589
208,22,0.1432956878391567,0.3359989413352459
208,23,0.09959744067732813,0.35461289894853376
209,0,0.10080594701247884,0.3472846693905505
209,1,0.08203490834965502,0.38047657228684434
209,2,0.05271601575932654,0.3933996554985934
209,3,0.08803139318522275,0.34955084594884456
209,4,0.17687596659527657,0.2664959830325006
209,5,0.20376643048589288,0.23228431228197108
209,6,0.27320334901460175,0.1636909026906948
209,7,0.2945589053777912,0.14575289017490897
209,8,0.2917096325802225,0.142066073790067
209,9,0.2508375582484294,0.1697200653002946
209,10,0.21365583039266647,0.19231322114047797
209,11,0.13692218704878542,0.23935646473274147
209,12,0.11875178450440022,0.2315779343587373
209,13,0.23347869836392346,0.08472873054404229
209,14,0.3362030107918316,-0.00978558096968346
209,15,0.3198893712994558,0.050254605756260895
209,16,0.3412764746167945,0.07776049711797894
209,17,0.3606168482444255,0.08144390558202852
209,18,0.34430720223926603,0.10768701388661983
209,19,0.35747525660711166,0.0850605881443327
209,20,0.30080230695816096,0.1307501887436373
209,21,0.24735022924543668,0.20571048673678471
209,22,0.145479681477483,0.3324042481816588
209,23,0.09323997864593629,0.35863924488298493
210,0,0.10769742118341695,0.34072962558463704
210,1,0.0846417806987665,0.3776734402689038
210,2,0.061926941486750355,0.3871172197364283
210,3,0.09158158368582113,0.34515045297182023
210,4,0.1816473387128869,0.2609651311125819
210,5,0.2151717453512336,0.22410039897539827
210,6,0.27838080498024703,0.159992181406377
210,7,0.30533377061524913,0.13789648822161066
210,8,0.30538422603960136,0.13396678549093163
210,9,0.2657149513398258,0.16327614250783098
210,10,0.22968537327041277,0.1855666960908596
210,11,0.15643421753238324,0.21902376798198464
210,12,0.13146862422096672,0.2278685291955973
210,13,0.23762440813870225,0.08523995786070601
210,14,0.33583964923638926,-0.00454729209275051
210,15,0.3207502189355922,0.05027386372570808
210,16,0.3453437007472157,0.07612210326530727
210,17,0.39496660915327547,0.04360492523400761
210,18,0.3484658330872967,0.10360723664764865
210,19,0.3574734999486566,0.08512075693422017
210,20,0.29644316364003065,0.13728103722675333
210,21,0.23817432421563572,0.2144903420000342
210,22,0.13279887376152125,0.342839541064324
210,23,0.08981614616824148,0.3618399331840389
211,0,0.10138205409036921,0.346826556077135
211,1,0.07449819069480404,0.3898914227222409
211,2,0.05323415106353684,0.39807761597222413
211,3,0.07662063034600498,0.3603494937690383
211,4,0.17014049914780496,0.27469867342405585
211,5,0.2060565698315881,0.23376247273896733
211,6,0.24509907854661522,0.19015988293067732
211,7,0.2867847198513379,0.15588075725247175
211,8,0.2929743659207732,0.14788494102266406
211,9,0.2659472319595349,0.1674180242054184
211,10,0.2383785629715598,0.18284684850036176
211,11,0.19425437083336247,0.21424212214719165
211,12,0.145113546542292,0.22530483485264283
211,13,0.2534608484933218,0.07571653176098
211,14,0.3540821348705251,-0.018899896210138822
211,15,0.33187247907495926,0.04099534722792253
211,16,0.3533064234700871,0.07402684632592899
211,17,0.4094194173658824,0.035197404139410526
211,18,0.3767678282011469,0.07620130224192262
211,19,0.3606647007206501,0.08325127127374843
211,20,0.29534023722138114,0.1404164587363287
211,21,0.23374077833669865,0.22238196836782137
211,22,0.12716733799153293,0.35331559686002834
211,23,0.0879495608200964,0.36282987707987235
212,0,0.09276347450669924,0.36069434712648596
212,1,0.0562363617333405,0.41244931448830435
212,2,0.04233235237208672,0.4135829826995634
212,3,0.0638730320357904,0.3756794243494164
212,4,0.15274481123093145,0.2917474221211259
212,5,0.19220944526579184,0.2485822876066425
212,6,0.2374906958329372,0.20150551875544934
212,7,0.27411415587280885,0.16918595406331052
212,8,0.2783686415262357,0.16223622234827334
212,9,0.25665252255034005,0.17566508413943568
212,10,0.23316935370907133,0.18871471615661753
212,11,0.1894124521926075,0.21771540569521874
212,12,0.1384279204561826,0.22955505046577207
212,13,0.24078138648424777,0.08454873584818792
212,14,0.3434316034055479,-0.013663258860901473
212,15,0.32864253206275956,0.04170919359061148
212,16,0.34014566202760493,0.08590820119816872
212,17,0.4080403845560868,0.034599682430152545
212,18,0.370288745927388,0.08153247787526569
212,19,0.3539171449697492,0.09092977298765209
212,20,0.2800219624489614,0.15557564963412523
212,21,0.22329317214857328,0.23240260301302895
212,22,0.1197832022348702,0.3582719617924864
212,23,0.09356541262407703,0.3578802617572172
213,0,0.08810282661957819,0.36406820223343267
213,1,0.054128166675833464,0.4119685529494838
213,2,0.04317759402970259,0.4095104151061138
213,3,0.05492467624731566,0.37927333968463495
213,4,0.14345250362234627,0.2949467214735475
213,5,0.186290824552425,0.24831238342564724
213,6,0.23202703152775034,0.20116592024421642
213,7,0.2685851457203545,0.17237179112768852
213,8,0.27573582810646013,0.1599795725327916
213,9,0.2536665716774168,0.1742969504254688
213,10,0.23636012862450154,0.1836346666190239
213,11,0.1897495147614526,0.21285389164419666
213,12,0.138288647809678,0.22607969346638446
213,13,0.24192849755174892,0.0815925197652434
213,14,0.33273487121435485,-0.006437978587728432
213,15,0.3105193097769823,0.06123937336793783
213,16,0.32168199868383524,0.10384227331327245
213,17,0.39310060120770857,0.049005922062594076
213,18,0.36562313398399027,0.08338511663138365
213,19,0.3545894142015816,0.08788082702991634
213,20,0.2884595766610546,0.14520218772183935
213,21,0.229981730440144,0.22658833815244514
213,22,0.12132820892783498,0.35560268160623915
213,23,0.09428519088876457,0.3576630403457475
214,0,0.08350462845448396,0.36626513575710207
214,1,0.05291250298830781,0.40963807879884084
214,2,0.037825719327458006,0.4091530562601979
214,3,0.05507251374227604,0.3751987521047976
214,4,0.13652584170640866,0.2976627064152194
214,5,0.1809835334085221,0.25178600142969965
214,6,0.21827331761712124,0.2107777916947171
214,7,0.2525246431992563,0.18286262410806212
214,8,0.26090311847888714,0.16979903892894896
214,9,0.2529512060668014,0.17363037149189903
214,10,0.23373829840380161,0.18462483663174054
214,11,0.20888026611436913,0.20240451263637657
214,12,0.14461404041701986,0.22140936882172108
214,13,0.24310154780242116,0.0837545976986444
214,14,0.3308782765318457,-0.00459757486614748
214,15,0.3114647436876266,0.05834041188079503
214,16,0.31994129000087496,0.10623908180517516
214,17,0.38084986742828497,0.061034221547298095
214,18,0.35064331691518125,0.09803612827487712
214,19,0.3503344307611112,0.09179035590095697
214,20,0.2873465362032339,0.14628924236991048
214,21,0.20971903033428335,0.24765849098239168
214,22,0.10980965308555464,0.36315319920055467
214,23,0.09379793462711296,0.35806107336501536
215,0,0.06390820474171251,0.3829180769631917
215,1,0.03951137907447761,0.4225319612154037
215,2,0.033116460896857415,0.41440545802989653
215,3,0.0615962481256892,0.3713788691382971
215,4,0.1477763792991041,0.2878154570660044
215,5,0.19070053844761375,0.24247459860890289
215,6,0.23451381099938962,0.1970318038748965
215,7,0.2629844693891331,0.17090338236486752
215,8,0.2617382534042742,0.16836939490774158
215,9,0.25587777868905726,0.17238969111620428
215,10,0.24381725003894245,0.18050897224677018
215,11,0.23102478062407789,0.19281002849190956
215,12,0.1636043126782664,0.2106781486465844
215,13,0.26183952077099076,0.07219860691038685
215,14,0.34781958513665523,-0.02104078338655402
215,15,0.3203437916089004,0.054264641494285004
215,16,0.32619566254576765,0.10332888193467438
215,17,0.381364770112312,0.0650647443488
215,18,0.34580851765144954,0.10707452180421739
215,19,0.34206008782309827,0.10410119009815683
215,20,0.28161698415808106,0.1570617036442959
215,21,0.19341051911858637,0.26765597532433083
215,22,0.09013416140301654,0.3842151071875627
215,23,0.08952865245471249,0.36062173746658654
216,0,0.06527822516082066,0.3818072021120371
216,1,0.04824376705181378,0.4165432886118115
216,2,0.047145684527758504,0.4043224095637613
216,3,0.07230371013811344,0.3637157275734443
216,4,0.1584953539082612,0.279539027399784
216,5,0.20908404133306716,0.22710532084509055
216,6,0.25861408181745127,0.17670957978607144
216,7,0.2776093387654021,0.15824800652126578
216,8,0.26129208431793344,0.1695853181653465
216,9,0.2645074308388034,0.16551388019369168
216,10,0.2470218716726031,0.17718921250428626
216,11,0.22932030058932498,0.19114639857658006
216,12,0.15220431521758634,0.21578477619889483
216,13,0.25001619660041796,0.0802949462521981
216,14,0.3492679488105422,-0.021259613689432078
216,15,0.3195485143658123,0.055637762875509866
216,16,0.31979237166359725,0.10898713287217687
216,17,0.37735160470126805,0.07304243394021404
216,18,0.34778146110769764,0.10819322541546972
216,19,0.3388833065943841,0.10892241548923437
216,20,0.28523843567937984,0.15408903002371482
216,21,0.19092343019256683,0.2688562384000241
216,22,0.08536733699256363,0.3850924777675951
216,23,0.09830884426903376,0.35247868160523704
217,0,0.05978535341649271,0.3873408654135103
217,1,0.04451190059564789,0.41941867095391444
217,2,0.04794817717209431,0.40298159784090665
217,3,0.07215797120654958,0.3621145672775843
217,4,0.15776356746872258,0.27746307384270646
217,5,0.20838279536000293,0.22547031653827246
217,6,0.25242822065351206,0.18040957807673041
217,7,0.27517025003598294,0.15931935555275892
217,8,0.2502258826713662,0.17487204365562997
217,9,0.2610236769791788,0.16460661272719623
217,10,0.24708397488619127,0.17517163229520685
217,11,0.23000536261355142,0.1888182791393107
217,12,0.14397833760928733,0.22210996896074378
217,13,0.23536068517070713,0.09496886875686053
217,14,0.35182652381087076,-0.023977637078041736
217,15,0.31818144683793553,0.05577628425076253
217,16,0.31689952062433097,0.11011203956025323
217,17,0.36475970397117413,0.08723141903298426
217,18,0.34291682621336017,0.11354432171009399
217,19,0.3384724347775415,0.110304069424011
217,20,0.28321536374886147,0.15871529807239304
217,21,0.17717833489312293,0.28612264973618196
217,22,0.08029480968864273,0.39055986941539567
217,23,0.08204362640334066,0.37083482106896126
218,0,0.06632957149188397,0.3825858602706258
218,1,0.045577153101006566,0.4182576894205879
218,2,0.045283354474719366,0.40496527736911586
218,3,0.0864627077769329,0.3494135325444439
218,4,0.16496783565814846,0.26980204624999393
218,5,0.2043039934425132,0.2248747681062633
218,6,0.24346989181459483,0.1837406616807482
218,7,0.26865447718025387,0.162481534664312
218,8,0.2525974538160519,0.17082841697657358
218,9,0.2564526058079044,0.16498707379355868
218,10,0.2458123040100401,0.17116290814409738
218,11,0.2315565391589798,0.18522313231555276
218,12,0.1486108666537695,0.2172405681779073
218,13,0.23654896247019905,0.09399034214717428
218,14,0.34233994180901034,-0.012815241754253193
218,15,0.3210528691111898,0.05175582562345693
218,16,0.318529507390862,0.10777323887881335
218,17,0.37167244685161016,0.07764213924920266
218,18,0.35330195386229296,0.09787608179207274
218,19,0.35943406520056337,0.08502038289055613
218,20,0.29667815975121664,0.14123958919147384
218,21,0.19208826745170438,0.2677581304539135
218,22,0.0992307632104324,0.3718947584967295
218,23,0.0632618412670198,0.3926953339326038
219,0,0.06067418065999466,0.3865500956295508
219,1,0.04683379802097047,0.41537802586175177
219,2,0.038875966144243594,0.4060019582797154
219,3,0.07086722636645022,0.35393461831967926
219,4,0.1471090780525244,0.27775530194897274
219,5,0.18511637582626655,0.2356581312341641
219,6,0.23377112479357004,0.1891537730225349
219,7,0.25720864483232847,0.16878969145452125
219,8,0.2602277702935132,0.16221953503816058
219,9,0.2670264315833458,0.15352336224462848
219,10,0.24628686483803675,0.16644119568104973
219,11,0.23228991330514417,0.17853541292013483
219,12,0.15082494631941878,0.21110588162802835
219,13,0.23429909558916773,0.09371689823204682
219,14,0.3396930675937941,-0.011888754063783036
219,15,0.32016254813174044,0.04854812353840532
219,16,0.31056801682150526,0.11225269011028366
219,17,0.35203558445489824,0.09710208423345851
219,18,0.3403735771284278,0.11154282036970137
219,19,0.3443736847715675,0.10165062445160877
219,20,0.28496912580693584,0.15624705625602564
219,21,0.17769274413642647,0.28479316159903
219,22,0.09033501452919852,0.38144883582090533
219,23,0.06212073781357742,0.3945924181690953
220,0,0.06122689180459536,0.3862684730502578
220,1,0.03970154211880341,0.41908553686366307
220,2,0.06303077232747063,0.38466278202308146
220,3,0.10357985846189179,0.327374562872103
220,4,0.1661198437924845,0.25994888996128596
220,5,0.1887847920271271,0.22928809601659825
220,6,0.23430841572305905,0.18824626666220579
220,7,0.252764961514538,0.17067911801397168
220,8,0.25683333280213116,0.15278787719265977
220,9,0.26088698185837955,0.15760479342330083
220,10,0.25652718458768337,0.1609757784610008
220,11,0.23312974111751236,0.1783641955855901
220,12,0.1541183532555554,0.21106937613228785
220,13,0.2354675332701103,0.09621526992761378
220,14,0.34260131484184764,-0.012659336741189242
220,15,0.3336992214309425,0.036967552383640245
220,16,0.3183716793691657,0.10581952183442617
220,17,0.36553549597640006,0.08281010024787888
220,18,0.3506317477002915,0.10212229902735681
220,19,0.34489766437987823,0.1013577290304693
220,20,0.288524993491225,0.15323410152586725
220,21,0.1707275014322278,0.2919507967032532
220,22,0.08379882588134185,0.3833040779619928
220,23,0.06555263150908648,0.38888867074935285
221,0,0.0704326766505726,0.3756990677789692
221,1,0.07027595181807977,0.3901078041652654
221,2,0.08926267672583829,0.36183361498328603
221,3,0.12766873965413642,0.3066649489129998
221,4,0.20070058470281132,0.23183498827506005
221,5,0.21669265199650797,0.2076001975312337
221,6,0.26434317450574174,0.1652209395139771
221,7,0.2694450616102121,0.1558515725853656
221,8,0.2629507489504658,0.14874150472995967
221,9,0.2745902201343569,0.1443614106652516
221,10,0.265643605410451,0.1507901047392041
221,11,0.23752269784493135,0.17316500283713945
221,12,0.1610498251402277,0.20603322949947062
221,13,0.23332191197209773,0.0996312677999405
221,14,0.335669442522049,-0.008023742163511427
221,15,0.33631106536338623,0.03248882175758383
221,16,0.3270307399822341,0.09575989099756449
221,17,0.3687083018194231,0.07897791961134759
221,18,0.35557271510562566,0.0972891676919182
221,19,0.346087833928992,0.09762601336589632
221,20,0.287918487907098,0.15323246904203391
221,21,0.1712088858575708,0.29239770866525017
221,22,0.08557400609335712,0.3830536167807398
221,23,0.06526704138868378,0.3899037093882038
222,0,0.07225615455744613,0.3758581105736146
222,1,0.07372517258015233,0.3879082054628781
222,2,0.10009154555146497,0.3547455936295877
222,3,0.13642412413929358,0.30230753940079974
222,4,0.19662444545440402,0.23619503854874518
222,5,0.2217624724330899,0.205296292372748
222,6,0.2631418781865454,0.16867580193429407
222,7,0.25860943029671307,0.16601099291684565
222,8,0.2624968508378937,0.1480759627969798
222,9,0.2824761239512915,0.13900316293391457
222,10,0.2762274216180724,0.1446343956284047
222,11,0.250240773075365,0.1653135380604389
222,12,0.15582995132173816,0.21169940412126131
222,13,0.23542900158970045,0.09999673591795352
222,14,0.342106437488317,-0.011835276790493676
222,15,0.3456946374685778,0.02431490316670032
222,16,0.3362353090747948,0.08728288843210913
222,17,0.3705579680507488,0.07937235602619591
222,18,0.35478169720560015,0.09834849941433826
222,19,0.3549478787058853,0.08867475247799894
222,20,0.2878565209929039,0.15246173727179618
222,21,0.172463599519485,0.2911598405951474
222,22,0.08525972083007415,0.3832002235900393
222,23,0.06959002773293897,0.38494148023999497
223,0,0.07870485117371179,0.36194196786221644
223,1,0.07876241266767126,0.37249779678865935
223,2,0.1161104593457204,0.34024676833330586
223,3,0.158153771186977,0.28476106455947475
223,4,0.2132842302849966,0.2238690531073455
223,5,0.22197195408693038,0.2036807651332171
223,6,0.26366545960068305,0.1680643535598221
223,7,0.261165476498154,0.16458423778499984
223,8,0.2655998611199382,0.14610642531389756
223,9,0.2845583350807967,0.13584459396935694
223,10,0.27634769914481866,0.14179152953252447
223,11,0.2653043504135376,0.15320774410804752
223,12,0.15859545998111674,0.20772019251605334
223,13,0.24772018915106941,0.09036160025514758
223,14,0.35563892410179226,-0.022460348783619966
223,15,0.37129349623620633,0.0007442520647672479
223,16,0.3474533760650472,0.076601210146436
223,17,0.3797118392925133,0.07139560652413485
223,18,0.35508146254644907,0.09959032243050336
223,19,0.3633910709253783,0.08127843106598326
223,20,0.28890346568768893,0.15105197949274396
223,21,0.17392709674939055,0.2911431428281084
223,22,0.0942062146766142,0.3752701987447756
223,23,0.07328786988653012,0.3804744279099664
224,0,0.06808781984135519,0.368733103966977
224,1,0.07515169197607066,0.37379230808548913
224,2,0.12092964010439161,0.33428397557607625
224,3,0.1544472019948638,0.28584191225461486
224,4,0.18772145042999513,0.23996045196046775
224,5,0.22203170556444848,0.20218559917399345
224,6,0.2718093016687726,0.1627185906268607
224,7,0.26244500180396785,0.164337879711791
224,8,0.2636881810433955,0.14758388139056774
224,9,0.2803405705526113,0.14001407340974448
224,10,0.2784701463049533,0.1399058052763674
224,11,0.27216999523649155,0.14865089349523614
224,12,0.1558773299616648,0.21224127843116453
224,13,0.24345222263602792,0.09700008316460038
224,14,0.35352854376745946,-0.017220697725017386
224,15,0.36913152617580963,0.006328966118891721
224,16,0.3434925966777589,0.08318275773635825
224,17,0.3785132759214356,0.07653225188612112
224,18,0.35731114621874327,0.10013300659419494
224,19,0.37697491521124543,0.0671812905034414
224,20,0.2961553531120949,0.1436272699564014
224,21,0.18150511357120738,0.28154832663607654
224,22,0.09614108272153969,0.3708192158917797
224,23,0.07189633296429034,0.3791034912121509
225,0,0.0910923703239591,0.35400370819807137
225,1,0.0805762817689638,0.3705901191555103
225,2,0.11732434739091646,0.32996210365964757
225,3,0.150885004665438,0.2874174214006945
225,4,0.200179518831573,0.231313576563276
225,5,0.2186979943344737,0.20394074042893345
225,6,0.27224139172040845,0.16043725888336918
225,7,0.2596354856990242,0.16446816677576667
225,8,0.2754380294383254,0.1407715637566693
225,9,0.28119414246929086,0.13809357714214793
225,10,0.27313732895793585,0.14218543093389457
225,11,0.2700829946878366,0.14783069153418296
225,12,0.15509261955675474,0.21157458846602817
225,13,0.24350535785862187,0.09769580299699426
225,14,0.35029073949615264,-0.015382278114489167
225,15,0.37544180116554665,0.0017541412559602954
225,16,0.3490278446046048,0.07668030725422165
225,17,0.3816266079263653,0.0712051331870392
225,18,0.36084871878075786,0.09393180314635702
225,19,0.3776713621492937,0.06698257326369611
225,20,0.3039087310199652,0.13666663826988112
225,21,0.1894612477180867,0.27333326926948254
225,22,0.09637462654129979,0.37129176086086596
225,23,0.10589309068185278,0.34207853208955336
226,0,0.1012277325083244,0.3426997535822134
226,1,0.07812624784272973,0.3752305867518566
226,2,0.10778096695907603,0.33953717302916303
226,3,0.134191654921338,0.3039822450829832
226,4,0.18661523128318155,0.24167712111261028
226,5,0.21404515185030912,0.1998730002922984
226,6,0.2630991642647519,0.16089779346635733
226,7,0.2701625696171899,0.15052768998676222
226,8,0.2703566071640975,0.14403183251127236
226,9,0.27907400616774,0.13635258725141217
226,10,0.2678733115590132,0.14360040052889292
226,11,0.25518446240455295,0.15434791515967344
226,12,0.14379770225157903,0.21470141293578118
226,13,0.24130505902842597,0.09804534678383242
226,14,0.3516904104705937,-0.017630519793806032
226,15,0.3752496956538525,0.0023740258444681084
226,16,0.33858849497237986,0.08611345117721508
226,17,0.33545127537044617,0.11014229378221119
226,18,0.34857685384411846,0.10353837536186172
226,19,0.37834157209313973,0.06190950892971625
226,20,0.31097640780739266,0.12367183130828407
226,21,0.23110660491210983,0.21728826646460506
226,22,0.09456948283052938,0.36957875861049655
226,23,0.08326902394082893,0.36388284794835984
227,0,0.08644403283699513,0.359686957981127
227,1,0.067926606791733,0.38359743424532666
227,2,0.1017341670575649,0.34334161134221075
227,3,0.13001027893062275,0.3065658623321861
227,4,0.17637291623344534,0.2492583457244975
227,5,0.23188391377775652,0.1823524897656753
227,6,0.2378966251920786,0.18029569550312613
227,7,0.2512467149185276,0.16594328919217438
227,8,0.24982437401489818,0.16004124627610342
227,9,0.27526170012408635,0.13510890577708326
227,10,0.263876734954877,0.14187042164609895
227,11,0.25493804295413486,0.14855555256893013
227,12,0.14791904179883428,0.2081409224669184
227,13,0.23443873745062235,0.0984306858524287
227,14,0.34846355383773797,-0.014663678419538306
227,15,0.37034377772450855,0.003219429940644114
227,16,0.30268208405672975,0.12361963101419188
227,17,0.33788644355122743,0.1061390079510402
227,18,0.33577707253688166,0.1162389564554302
227,19,0.3850122075543289,0.053545201830927036
227,20,0.31829169669504764,0.11469177561191896
227,21,0.2534606582188971,0.1896697265190188
227,22,0.08892364714933376,0.37323517158307107
227,23,0.08930601706457485,0.35760574267914413
228,0,0.08155877052001663,0.3634496039578059
228,1,0.07159929275159477,0.38019747787717934
228,2,0.11205654641353745,0.3348511123477047
228,3,0.13250224737247615,0.3026059646581494
228,4,0.1788072895063081,0.244978112636735
228,5,0.22406297601576647,0.18740328827494337
228,6,0.23908116002298754,0.17899314935035598
228,7,0.2569687742498171,0.16175588944688069
228,8,0.24978967440700775,0.15861921479254673
228,9,0.27306920427470927,0.13688183983621272
228,10,0.26248647917596435,0.14466799055395171
228,11,0.25647178314537955,0.14886000682282002
228,12,0.1547309592827945,0.20492349806207988
228,13,0.2356462178195,0.09596117033704385
228,14,0.34583648151077984,-0.01093064439058894
228,15,0.36449482054074483,0.00985966428808488
228,16,0.30037740677117125,0.12626594635818228
228,17,0.33147673398428856,0.11379935726289742
228,18,0.3389002774117478,0.11302416216168876
228,19,0.3829523376204617,0.05764860562769675
228,20,0.31749397669810103,0.11826928448531715
228,21,0.23955466470701425,0.20962766521599052
228,22,0.09815661725780937,0.3656888784551089
228,23,0.08657380822000424,0.3595337869466642
229,0,0.08393859505812752,0.3609932820631883
229,1,0.07762155161411503,0.37484689226740914
229,2,0.15874649932474091,0.29274568921723754
229,3,0.13625431259660842,0.2977922514977656
229,4,0.1853399894708716,0.23999632452703823
229,5,0.21559245535760257,0.19339902008578
229,6,0.24285162642827213,0.17754977854889398
229,7,0.2620283443348945,0.15821654214226574
229,8,0.25197583739503315,0.15760893338075205
229,9,0.2756402396282248,0.13846257187849628
229,10,0.2551049760735105,0.14850056224857247
229,11,0.25312655608061585,0.1496892605537851
229,12,0.1453940479771946,0.21993458122840664
229,13,0.23423335815027677,0.0968929881625186
229,14,0.3454730519068132,-0.008978977401507271
229,15,0.3525146792620042,0.023364834411733926
229,16,0.3019985170831841,0.12275830821842626
229,17,0.3426326092170103,0.10895062167339203
229,18,0.3313962850393912,0.1234530749500245
229,19,0.349115037824182,0.0954616920578184
229,20,0.32872012821230007,0.10676460676756316
229,21,0.237877652135923,0.2115134554861354
229,22,0.13051993647480464,0.3306637232909795
229,23,0.09032580156709782,0.3563190287210766
230,0,0.09103527383101719,0.35340093293860864
230,1,0.06948252047295266,0.3841795450539539
230,2,0.14974323885537222,0.2974478502989093
230,3,0.13588225884190563,0.2987834914715337
230,4,0.1894322383919336,0.23654158505264536
230,5,0.18598312682704096,0.2124414993520951
230,6,0.2423996992231491,0.17834554990806947
230,7,0.26314025202782426,0.1575497327027386
230,8,0.2508292823565644,0.1600413495856103
230,9,0.27185337430379575,0.1427603766772724
230,10,0.23762632902449268,0.1604911004487512
230,11,0.2427836461020187,0.154599633889639
230,12,0.14463592039180376,0.2220902607208007
230,13,0.2384719613027939,0.09475279024865332
230,14,0.34398992997858163,-0.008656425931655554
230,15,0.305465737732052,0.07399972343355621
230,16,0.29526469459367805,0.1363414033716253
230,17,0.3252331780643955,0.12320264854484242
230,18,0.3285121386614839,0.12477901994992463
230,19,0.34311277833241854,0.10352603339245409
230,20,0.3138230045943708,0.12368089424976858
230,21,0.23125716712658842,0.21892790936856185
230,22,0.1240979950459732,0.3366475967089825
230,23,0.0838732476222461,0.36222500438023997
231,0,0.05235718808465671,0.3904212374337376
231,1,0.07209753572396328,0.382412622754116
231,2,0.1439774437889202,0.2994289685570946
231,3,0.1351700951977532,0.2989299033682067
231,4,0.19554651122821873,0.23057988044926295
231,5,0.18866193926904887,0.20886578271018919
231,6,0.2536588061129758,0.16752777356020626
231,7,0.266819803037151,0.152965626535124
231,8,0.24926930608802564,0.16027897585575326
231,9,0.27392639180577394,0.140100303309672
231,10,0.2482475227386999,0.15519236749416684
231,11,0.2551420298562878,0.15030566916705326
231,12,0.13949428200098796,0.2241452747428038
231,13,0.2420326522726882,0.09629332225098511
231,14,0.34526596957582145,-0.010486269939217308
231,15,0.3038558392003505,0.07536876465561215
231,16,0.2936143394434661,0.13805059537926417
231,17,0.32193357420973384,0.12805564402301128
231,18,0.330066573542546,0.1216923819444734
231,19,0.34414753119677305,0.10319812651348254
231,20,0.3168868380847656,0.12163868372201297
231,21,0.22914148479662644,0.22112451141560638
231,22,0.12272678497925792,0.3370066174574954
231,23,0.0894214508274451,0.35584894565243164
232,0,0.05561128221887869,0.38669541158907567
232,1,0.0693308195188592,0.38189628009737786
232,2,0.15082016695627365,0.2916482839142056
232,3,0.134944192446794,0.2970877125103292
232,4,0.19331960344058544,0.2302999677514718
232,5,0.19294673759034595,0.2065247573431536
232,6,0.24966543180530767,0.16873088737144107
232,7,0.26755410255722867,0.1506115513145212
232,8,0.2502871415800164,0.15699684904390734
232,9,0.27543644602231576,0.13621189731095001
232,10,0.25483298518639536,0.15329130816180833
232,11,0.24792075545698106,0.15803813100067876
232,12,0.13826220840827097,0.22338081886957376
232,13,0.24889212066557626,0.09264494918218763
232,14,0.34454322134728216,-0.009890261841499381
232,15,0.3049597642499658,0.07392702380112887
232,16,0.29739196941052054,0.1246176542694093
232,17,0.32032723188536166,0.11836547147642801
232,18,0.3254209494306339,0.12989295452529548
232,19,0.34721046307503617,0.09823434052456598
232,20,0.3312925589884696,0.101935373268914
232,21,0.23418193963052733,0.21432067005489236
232,22,0.12848135914545344,0.32906856328480616
232,23,0.0674149992367598,0.36981765889895984
233,0,0.02112269651406014,0.4130343024400387
233,1,0.06303438481194368,0.3833365071025098
233,2,0.15248114466791385,0.29149464812325054
233,3,0.1451151722110916,0.2846322303964745
233,4,0.2018791051552863,0.22017627756965424
233,5,0.22858944598697106,0.1904182152437687
233,6,0.2505114125658421,0.16609844338694704
233,7,0.27099981204661877,0.1457505090136257
233,8,0.25529894300822714,0.15125878365499873
233,9,0.26544053370739,0.1411557260872914
233,10,0.26590001620648923,0.14335034445946668
233,11,0.25709438603320994,0.15148261592295717
233,12,0.15728032957425464,0.2055015844503566
233,13,0.22804535999832554,0.11239782709375246
233,14,0.3439827313662538,-0.008863351340485215
233,15,0.302399249198541,0.07736443567474943
233,16,0.2911898676409882,0.132419136228007
233,17,0.31474941524574584,0.12540873114244872
233,18,0.32534132862217935,0.12451169909051701
233,19,0.3480964292536146,0.09618328896007838
233,20,0.33303541277504617,0.09587124930848351
233,21,0.23895037712392042,0.20702671034770648
233,22,0.13383812719054614,0.32249647340702414
233,23,0.07169415807797183,0.3632358068001778
234,0,0.023382852522771974,0.40926331491087425
234,1,0.05378054288980871,0.38907759648154566
234,2,0.14639935936630247,0.29411047091846876
234,3,0.1436224170911607,0.2834755992914087
234,4,0.19509343520181535,0.2222264360844255
234,5,0.22302260617434674,0.19273334314347274
234,6,0.24794643297564137,0.16639450587481472
234,7,0.26525650693342356,0.148417629283286
234,8,0.25523512206349513,0.15066025416529588
234,9,0.26552401032440615,0.13962488004245116
234,10,0.26145802673686863,0.1439419260543816
234,11,0.2513189246511643,0.1532909516761479
234,12,0.14288365630748323,0.22116482942811755
234,13,0.21990277829606225,0.12015315730394904
234,14,0.3447294132163337,-0.009846993318426367
234,15,0.3034033804640683,0.07646589104132034
234,16,0.28815795178057313,0.13632087797202969
234,17,0.311540667007173,0.12910921038940004
234,18,0.3163673222371456,0.1347983477714736
234,19,0.3372486658581532,0.10856364817648961
234,20,0.32361405635415613,0.11069526888474446
234,21,0.2343930190967841,0.21207971201193884
234,22,0.126671550296467,0.330065030690389
234,23,0.08258794656275129,0.3515341780645906
235,0,0.04145246600264463,0.39110076068297134
235,1,0.08368618786923401,0.3683845650796298
235,2,0.1710386037753616,0.2701881134391238
235,3,0.14946310630410395,0.278197915057795
235,4,0.19700658862037404,0.2197699955229092
235,5,0.2225752535530776,0.19265903888116423
235,6,0.24339846306376273,0.1696711605865645
235,7,0.25994156031670174,0.15297629180081984
235,8,0.24830107088637074,0.1557435782718134
235,9,0.2916225061995348,0.11262716574317877
235,10,0.2667884411001955,0.13580021426643912
235,11,0.2670920685217157,0.1404641264593179
235,12,0.1447163890584968,0.2218497093011254
235,13,0.21795934089527674,0.12448111382400878
235,14,0.34324788524743755,-0.0072976811177464795
235,15,0.3047808478633739,0.07614283205220423
235,16,0.28541014253854935,0.1388666841662865
235,17,0.3093534428143888,0.13179964378788273
235,18,0.31635928404753905,0.1342876865331703
235,19,0.3405943801536107,0.1036812639792225
235,20,0.32938561928493343,0.10329337188208265
235,21,0.23739652080337303,0.2086965231498527
235,22,0.1307834678732613,0.3256919206790694
235,23,0.09278494700881844,0.3428567555478397
236,0,0.04728481548797804,0.38754744415447706
236,1,0.10125350039486833,0.35524220397946255
236,2,0.1675253697132936,0.27390015764207465
236,3,0.16240701037653116,0.26900113957548133
236,4,0.20082879395825734,0.2180010250436847
236,5,0.22901464286121856,0.18909225198857396
236,6,0.2544474589992091,0.16197693929712206
236,7,0.2717713268615756,0.14541998056636532
236,8,0.26115085350185324,0.14764886387448603
236,9,0.2926434033841179,0.11145787515022051
236,10,0.26253102653028154,0.14129921488666927
236,11,0.27122717617009434,0.13730470460318697
236,12,0.15261011186532514,0.21835533343806085
236,13,0.22070637088255543,0.1252568374891665
236,14,0.346225422931474,-0.00986406209996038
236,15,0.30556930992140413,0.07553317126046455
236,16,0.2844407356452492,0.13966153556140193
236,17,0.31015855221751343,0.1316011521007624
236,18,0.3186956176218003,0.13174189337488745
236,19,0.3445293047718818,0.09898672752094634
236,20,0.33570007507871347,0.09690967101026682
236,21,0.245034706357998,0.20194877712459636
236,22,0.13481769865979673,0.3225779099576429
236,23,0.09004161064386997,0.3449267671248657
237,0,0.047153348877211794,0.38531817704473703
237,1,0.06677587772917287,0.3740476838547055
237,2,0.15903048658238053,0.28118707981819674
237,3,0.17666619068444686,0.25971529800872484
237,4,0.2238300820047068,0.20180481664349204
237,5,0.24636439049131312,0.17782960966990324
237,6,0.2691233687723985,0.15338763112080017
237,7,0.27913087856408375,0.14166527328188866
237,8,0.26009521079180464,0.1342647297356658
237,9,0.2903656616192228,0.11054102418362713
237,10,0.2604207682161884,0.14120535503151796
237,11,0.27211657306753706,0.13342259395424624
237,12,0.1406831235883345,0.21390131273477087
237,13,0.23619841184178186,0.10347309053651665
237,14,0.34797287975642915,-0.010901966496951243
237,15,0.30818829209251725,0.07249464747229212
237,16,0.28990798711518134,0.13440243444135996
237,17,0.31423415319778925,0.1273141052095484
237,18,0.3239325806815062,0.12754971356359868
237,19,0.34978481954117036,0.0939718197352154
237,20,0.3390052063194681,0.09346411653984554
237,21,0.24579387417190973,0.20082307973693336
237,22,0.13522172321366221,0.3213155169728956
237,23,0.10109349341334098,0.3330246885916116
238,0,0.04877044910399788,0.38138015789587726
238,1,0.07178655395720994,0.3681358529611385
238,2,0.17349683110331857,0.26810697460457134
238,3,0.20242140091161662,0.2372571191058958
238,4,0.1954702356601076,0.21580596169334942
238,5,0.22901393934827083,0.17701737289449745
238,6,0.2602609779979182,0.160124063035197
238,7,0.24240610950974806,0.1559844417458058
238,8,0.24392672572898136,0.14903293905617823
238,9,0.28525649005566306,0.11598348594361743
238,10,0.26022575681753973,0.14193712713832268
238,11,0.26577613407779294,0.1364505572519602
238,12,0.1400041874541159,0.2147397711448714
238,13,0.2320927133835792,0.1101724982371565
238,14,0.3635173330708187,-0.027867334662552534
238,15,0.31356492961082044,0.0682378889676597
238,16,0.29432854445896506,0.13931828960347103
238,17,0.31382560282289895,0.138569697569481
238,18,0.30440755390054686,0.14603126667563582
238,19,0.3399225682833739,0.10406759686338884
238,20,0.32695847050195787,0.10742892353385913
238,21,0.24463270972336085,0.20315947807766993
238,22,0.14111897872399237,0.3153914994015231
238,23,0.10192793268539073,0.32737875908856057
239,0,0.1043515025436527,0.33863796154400744
239,1,0.06956377293872587,0.3653190101461441
239,2,0.16914330251183496,0.2702651019212381
239,3,0.1848033859355029,0.2500239714859236
239,4,0.20644888681903742,0.20578996998857485
239,5,0.23480321454856898,0.168668613448783
239,6,0.26023058490020723,0.1593119827863405
239,7,0.24751825232566735,0.15051386254621987
239,8,0.24855431579575513,0.14428338810705302
239,9,0.2960181397643247,0.10635390654627616
239,10,0.27484578868660087,0.12853481553508544
239,11,0.27368649077529167,0.1426125893249914
239,12,0.16241159656091733,0.21360669819325762
239,13,0.23050101884289675,0.12417087790142542
239,14,0.35093001625766196,-0.011900423897249102
239,15,0.3210785670780034,0.07055515116093758
239,16,0.289367889577646,0.14529978692484374
239,17,0.31428460072763187,0.1385108975778797
239,18,0.3225530304659239,0.1304115544565625
239,19,0.3364006285533504,0.11082386233868274
239,20,0.3288263719642786,0.10593935460514842
239,21,0.24628800107660132,0.2023075344335693
239,22,0.1436499884445501,0.3118973012443821
239,23,0.10333948822388574,0.32610983155894163
240,0,0.052594792216352014,0.3779042607841211
240,1,0.0851298483647955,0.3564842306380369
240,2,0.18634815193414914,0.25926990473841316
240,3,0.18678596211828863,0.24837394050599898
240,4,0.21305291491931677,0.20910664336464901
240,5,0.23113791833635047,0.1880471983495319
240,6,0.2584334422551058,0.15947853168252152
240,7,0.26734747533811826,0.13869010753115038
240,8,0.27380666042993135,0.1299323431467616
240,9,0.31834957856130197,0.09403705598960327
240,10,0.2923025953830012,0.11782220874170404
240,11,0.2721285076209822,0.14273164108725372
240,12,0.16253038471632808,0.21366851866294007
240,13,0.22860397072932587,0.12637016898539155
240,14,0.3502687200307134,-0.010014770448106114
240,15,0.30630069054376907,0.08053410957764867
240,16,0.2892298837965205,0.14447859658376444
240,17,0.31341787446673697,0.13747097894106003
240,18,0.3204228195834065,0.1308380566450979
240,19,0.34066148372375443,0.1029965408689103
240,20,0.32965488830883827,0.10416844583056445
240,21,0.24328572228172302,0.20470914438636628
240,22,0.1396345139496329,0.31490627286460415
240,23,0.10495184934754538,0.32523442136924474
241,0,0.09190517979423825,0.3601494919453555
241,1,0.1278101051001763,0.332185955729184
241,2,0.16751778001583395,0.2769225039622582
241,3,0.1913083255747131,0.24416192784273175
241,4,0.21344345241073495,0.206605325540132
241,5,0.22916502467705632,0.18785802834688073
241,6,0.25414694186780246,0.16014197198893804
241,7,0.24805999734519743,0.15161369698293473
241,8,0.2524242980311953,0.14092308463842496
241,9,0.2993764572016522,0.10342410790917889
241,10,0.27600123779538993,0.12684636455787934
241,11,0.26250813241091997,0.13766575461572472
241,12,0.17924170032532696,0.19855015436697016
241,13,0.2339478859319849,0.12259867043795533
241,14,0.35186890826195594,-0.012124209795120244
241,15,0.31355972608554594,0.07049889366723894
241,16,0.2965193656779124,0.13084651810795067
241,17,0.3158147798972907,0.1329023705164628
241,18,0.31686802214350396,0.13395519425158325
241,19,0.33902388643139586,0.10578884803821514
241,20,0.32853453234887414,0.10471487990434708
241,21,0.27617793157211035,0.16021946885130345
241,22,0.1418320855020719,0.31168686845395277
241,23,0.10445526938747894,0.3254686743348846
242,0,0.09093865738237249,0.35947914790584046
242,1,0.12457937463733094,0.3327364885129588
242,2,0.16534719664532632,0.27193994563933005
242,3,0.19206318730309954,0.24177163961039305
242,4,0.21809752799460225,0.2018191810548846
242,5,0.23510859192910055,0.18135522228094003
242,6,0.25596892396536386,0.1580003464706218
242,7,0.25023238406043274,0.14902749397650644
242,8,0.2438173142041569,0.1436919915195471
242,9,0.31508977928103704,0.08661430761747457
242,10,0.28367176199625005,0.12044167303471143
242,11,0.27502142943633046,0.13747219249571987
242,12,0.18238482202186101,0.19744443455584207
242,13,0.2322042795687631,0.12407724263561484
242,14,0.3544340756790511,-0.014873071036022978
242,15,0.3152604958246131,0.06834482793773172
242,16,0.2940560702731836,0.1329523145127119
242,17,0.31366749625419305,0.13453336746690986
242,18,0.31480093533519765,0.13224847972687387
242,19,0.3411382078389514,0.10481566104994489
242,20,0.33735271460838656,0.09638989759934363
242,21,0.2438964071584976,0.20074632346283539
242,22,0.1354852275229592,0.31471576822907943
242,23,0.12453236269753093,0.30489586055929735
243,0,0.08179651076946425,0.365795510153037
243,1,0.12046129801913934,0.33367576273670485
243,2,0.19549519636730311,0.2450059813618158
243,3,0.21101439050400655,0.22333070528200216
243,4,0.215825899280429,0.20240535484588582
243,5,0.23233614115278287,0.18054657980401356
243,6,0.25617173353917194,0.1560803561327292
243,7,0.2664012970342176,0.134794791141346
243,8,0.25338523513976513,0.13463189838623235
243,9,0.3183292289530627,0.08463929305370327
243,10,0.2853062766036972,0.11857572690093118
243,11,0.2672487146576608,0.13512331770087777
243,12,0.18536430116180744,0.19503051014819917
243,13,0.24066753735345198,0.11075363260480203
243,14,0.3505257057710984,-0.011586605041330356
243,15,0.3113869935124932,0.07242833653676412
243,16,0.28930760471682987,0.13706435809722645
243,17,0.3114220723350372,0.1371391871171181
243,18,0.3110559843987029,0.14114004669747426
243,19,0.34474667188456815,0.10084722670982343
243,20,0.341342689514266,0.09480922885761661
243,21,0.2479200636191938,0.19729982985968803
243,22,0.14344053133384865,0.30639972213075706
243,23,0.1298299167836222,0.30057594208396454
244,0,0.08301328142325999,0.36404539462453445
244,1,0.12348551303991075,0.33007172662828427
244,2,0.1921822491048842,0.255469761114601
244,3,0.21575454339901431,0.21663111900446608
244,4,0.2216821536958269,0.19675148544006632
244,5,0.227030791493274,0.18313728670333493
244,6,0.2514659924202893,0.15803719325495358
244,7,0.2747987774878575,0.12893246567373684
244,8,0.25466262894964947,0.13579502282456274
244,9,0.31931538069428395,0.08357041471556795
244,10,0.2811539973310839,0.12363161493886135
244,11,0.2659579891604263,0.1387105728969185
244,12,0.19396533014256442,0.19030625086333755
244,13,0.24462192951040826,0.10969998370161638
244,14,0.350946761981678,-0.010605789462105997
244,15,0.31631731901353566,0.07288940858403148
244,16,0.2887159035306314,0.1399103494201876
244,17,0.31065671063259215,0.13836999562336288
244,18,0.314838191381679,0.13639504290120735
244,19,0.34665608691334737,0.09814797554174703
244,20,0.3424660687602974,0.09347824373547708
244,21,0.27661676752325504,0.15902466119874686
244,22,0.15076252395158732,0.29665525806835136
244,23,0.13530293208304006,0.29728997499422877
245,0,0.09142032224019628,0.35208993769418884
245,1,0.10529755981148908,0.33803119170120033
245,2,0.20270218150310176,0.241193023846463
245,3,0.22711236036597496,0.20745811741452902
245,4,0.22409584544383285,0.19346856703635465
245,5,0.22994834132710684,0.18008407509942675
245,6,0.2544533470715862,0.15404177817739167
245,7,0.28692386579858914,0.1213308523038939
245,8,0.26311881943531323,0.1316497505748576
245,9,0.3107984659168226,0.09257184587711653
245,10,0.2799424453073133,0.12795029207664255
245,11,0.256473361373391,0.1469619406734605
245,12,0.17784472142051647,0.19938940383913903
245,13,0.23862230189250402,0.11592442295894737
245,14,0.3572854743741582,-0.013591715231092483
245,15,0.3122843074137333,0.07619989453284642
245,16,0.2909239178754915,0.13955415182014114
245,17,0.31224464721163864,0.1348593341677931
245,18,0.3180792443447562,0.1319241728593522
245,19,0.3419169007406498,0.10587140351159224
245,20,0.3376829879692671,0.10014386384376672
245,21,0.2761169293507218,0.1603657207490473
245,22,0.1557274790941599,0.28892727441384947
245,23,0.12881356458068885,0.30493233882502224
246,0,0.09854728554380437,0.34743591983591493
246,1,0.10257363014282504,0.3407904557812183
246,2,0.20164150827760888,0.24187326885356675
246,3,0.21775957704311721,0.21466343947909197
246,4,0.23164988313655804,0.1862666877179249
246,5,0.2410642364759857,0.16827265983384035
246,6,0.26511616119615966,0.14420989728868194
246,7,0.27888289074374534,0.1293226224805134
246,8,0.2681836642493133,0.1279327015936115
246,9,0.3143462435921072,0.08998639375953277
246,10,0.274784782460126,0.12945249138659431
246,11,0.2510518428525491,0.14868567894402882
246,12,0.17829328334660902,0.19789475287240868
246,13,0.2402077121089592,0.11360471653908838
246,14,0.34112071286286066,0.0038139097868966076
246,15,0.3110385743772737,0.07823989023009598
246,16,0.29570406427948603,0.13544569346287316
246,17,0.3103857833952085,0.13462109292018065
246,18,0.3169857010080549,0.13201827361914326
246,19,0.34609205991901215,0.10146333145776532
246,20,0.3379207862842914,0.10123781909902885
246,21,0.2580706122901916,0.18400948705352743
246,22,0.152966175910839,0.2954193644049089
246,23,0.14763580196987983,0.28964890498549856
247,0,0.09586337271003494,0.34905997660851995
247,1,0.12140160200563106,0.3313441458504851
247,2,0.19153168553168282,0.24899458906263225
247,3,0.21249282931514804,0.21731720796906612
247,4,0.23891001680415874,0.17778853078592252
247,5,0.24460715411103467,0.16235448711399622
247,6,0.2658381789998587,0.14059576736130652
247,7,0.2728737090250949,0.13332676146809946
247,8,0.2652909609412166,0.1279628404422746
247,9,0.3121604312797971,0.09075445601205748
247,10,0.26770910375559714,0.1329903352272652
247,11,0.2411169695245278,0.15469038926479978
247,12,0.1727338073316687,0.19971022636547422
247,13,0.20734290600859792,0.14228327882984607
247,14,0.3444988644822659,0.0009573267387804063
247,15,0.3105657405826219,0.07831506147451356
247,16,0.2941492074970221,0.13727711365404255
247,17,0.31243332759046455,0.13209480647102317
247,18,0.32193885991315946,0.12401672900138694
247,19,0.3538758852252992,0.0906997117423956
247,20,0.3478116699422286,0.0883008625109718
247,21,0.26867788682593524,0.17017706449831144
247,22,0.16139520342636354,0.28565757077583764
247,23,0.14812949369890005,0.2852763575176679
248,0,0.08981494622462047,0.3482511140125958
248,1,0.14569725145245058,0.2996244939009122
248,2,0.19585126537970343,0.23981600702733985
248,3,0.21913975658338355,0.20838937473428357
248,4,0.24065664357314656,0.17455964250833306
248,5,0.2497580242844286,0.15599187189737937
248,6,0.26387652773104014,0.14339174870484298
248,7,0.2836158142580919,0.12198693590838225
248,8,0.2785249953036014,0.11576516445894852
248,9,0.2928322349894683,0.10258690122013683
248,10,0.25463894706374735,0.14175494342903008
248,11,0.24883896492486732,0.14763465898830752
248,12,0.1798276077489283,0.19415045483793786
248,13,0.21787888455875346,0.1313815625459971
248,14,0.3559678312087342,-0.0114260156649032
248,15,0.30736745033064905,0.08314042148962858
248,16,0.2858876581616919,0.14427582668011196
248,17,0.30423292079686526,0.14262546223637423
248,18,0.3167161551332503,0.13142017690211583
248,19,0.3553330004703426,0.08516831663492541
248,20,0.356099328655066,0.06939030643434613
248,21,0.2903843863634273,0.14078410457335705
248,22,0.17802089715833636,0.2642283514284818
248,23,0.16339601686348046,0.2664686231049809
249,0,0.09358177031630227,0.3451321230533231
249,1,0.14235164319957258,0.3034298268737421
249,2,0.2130956213495564,0.22048512268278325
249,3,0.22090328788949948,0.2070288430986287
249,4,0.23931863805054854,0.1748317674455207
249,5,0.2448637849466581,0.16021712964808882
249,6,0.27118317448724377,0.13518348965550037
249,7,0.28888910675091933,0.11481551619279681
249,8,0.2851960546003081,0.11012424994160905
249,9,0.2979951505095803,0.09753304985381919
249,10,0.3139464261434432,0.09808670214645634
249,11,0.2557377398003117,0.14266953969519505
249,12,0.1809670056003569,0.19181168909702506
249,13,0.21103467791197453,0.13933434343887935
249,14,0.3512353178916298,-0.008987259675986181
249,15,0.3018283667793485,0.08609673245285981
249,16,0.27672359786858036,0.15235365462453837
249,17,0.2915443976782536,0.15344498672825896
249,18,0.30531684558299443,0.1411576925324033
249,19,0.32519591754980837,0.1211009481738271
249,20,0.35483114607723326,0.0691330642349327
249,21,0.2845966723875487,0.14690555985224246
249,22,0.16665823829941534,0.2745222798660504
249,23,0.14792559469115926,0.2822293899661199
250,0,0.08966647917882123,0.34777181435629706
250,1,0.13578707810752536,0.30821474347474676
250,2,0.2151185824345519,0.22174308842129048
250,3,0.22122043041923736,0.20559250725542105
250,4,0.2520108995490518,0.15642927867998527
250,5,0.24186561225913547,0.16214434785879037
250,6,0.2750012827872005,0.131795566197372
250,7,0.29789219198362854,0.10762347678105494
250,8,0.27209935173608596,0.12108380167099711
250,9,0.2836718061796554,0.11044763096789795
250,10,0.31486839767852787,0.09544165569617225
250,11,0.30263306943292334,0.10698226077517486
250,12,0.1812014429906348,0.19204830998006486
250,13,0.23605342875017693,0.11806779456794969
250,14,0.3491573391886024,-0.0067743697035235195
250,15,0.3046627353909714,0.08237744026524213
250,16,0.27230301233444754,0.15464871413451248
250,17,0.2869729168493275,0.1567949286367119
250,18,0.30218548914368554,0.1437544423494912
250,19,0.3346203271112583,0.10899746558163537
250,20,0.3647505398912594,0.06117959106889731
250,21,0.2921780641095955,0.1385186373664768
250,22,0.1746019495782782,0.2693876159609859
250,23,0.1717349271806277,0.26448392690671174
251,0,0.09967009736896366,0.3400248926478243
251,1,0.13833399788912976,0.3072547542852586
251,2,0.22992979418774762,0.21253725965833511
251,3,0.22484690892394107,0.20414840073586898
251,4,0.24504601580319657,0.16610053520078305
251,5,0.2770282360242339,0.13872551733863497
251,6,0.28497288001765103,0.12543521622932466
251,7,0.3081303534294307,0.10394657437865651
251,8,0.29848055659383105,0.10639908323561725
251,9,0.3237875069335915,0.09486251706996035
251,10,0.32023370913696514,0.09133670739661962
251,11,0.27038410248428046,0.13905055763084034
251,12,0.18966766063720783,0.18825853805769519
251,13,0.23730943876802718,0.1193760240483277
251,14,0.35441663154335323,-0.012197315784530427
251,15,0.30524905466791774,0.08232790784660043
251,16,0.2720575142920888,0.1545078135224554
251,17,0.2905575345649014,0.15293914845961043
251,18,0.31029233330800526,0.1340526747758285
251,19,0.3403859622882334,0.10268208095067455
251,20,0.37574490177046377,0.04879912187905738
251,21,0.31542071102181096,0.11527779036086555
251,22,0.1906389280908979,0.25460790335530975
251,23,0.17333485714089986,0.2624365658251654
252,0,0.1031149555470264,0.3372955123641198
252,1,0.13527694068230312,0.30900028949932357
252,2,0.21469297380905625,0.22560444902796362
252,3,0.2343316948444939,0.19475752523718806
252,4,0.24905616052321775,0.16461442717881747
252,5,0.2675382348346318,0.14217098024382688
252,6,0.2885298681623758,0.12923831635803887
252,7,0.29566276105781836,0.12595175091128455
252,8,0.30225833662553653,0.11476610479427818
252,9,0.3288022521293276,0.09058447322975527
252,10,0.32141019449639274,0.09008822738490818
252,11,0.31328008534141455,0.097299453617929
252,12,0.1864353237177659,0.18960256448140658
252,13,0.2360690762432846,0.11972045647859961
252,14,0.3540827048212903,-0.012413363222970653
252,15,0.30852370852058736,0.07842453507071367
252,16,0.27690643756598693,0.14881787530278928
252,17,0.2957180102698499,0.14691938120598447
252,18,0.31743436488129456,0.1262063560395581
252,19,0.347109715197645,0.097060138375417
252,20,0.38121282574510235,0.04312567319593408
252,21,0.3185103602540631,0.11010257616865388
252,22,0.1957652639905281,0.248349957698201
252,23,0.1790435089525426,0.25538688267815524
253,0,0.10642979706116773,0.3327882914962327
253,1,0.14452191787680688,0.30950210514871523
253,2,0.22564229015513737,0.21513604683382995
253,3,0.24554792726309246,0.1859403079955034
253,4,0.26021597856747614,0.15581934361005842
253,5,0.2730429055627133,0.13830022737082362
253,6,0.2812109433154485,0.13340039508675774
253,7,0.30746838772624313,0.10956609814498086
253,8,0.29389771591565844,0.11706065557466525
253,9,0.33560343418658845,0.08487625360199191
253,10,0.3320999694248676,0.0813449829678527
253,11,0.29034414347005294,0.12629624854416396
253,12,0.1974015789419169,0.18241202302779347
253,13,0.24442421570753936,0.11421514622736159
253,14,0.35906476990431724,-0.015210359137417251
253,15,0.31217287769753344,0.07613314668585769
253,16,0.28120802640517945,0.14543868868272203
253,17,0.29965718700173727,0.14281884010480494
253,18,0.317832421470687,0.1267953934490082
253,19,0.32007459924520315,0.12784827152414963
253,20,0.36232294391887004,0.06524103428624506
253,21,0.315414287958503,0.11410071162635405
253,22,0.20204502040301414,0.24061004471796976
253,23,0.17881722551751905,0.251760555715817
254,0,0.09377694060978665,0.3528533576903816
254,1,0.14704660560442823,0.30292803298623044
254,2,0.22906844525276562,0.213525743250456
254,3,0.22636422113594545,0.2025617235166872
254,4,0.268170374704728,0.14999539917263846
254,5,0.2810015080423957,0.13163492988963507
254,6,0.26442780001235844,0.1467980874512032
254,7,0.30225008279081844,0.10698751614019614
254,8,0.2804756869261883,0.1280416444505293
254,9,0.3360530704209377,0.08370013811600518
254,10,0.34024610580009373,0.0742737975502476
254,11,0.2865103141421089,0.12848657258137852
254,12,0.1607521004401861,0.22197464142201045
254,13,0.2468796280049182,0.11331169110063419
254,14,0.35790362023208944,-0.012449088228293326
254,15,0.30913131512762926,0.08121079661657349
254,16,0.2817991698964679,0.14627682018028165
254,17,0.2626147272076623,0.18960352554538057
254,18,0.3185034440221995,0.12606318999281185
254,19,0.3085584816283305,0.1406857728319355
254,20,0.3545059798675278,0.07631882580580551
254,21,0.3096158375875037,0.12216293372611114
254,22,0.20020641412468135,0.24171478321457307
254,23,0.17943978366409524,0.2521562402956291
255,0,0.09629525356667638,0.3513906331530972
255,1,0.1513440452743717,0.2996210718385096
255,2,0.22957294809251877,0.21337023407635491
255,3,0.2402375603575455,0.1909022542257204
255,4,0.2414794282983387,0.1715367673800521
255,5,0.2740614764585319,0.1397857167672385
255,6,0.2620560165000645,0.14551293798147427
255,7,0.28589013128582036,0.12272560840353469
255,8,0.26932010327775396,0.13357303645352825
255,9,0.33781632144636353,0.07305948121993072
255,10,0.33235438335065637,0.08089541334211797
255,11,0.3188225004338284,0.09456322545758222
255,12,0.19757701189891308,0.18463714766550302
255,13,0.24705461900851564,0.11566220450146439
255,14,0.35813559929189964,-0.012476410889860623
255,15,0.3097316352781808,0.08040930788901324
255,16,0.2444442606857804,0.19706009193415203
255,17,0.263013796257405,0.18443234449347273
255,18,0.31342681780022136,0.13312121908383046
255,19,0.33755736120895624,0.10124301162850574
255,20,0.3570038472583226,0.06625970616067811
255,21,0.29965554481358453,0.13355639825910837
255,22,0.1902112981301365,0.2510049688850119
255,23,0.17425500695563584,0.2603050795618991
256,0,0.09404053800750392,0.35698428565665175
256,1,0.15468453001879126,0.2984553947490586
256,2,0.22023397381149468,0.22201954519169198
256,3,0.23647249411144847,0.19423026814903235
256,4,0.23827745392923347,0.17430715914059874
256,5,0.2633107471252319,0.14782077665928983
256,6,0.25772682046125284,0.14797625190686722
256,7,0.27539677016208036,0.13064586479323081
256,8,0.28580624936343735,0.11665149767827104
256,9,0.32614156372371383,0.0812586273422698
256,10,0.32445040284312376,0.08536527365248836
256,11,0.31142135141879607,0.0970352783971769
256,12,0.1928360669678758,0.18808512263567975
256,13,0.23939526130440478,0.12208365336179189
256,14,0.3540310971472625,-0.011197613963278397
256,15,0.30824797499906825,0.08032115684058116
256,16,0.2733201162108441,0.15398975474890503
256,17,0.27308575219083503,0.17039355271811235
256,18,0.31215966339949947,0.13343591985564857
256,19,0.3348397149954416,0.10345594203017178
256,20,0.35929741937916543,0.0625905532208142
256,21,0.29307489685091964,0.13716909632220087
256,22,0.19532409810439186,0.24296152711846036
256,23,0.17025738393176865,0.2616998598740631
257,0,0.086416741295397,0.3645614621324596
257,1,0.136060344620857,0.31506168009229496
257,2,0.23187095527292512,0.2105991909172026
257,3,0.22123788727053081,0.20812061084334435
257,4,0.23412983005148436,0.17931997502158323
257,5,0.2812360601158447,0.1337550670201884
257,6,0.2548555799188731,0.15256344265080518
257,7,0.2965943636355113,0.1128364626675259
257,8,0.3059778482361269,0.09913310680861773
257,9,0.3480091416358429,0.0626377961801301
257,10,0.3411588755213917,0.07213219731214515
257,11,0.3005780998816278,0.11519249845032797
257,12,0.202744406239478,0.18089783440074314
257,13,0.226991615493465,0.147458892861795
257,14,0.35795010118509063,-0.014793024620569195
257,15,0.31091766587502395,0.07827511028714373
257,16,0.2541142126515114,0.1850015196358566
257,17,0.2772091667118957,0.17010349000411956
257,18,0.3126767939287637,0.1329770963714022
257,19,0.335388580603848,0.1048580965676495
257,20,0.36052613875724554,0.06152604848797938
257,21,0.28770822974738536,0.14643689810200944
257,22,0.19237376057046232,0.24577394482268602
257,23,0.15597844493417118,0.27520833720947036
258,0,0.07003554358255643,0.37960168659509314
258,1,0.13044241589067043,0.319719872422483
258,2,0.22255410907517323,0.22124223565724227
258,3,0.22498039179837123,0.20343839137841613
258,4,0.24394303991160757,0.17290882714570385
258,5,0.28415402247772376,0.13150558092939335
258,6,0.25566033770892715,0.1515802495355536
258,7,0.29813601709606263,0.11147690400140045
258,8,0.31108942612584106,0.09481545567662719
258,9,0.35144906655912617,0.060938174951351676
258,10,0.3401872118292587,0.07330585958024743
258,11,0.30237889573881904,0.11708478558501667
258,12,0.1803050644814243,0.2134800524381414
258,13,0.22886733419362498,0.15025718501263718
258,14,0.3557815358070281,-0.011964576519875758
258,15,0.30710611683073125,0.08255477652846316
258,16,0.25790922056923965,0.18202335549621584
258,17,0.2785103754573185,0.17079423752927847
258,18,0.29482007663366266,0.15629734988007665
258,19,0.3382312407003978,0.10108758548476687
258,20,0.34534009049274006,0.0864345463233479
258,21,0.2893173910286013,0.14458253983142466
258,22,0.20551831026746625,0.23086067515773123
258,23,0.16067031628362385,0.2662108234207502
259,0,0.08127093779270568,0.36571793591027224
259,1,0.14564505376060205,0.30254975065655665
259,2,0.23693219079034064,0.20544054741275874
259,3,0.22967838524612078,0.19682089562944063
259,4,0.24237018904204877,0.17150903496222222
259,5,0.23716304421787215,0.17394364777517715
259,6,0.2608168223220902,0.14390100912701817
259,7,0.309034637117971,0.10320525126083757
259,8,0.31381894257461046,0.09322052773057765
259,9,0.3595889276968967,0.05502495473348068
259,10,0.3493067246744072,0.06705327457900756
259,11,0.33276836383754715,0.08124762271201275
259,12,0.1904677027578917,0.20379884930504866
259,13,0.2384509686868989,0.14097139934890687
259,14,0.3595503824442795,-0.013307371539481028
259,15,0.2877625031814307,0.11386127744692781
259,16,0.26499571166659847,0.1686535897435812
259,17,0.28204283354837295,0.1648265284146218
259,18,0.3033931931708795,0.14501774739661227
259,19,0.33905941318491095,0.10084065544779225
259,20,0.3585360276957322,0.06842984117299361
259,21,0.2981549439949089,0.1332046298296951
259,22,0.20587050458094572,0.22555772844442318
259,23,0.15613084896704524,0.2662589972521691
260,0,0.10658552754576883,0.33813861226932906
260,1,0.16197812218818264,0.28465382272375217
260,2,0.2446412910766603,0.1964302751990281
260,3,0.23368893588316436,0.19035623891787326
260,4,0.25073559573262505,0.1617379769076929
260,5,0.30163378772238175,0.12019447556582044
260,6,0.2693407669355464,0.13240080786848982
260,7,0.3190991063898212,0.09555940692770587
260,8,0.3206341339961601,0.08773309608096708
260,9,0.3599925838148945,0.05452792904433151
260,10,0.3529968371332806,0.06364711551475916
260,11,0.3363964099503397,0.07845828385934328
260,12,0.19001527861729292,0.1988359790963925
260,13,0.2370562699801214,0.13908463743672053
260,14,0.34234073765294,0.010954057383462834
260,15,0.3121203306758264,0.08280968599913607
260,16,0.27626841448786965,0.15402373121026264
260,17,0.28601638726626977,0.15508603592009323
260,18,0.3093052652285635,0.1328532912257956
260,19,0.34453250274814123,0.09673319397675306
260,20,0.3533540161902199,0.07110447975897416
260,21,0.2973775579456892,0.12912705037468075
260,22,0.20451039657635417,0.2208636782994197
260,23,0.16540854309709632,0.2602436307976289
261,0,0.14756213603544052,0.29704323668671473
261,1,0.20211371215015858,0.24412187041557887
261,2,0.23594628450432492,0.20701685115710938
261,3,0.2604343159146667,0.16312425856107723
261,4,0.28483619391112863,0.13391075071561498
261,5,0.2862713142035044,0.13138059690041917
261,6,0.2861303979883526,0.11898823587925053
261,7,0.32240572219394875,0.09566548181137435
261,8,0.32829949863985863,0.08317930812074414
261,9,0.3643650975488677,0.05209551752928521
261,10,0.3605956005967487,0.05792024342814839
261,11,0.3494995346707226,0.07245031006881925
261,12,0.19810036095294314,0.19475751632288488
261,13,0.2428109827593512,0.12963302806155558
261,14,0.3424646201565714,0.00744186360015564
261,15,0.28829210846042314,0.1074888794095214
261,16,0.27815786139127346,0.14972346850580742
261,17,0.290456239848028,0.14977814475675694
261,18,0.31539679409613547,0.12522227467217206
261,19,0.32002224363839116,0.12091955272618493
261,20,0.36248607567508556,0.06120370197934505
261,21,0.3067421084560031,0.11855091968528791
261,22,0.22292682187722482,0.19958832607723323
261,23,0.16606632811582603,0.25977315631648384
262,0,0.11152761405185792,0.3319587203548148
262,1,0.21160383328008553,0.23236365181234409
262,2,0.23563827773655938,0.20795287106045227
262,3,0.26199846819465317,0.1587761005782018
262,4,0.28735673389430705,0.1294609492553734
262,5,0.28898441538286457,0.12400522113957488
262,6,0.2772975151878476,0.12429489609274841
262,7,0.32569067228708964,0.09408081438924198
262,8,0.3321430496576672,0.08098835390241182
262,9,0.3680705430091391,0.050631065208226245
262,10,0.3567103443651747,0.06220130418408193
262,11,0.3301646863473327,0.08205221774307658
262,12,0.1866176174810654,0.19660894782213054
262,13,0.24021227760963754,0.12850152331800138
262,14,0.34120975876822907,0.0049141005205707855
262,15,0.28964895495377707,0.10045490661647039
262,16,0.27895612907877226,0.14436809065174477
262,17,0.29105160682195563,0.1452866311930302
262,18,0.31551587783949936,0.12085656383374843
262,19,0.3546796188882944,0.0875057564802007
262,20,0.3681795267224525,0.052955231670745395
262,21,0.3052028943239175,0.11777150869447955
262,22,0.2266432410368552,0.1933884349495358
262,23,0.17366199940746058,0.2526850371343749
263,0,0.15686013776238594,0.28580573578828883
263,1,0.2212724715151437,0.2215933568019019
263,2,0.24138235826529814,0.20193119436187829
263,3,0.27125261654080934,0.14970490364502415
263,4,0.3025182202086284,0.11469945075443294
263,5,0.30369696079378006,0.10705940939229641
263,6,0.29321355976121094,0.10988943847810312
263,7,0.3300587535120467,0.0894587756561358
263,8,0.33532274319252686,0.07675683324250332
263,9,0.36519819624171784,0.05106403041996571
263,10,0.3553741683469084,0.061613238793307656
263,11,0.3524340238136817,0.06189815231424478
263,12,0.20485331439648774,0.18076023697116683
263,13,0.2433780104192516,0.12497242828943822
263,14,0.3401083853625323,0.008774573663942908
263,15,0.2849861075124137,0.10680381038066689
263,16,0.266821263541469,0.1603229138771105
263,17,0.2810537454136493,0.1593850479313697
263,18,0.30580971969089416,0.13634134894360078
263,19,0.3289830694142707,0.11000843468009136
263,20,0.36871102677444934,0.053120115925778644
263,21,0.30634611735108586,0.11680675664374207
263,22,0.238965729965545,0.17838533258186365
263,23,0.1745153652660726,0.25058319668817575
264,0,0.15467202335793678,0.28489830143859707
264,1,0.21556763420543648,0.22639824132369968
264,2,0.24622295290502724,0.19554297534836979
264,3,0.27166788821027654,0.1463629358654472
264,4,0.3022223636412833,0.11228063796469234
264,5,0.28969205384786545,0.1189310571420045
264,6,0.28828477157424914,0.11385859648751764
264,7,0.3296622831838878,0.0892556561528905
264,8,0.3326928325651513,0.07932203100795948
264,9,0.3604954676172126,0.05556807865071717
264,10,0.35585269762962324,0.061740223921841586
264,11,0.3452927382118558,0.07213888586967127
264,12,0.20750252897453958,0.17635644115292268
264,13,0.23670240825366506,0.12791649600227673
264,14,0.3324021850660374,0.013082935329438217
264,15,0.2838395832020205,0.1067530225840469
264,16,0.26092585220202996,0.16862686192948956
264,17,0.2763994373263998,0.16617548229360618
264,18,0.30139549980270675,0.14139980887548442
264,19,0.33105553052764813,0.10813218059143859
264,20,0.370547006851884,0.051529870035433745
264,21,0.3085579756119238,0.11621775185941208
264,22,0.23778245627097588,0.18170337081924498
264,23,0.1942695441162634,0.2206379410994795
265,0,0.14915891724798885,0.2894733145679624
265,1,0.20820042146525197,0.2331533060510365
265,2,0.24832996458160678,0.19535544098151422
265,3,0.27084040502395895,0.14695522160034002
265,4,0.2954561484324652,0.11827011387282058
265,5,0.2893319829673365,0.11941992397760845
265,6,0.2835740522663837,0.11748504868314003
265,7,0.33329111810095136,0.07574687480681769
265,8,0.3292331811244714,0.08362682757087225
265,9,0.3557279455806057,0.06077170065649229
265,10,0.3541152213925648,0.06494281529939588
265,11,0.35451340736126025,0.059427628437263014
265,12,0.22173488226213964,0.16724786276555625
265,13,0.2367222716610025,0.13001909138634501
265,14,0.3382279770096058,0.008629078729657236
265,15,0.29336925470589886,0.10003740671705913
265,16,0.25947028392178845,0.1702391293504204
265,17,0.2734608587937743,0.1690728069820316
265,18,0.2974326785144469,0.14505811406929253
265,19,0.32536170890671645,0.11280518797299194
265,20,0.3648229457587238,0.05575161523749084
265,21,0.3072234453763072,0.11827282288751811
265,22,0.23663815617180442,0.18333642982727016
265,23,0.19623236811530684,0.21812853772571242
266,0,0.1500789042558555,0.2916502304856443
266,1,0.20041708475516437,0.24215092979204822
266,2,0.24958333199249813,0.19690566197893067
266,3,0.27998627408922194,0.14224457788815464
266,4,0.2976646945563229,0.11780686264008305
266,5,0.3028412066604943,0.11083231343329086
266,6,0.30410093065752375,0.10206699212945797
266,7,0.3265094811752596,0.09348363223314277
266,8,0.33163886336649695,0.08259999690822112
266,9,0.35999268931085293,0.056569506654898405
266,10,0.353198279482674,0.06401912013066025
266,11,0.3619822241042493,0.051184235147135715
266,12,0.23439346330603247,0.16073156779573586
266,13,0.24209448791994867,0.12891238962278798
266,14,0.3384427236760101,0.006994246429953721
266,15,0.2941854198461471,0.09876307520279104
266,16,0.2596305804380785,0.16924375115365975
266,17,0.27349743689820943,0.16881599927147528
266,18,0.30455047001018914,0.13590926379118795
266,19,0.335864218251534,0.10011039464481314
266,20,0.37434578542975183,0.04506648376338601
266,21,0.31595148356417774,0.11193952652313954
266,22,0.2469526082206824,0.17368085184276605
266,23,0.20001460985446598,0.21323175745992276
267,0,0.15405322963138904,0.2887178145268212
267,1,0.1934139906851404,0.24887378120665357
267,2,0.2532929471982445,0.1939896705385182
267,3,0.2794445963625213,0.14161162345042644
267,4,0.2932792287204402,0.1190528039122728
267,5,0.29285812167807057,0.11703185971327396
267,6,0.3041937701833762,0.10089233862153413
267,7,0.32097354881336615,0.0993528210640437
267,8,0.33086502609104157,0.08518046432617876
267,9,0.36078471495946196,0.05719803449757871
267,10,0.35298597409068244,0.06538757574409881
267,11,0.36686610884780946,0.044998443533060484
267,12,0.23511835244191914,0.15856588094092977
267,13,0.23907899927984266,0.13121403300222217
267,14,0.3435484516746217,0.00233095033437547
267,15,0.30123670923830026,0.08987793281514678
267,16,0.2702329226990488,0.15879179667798554
267,17,0.2909759830300379,0.1496266366366073
267,18,0.3200412017094399,0.11843993147502285
267,19,0.34632821681351583,0.08673215300754195
267,20,0.40442628975288913,0.012160978898049568
267,21,0.33102321303695803,0.0921486280694625
267,22,0.2587596897194957,0.1558460902309716
267,23,0.20455205834290313,0.20834219471071544
268,0,0.1557701084871163,0.2878076804494098
268,1,0.20399490539750936,0.23883130966542795
268,2,0.2695835296418399,0.18006287512654803
268,3,0.29527479518968086,0.12792065966672356
268,4,0.30962782009051576,0.10750181486890259
268,5,0.3066662045466479,0.10772920380051149
268,6,0.3257364176068005,0.0876764663328708
268,7,0.33450717883508696,0.08692428545758979
268,8,0.3419711114832022,0.07531132554134168
268,9,0.36877710384069184,0.05002887667474054
268,10,0.3627750512910943,0.05685705644055361
268,11,0.3813705876980277,0.03605019333794046
268,12,0.2513791513470224,0.1494372850899102
268,13,0.25465558251209963,0.12177946318426358
268,14,0.35550849877958496,-0.004388067777606364
268,15,0.3156082762616483,0.07761746474785447
268,16,0.2884015445971893,0.1409857772826953
268,17,0.30506202889282563,0.1361260897613888
268,18,0.3281546239703323,0.11112986571744149
268,19,0.34949629741583627,0.08099612929931355
268,20,0.3903237749490532,0.021167655822527498
268,21,0.3317931882233965,0.08906464293924354
268,22,0.25468033275069346,0.15706300611025178
268,23,0.19430173460961578,0.21734401242642337
269,0,0.14976762770606947,0.2946574075499454
269,1,0.20803561668598894,0.23663561555027532
269,2,0.27523929826814936,0.1749557915197458
269,3,0.31342512837259795,0.11214108367458314
269,4,0.3167013153210627,0.10021595364924929
269,5,0.31027631147447904,0.10300099287735814
269,6,0.33001796184097854,0.08377720000885186
269,7,0.3407275135699264,0.07091334066550753
269,8,0.3415834595371462,0.07465404860954777
269,9,0.3710025683195674,0.046860156181403045
269,10,0.369920366726829,0.05107201057135463
269,11,0.38239759524435846,0.03475390599189937
269,12,0.25776086820499494,0.14235497589998256
269,13,0.2584791899183739,0.11716255190599523
269,14,0.3538221657291557,-0.0009286554696768534
269,15,0.30819956720054176,0.08662581557026133
269,16,0.281905171217143,0.14857225394438078
269,17,0.3021311807125728,0.14028405911874753
269,18,0.3254172770743378,0.11567246559562416
269,19,0.3503569050686841,0.08154991325514316
269,20,0.39442462761061936,0.018842062721819985
269,21,0.33493199898797577,0.08702752401422109
269,22,0.258319005607671,0.15887161065840538
269,23,0.1950310408552781,0.22103619521072493
270,0,0.15572727225501934,0.29468761585003533
270,1,0.21184805198051082,0.23588863251232556
270,2,0.2822695252683755,0.16817970277608474
270,3,0.2948749492366199,0.13190270739542115
270,4,0.29434962623306776,0.1233826923459545
270,5,0.289128630679629,0.12771259540489355
270,6,0.29700694223175006,0.11928447711661427
270,7,0.3454784724498212,0.07542400883030448
270,8,0.3502938853788634,0.06531523412794071
270,9,0.37274567469058667,0.04326421952001702
270,10,0.3701795217937125,0.04990307233857927
270,11,0.3783652206209192,0.04278182548528786
270,12,0.2587170272125186,0.14827671443876167
270,13,0.25329156773574923,0.1220318337576311
270,14,0.35539140467709074,-0.003498060048452045
270,15,0.31215391384736085,0.08302416920137062
270,16,0.27587904639027117,0.15609159457989125
270,17,0.29173710809333475,0.15346068696069737
270,18,0.3103605611472622,0.13418339919139577
270,19,0.33466270762547595,0.1007348584068834
270,20,0.37794810894626774,0.038364435984594436
270,21,0.3295199836134244,0.09288946798730124
270,22,0.2642108972398346,0.15663087655226451
270,23,0.1893655732663308,0.2269681667018317
271,0,0.14112441345629823,0.3090660921764483
271,1,0.19577231580901136,0.2504841358290677
271,2,0.2784133220962196,0.17321391608206488
271,3,0.2868208708855493,0.13874812399890565
271,4,0.2818247890057465,0.13392029562244842
271,5,0.27031005012414866,0.14313153714156499
271,6,0.2836038366580673,0.12960140598642175
271,7,0.3486990962815079,0.07373225986063525
271,8,0.35272855285257143,0.06368280948462873
271,9,0.37703237250743366,0.04047967115164647
271,10,0.3577181534996551,0.05388507842240614
271,11,0.35467345778318454,0.05724316433501325
271,12,0.2516118307612732,0.15061063323404933
271,13,0.23808370975122378,0.13242459511562202
271,14,0.34750626706314824,-0.0009850827482187352
271,15,0.31139262240728066,0.07891395387383254
271,16,0.2808834134705535,0.14643495479293434
271,17,0.29166031300251927,0.14827153352410632
271,18,0.30671462417871376,0.1351532281437537
271,19,0.3293096209819535,0.10287020002415026
271,20,0.3848548786856836,0.025914101167527015
271,21,0.33679190759627875,0.08014623779392438
271,22,0.2660839620872937,0.1506888684100997
271,23,0.1915149598711615,0.22266401233289768
272,0,0.151171247387063,0.294511274073104
272,1,0.20919282360132643,0.23453664080361994
272,2,0.2750731495366891,0.1766811649049089
272,3,0.3155944756471457,0.11252188132859686
272,4,0.30229463705405984,0.11552223276126883
272,5,0.2940141145333024,0.12299309938248923
272,6,0.3071891910014413,0.11301927872980666
272,7,0.3126941142473029,0.09960828370031066
272,8,0.34700616908375814,0.07031798437182357
272,9,0.3704360176394846,0.04764548395585638
272,10,0.37362681898908656,0.047670369121881495
272,11,0.37385563043588205,0.04115653277863607
272,12,0.2736796567205616,0.13582783585532884
272,13,0.259064507090524,0.12052744875285179
272,14,0.367322988845631,-0.014513202502716649
272,15,0.3269511403753724,0.06649537397804012
272,16,0.29053082645581624,0.13896108157625414
272,17,0.3001016330827697,0.14054894149115366
272,18,0.31315491395799355,0.1303546533129042
272,19,0.3317528197917805,0.10370924470302895
272,20,0.3874384291137186,0.025694117507477632
272,21,0.33882123574788997,0.08118647342719743
272,22,0.28012204471702384,0.13949187456228274
272,23,0.19467961867877617,0.22189970426896272
273,0,0.1519998253955027,0.2960495834233985
273,1,0.20688079264236534,0.24182717494260508
273,2,0.2665999547954164,0.1776534560523751
273,3,0.31164128966475696,0.11994033978763768
273,4,0.3089107630249453,0.11267335107810705
273,5,0.3057328152658785,0.11547820415988241
273,6,0.32032110738353103,0.10312515259179583
273,7,0.32943169391233157,0.08721135223526583
273,8,0.35107524791712674,0.06583131258608987
273,9,0.3776363095469232,0.040870924049928814
273,10,0.38946107446481476,0.028608565362874816
273,11,0.382424502178391,0.03330880173415296
273,12,0.27304268765765277,0.1348363586630887
273,13,0.2519329102227635,0.12481853292344633
273,14,0.36087052347554255,-0.011262436542295085
273,15,0.3097274093636517,0.078981261266386
273,16,0.27104168109751514,0.1549895947778251
273,17,0.28473011530833625,0.15569481683966302
273,18,0.3095881098732237,0.13404674031714997
273,19,0.3292713636247712,0.10504129467163487
273,20,0.3837002462025731,0.025962379460816587
273,21,0.32879717875751224,0.08549375215395716
273,22,0.27460015242277264,0.14180141634811994
273,23,0.17450238112649222,0.23839558727547697
274,0,0.13719321954673466,0.3079163895945061
274,1,0.18918848402120203,0.2556854275106306
274,2,0.24699863685125767,0.19053987621498808
274,3,0.30468681962568783,0.12672768561511633
274,4,0.3168687743666307,0.11016744096071712
274,5,0.32010037160429294,0.10558897400062162
274,6,0.33882893416043375,0.0885896371583994
274,7,0.33499015896100304,0.08311374414991668
274,8,0.35437496192505413,0.0636112789816447
274,9,0.39093855840611613,0.030406406981680845
274,10,0.4035330491378842,0.018608357756670524
274,11,0.39882699055569326,0.01989702018097539
274,12,0.2925847641909822,0.12273823104334228
274,13,0.2613019953191898,0.12093517932265466
274,14,0.3641176356705161,-0.014936658721136142
274,15,0.30399243735827164,0.08652947152251628
274,16,0.27776287107033437,0.14940665304470296
274,17,0.2966892956432931,0.1417903559721152
274,18,0.32038968146913727,0.12248228160775548
274,19,0.33431458221838267,0.09932133311744307
274,20,0.3958130055186001,0.011409298702742765
274,21,0.3343745378227708,0.07868214614859748
274,22,0.27922981993274165,0.13774779627460387
274,23,0.1751197171694923,0.23862284630400457
275,0,0.1372828921324185,0.30769613697515297
275,1,0.18923702640692566,0.2545774879649234
275,2,0.2510025364492708,0.18623994669340876
275,3,0.30120003369575127,0.1301270793984035
275,4,0.3101290055175292,0.11608888767036463
275,5,0.3204468643151447,0.10494085322442348
275,6,0.3321301603934804,0.09336434321876902
275,7,0.33464261144909946,0.08299100791585173
275,8,0.35227321102684594,0.06377781715892311
275,9,0.3874088652116364,0.03245340091247956
275,10,0.41097317487517643,0.00929666020837605
275,11,0.40848915520791734,0.01128703929270225
275,12,0.30515734042577286,0.11413734877181347
275,13,0.27730893137367163,0.1114225020415216
275,14,0.3755290041387441,-0.02153913910287031
275,15,0.30900769282981994,0.08422531322478644
275,16,0.27982397591132513,0.1485734614618029
275,17,0.29582472685043165,0.14451846172905036
275,18,0.3265728914302128,0.11876902697280689
275,19,0.34040118192296936,0.09569548934988459
275,20,0.40071669333198234,0.007065786106124905
275,21,0.3375878444760675,0.07678017445608942
275,22,0.28887976219207767,0.1270018595484434
275,23,0.19455194994880562,0.22272526201279838
276,0,0.15497568679423954,0.2910666221366639
276,1,0.19482496305761635,0.24866672695516434
276,2,0.2593249055201836,0.18031077261219985
276,3,0.3111903814025304,0.12562123994278007
276,4,0.3213423085317445,0.10917589708187403
276,5,0.3324346699812637,0.0980451417431723
276,6,0.3531161562842496,0.07766252683698716
276,7,0.346992920371515,0.07357850511406533
276,8,0.3666154243603587,0.051063960720713175
276,9,0.3991074224240691,0.022380601059109773
276,10,0.42538276204910336,-0.003598732763330892
276,11,0.43744453306923126,-0.012705643311963
276,12,0.3435364508580951,0.0862408238591914
276,13,0.3064366888323382,0.09047745982942196
276,14,0.39964056912538715,-0.0407608842323538
276,15,0.3325184794535864,0.06439745480231329
276,16,0.299922960713787,0.13024357024010202
276,17,0.3085453810895708,0.13465202223958184
276,18,0.3391359890797752,0.10748360096888782
276,19,0.351333881696598,0.08476727476171847
276,20,0.40769375564756016,-0.0020119644909196155
276,21,0.3456305596990772,0.06865533232253873
276,22,0.30526709281229475,0.11217002018287331
276,23,0.19850179201810492,0.21807881682420877
277,0,0.16538088983845226,0.2790504581492575
277,1,0.2002448712001649,0.24466012785451896
277,2,0.26528065171983906,0.17643003921415387
277,3,0.31736336247720875,0.12180266835745973
277,4,0.325175038324694,0.10803958503297056
277,5,0.33560034021364415,0.1002374011161154
277,6,0.3558293730216102,0.08065877302476643
277,7,0.35510162935444695,0.0698675311186478
277,8,0.3683690330002424,0.05370700226409697
277,9,0.4033482221487481,0.023031294098161237
277,10,0.423002709581498,0.0009841464815152912
277,11,0.4388042243705493,-0.011321682088597684
277,12,0.34120352126005826,0.09289350885968517
277,13,0.3089178442658951,0.09432266771715142
277,14,0.39386525955648577,-0.03262949395850856
277,15,0.32635688406250757,0.07382699343912669
277,16,0.2983888371631083,0.13467237589122355
277,17,0.313613804974605,0.13230924030731644
277,18,0.35155429944974814,0.09917489833235804
277,19,0.35920997879715577,0.07885698325371765
277,20,0.41649888773003907,-0.011413696215227531
277,21,0.35818287755080264,0.05434718329117316
277,22,0.32161683115326767,0.09148206480603999
277,23,0.20363192928329127,0.21439366281381517
278,0,0.1758093349955923,0.27385050194484306
278,1,0.21256466598453352,0.23777652121809528
278,2,0.2747140309623086,0.16990532400381503
278,3,0.32627760159458247,0.11468774883596
278,4,0.33938612301216814,0.09712488249007423
278,5,0.34801568828853924,0.09150264788862056
278,6,0.35906453984134734,0.08090961133838293
278,7,0.3584345443841475,0.06736522917900134
278,8,0.3642526289866546,0.05620656547070324
278,9,0.39398849081585424,0.029161812753389693
278,10,0.41653814202809025,0.006507221758657422
278,11,0.42980832886611936,-0.0042410959761418066
278,12,0.3385279366365149,0.09562014085278792
278,13,0.30498522324276867,0.0983629519606421
278,14,0.39233161370919056,-0.031117781026065716
278,15,0.3310176658887428,0.06860287742966525
278,16,0.3093247642514782,0.12577442355088103
278,17,0.32584706884019804,0.12232899742865744
278,18,0.3681889198040759,0.08302835257653851
278,19,0.3667831434452901,0.07299345358435
278,20,0.421092549355311,-0.014505210909405986
278,21,0.3569688061856561,0.056591629052674064
278,22,0.31053026642493275,0.1007924228441045
278,23,0.19522817032277096,0.22542693817723414
279,0,0.17324532392749556,0.2785084737088278
279,1,0.21550773880691015,0.23577312478474377
279,2,0.2712004332398485,0.17543961161431607
279,3,0.3187793513103866,0.12435172672300104
279,4,0.32650901268396704,0.1104222551228734
279,5,0.34135653381655223,0.0984045344076761
279,6,0.3554023407980235,0.08422720416687396
279,7,0.34707911114988577,0.07890123388162396
279,8,0.3548423432502319,0.06644934110000872
279,9,0.3975676846948698,0.02921557829627941
279,10,0.42965999101212704,-0.004255811007620125
279,11,0.4210065965122398,0.0042830867962110886
279,12,0.3436535166126781,0.09164840304072641
279,13,0.30987564143467267,0.09492586093290001
279,14,0.3866894736417652,-0.024209651807390375
279,15,0.3297896600629946,0.07282504293893965
279,16,0.3008389981108528,0.1382636573480608
279,17,0.3214897586817049,0.12790708622674224
279,18,0.36614615961807534,0.08621221803686885
279,19,0.3648866414498696,0.07742053313133118
279,20,0.42438406424190556,-0.015781151182717612
279,21,0.3634015797582995,0.05046303589942286
279,22,0.31193530593537855,0.0982272097383618
279,23,0.19341616304451337,0.22771257685901097
280,0,0.16556639441994042,0.2861887613310292
280,1,0.20710839043470053,0.2436228599461484
280,2,0.2671892074498202,0.180807845608885
280,3,0.3158518446920778,0.12913452578323364
280,4,0.3237894865633486,0.1187540168982622
280,5,0.3407780370220552,0.10355099370944876
280,6,0.3522857631834871,0.09149735227026107
280,7,0.3466074958673088,0.08230746807738021
280,8,0.35273464738941634,0.06983064072443329
280,9,0.39233287071125217,0.035841679501402546
280,10,0.4231041163802767,0.004202353516105595
280,11,0.41607143651172246,0.009662494505307762
280,12,0.3464550615085852,0.08747672082475572
280,13,0.3136276611120768,0.0915822447532228
280,14,0.38737786815201974,-0.023996948586410327
280,15,0.3387939326677819,0.06518950026353143
280,16,0.3122775272600146,0.12786240321346026
280,17,0.3345791097664713,0.11371086254845642
280,18,0.374412934973049,0.0763629535055978
280,19,0.3670708501715028,0.074745376655111
280,20,0.42213681525571334,-0.013473277713957788
280,21,0.35466884514887204,0.059513885753556706
280,22,0.3142094296219513,0.09226963897693158
280,23,0.204087658817271,0.21731921763157402
281,0,0.18005894482643617,0.2747484945175303
281,1,0.2171537604968969,0.23660061203646357
281,2,0.27068377377186414,0.18115638089918432
281,3,0.31795397103557743,0.13032793418813443
281,4,0.3292453111275058,0.11674437963376938
281,5,0.3440780821832928,0.10137505141112985
281,6,0.3547901083558794,0.09029928219052336
281,7,0.3418727698893411,0.08608760864995729
281,8,0.3558585189072524,0.06627992907549163
281,9,0.3988174743328918,0.02756472090553086
281,10,0.42624797364710637,-0.0029154048213735906
281,11,0.42063032760508945,0.0016556574368688515
281,12,0.3611005204798283,0.07208667475346969
281,13,0.3200345153371234,0.08413804467173902
281,14,0.38593614231227547,-0.023067711393460477
281,15,0.33016397596298275,0.07554954712904582
281,16,0.30794885007790496,0.13493346079651647
281,17,0.3342482730045653,0.11664770341713715
281,18,0.3851338778623452,0.0662399561285032
281,19,0.36838936752597085,0.0738157341196587
281,20,0.42321447025387215,-0.01382265979327485
281,21,0.3620800638392533,0.04979812601502753
281,22,0.3168246834316924,0.08710951514300619
281,23,0.19354317086641895,0.22199048593424706
282,0,0.17382404083389763,0.27651378426713735
282,1,0.216369162707293,0.2343607368860564
282,2,0.2710459839673792,0.1793609329094524
282,3,0.322996624337216,0.12487743150618352
282,4,0.34158275646333586,0.10560599921904362
282,5,0.351446467685818,0.09513580175750896
282,6,0.35260446172400983,0.09194372290349323
282,7,0.3356271663667855,0.08930026055125834
282,8,0.35440756824764974,0.06691793655928197
282,9,0.3975361945812768,0.027279857515715045
282,10,0.42529911505245976,-0.003972784062206691
282,11,0.42136772074369805,0.0016948252461741475
282,12,0.3635633744635858,0.07017831345019654
282,13,0.31784776102570567,0.08425244620193395
282,14,0.398130776734549,-0.034703551706415425
282,15,0.349299807225055,0.05631568710256524
282,16,0.31961706334437157,0.12265086645216766
282,17,0.3475042296328243,0.10468704607040674
282,18,0.3992151342375796,0.05315202754683268
282,19,0.3757898168088718,0.06960125207382917
282,20,0.4241827690770023,-0.013548128679658433
282,21,0.37464258770178754,0.03751053163149137
282,22,0.3467015701724218,0.06118808536871273
282,23,0.23279695041104892,0.1904499455022679
283,0,0.1920042037330173,0.261837469454277
283,1,0.23077988328896745,0.2234362167783488
283,2,0.284003386611395,0.16917199875134648
283,3,0.33994942300033737,0.11060084218226368
283,4,0.34503354614297094,0.09975251034183308
283,5,0.36472076704295187,0.08266404610238609
283,6,0.36385490449583047,0.08098877829707474
283,7,0.34408483540353035,0.07934373783165732
283,8,0.35917333947230745,0.05926001110947948
283,9,0.39726875316980653,0.024098777908041713
283,10,0.427608569099399,-0.009224031166945312
283,11,0.42480617427197326,-0.006140434184426391
283,12,0.3633979722028652,0.06557647372973385
283,13,0.31153978151861655,0.08557470940549555
283,14,0.3961429130127273,-0.03683893170375013
283,15,0.3495828356124829,0.0520991894675597
283,16,0.3209787553153328,0.11678350404467935
283,17,0.3458304131860368,0.10410980694430666
283,18,0.3943461110646845,0.05708874855403162
283,19,0.366952687389753,0.07823294503498979
283,20,0.4236263162515873,-0.012989127536422285
283,21,0.38671616833612554,0.025233599393886474
283,22,0.3612992867507259,0.0462361862893349
283,23,0.24662470068934028,0.18015252297032436
284,0,0.22119239542385144,0.2344994183307406
284,1,0.2583638486649062,0.1962180973431269
284,2,0.2962997283567646,0.15718909248199758
284,3,0.3568619920651814,0.09547739596825822
284,4,0.36567029524618155,0.07985942702192322
284,5,0.38614921944586583,0.06083648839206002
284,6,0.37938802113999426,0.06428102767229821
284,7,0.35508434657979654,0.06738280856917978
284,8,0.3750245181885375,0.04271446801036871
284,9,0.4088503970284824,0.010682210499276978
284,10,0.4488101369766099,-0.02993704724324292
284,11,0.43404075202533404,-0.014681467697014228
284,12,0.37393789520939824,0.054978039330697615
284,13,0.31543992166898993,0.0806942281488427
284,14,0.4101114736181224,-0.05152094595761442
284,15,0.3632627488650893,0.03676928181417738
284,16,0.32729803091742043,0.11050357093993635
284,17,0.35253309647266745,0.09736082952517927
284,18,0.40162605646484306,0.05187241437835316
284,19,0.39647181380244856,0.04668908876332739
284,20,0.4507297722904911,-0.04101397033768467
284,21,0.40559703245818984,0.0060274170776487
284,22,0.37422125169173465,0.03201662740202593
284,23,0.2563555808585736,0.17312085378823758
285,0,0.22737337501000257,0.23032705361843325
285,1,0.2692500966770871,0.1870128633156008
285,2,0.3003049464696977,0.15472370704132404
285,3,0.3555591561447456,0.09625619634426763
285,4,0.3707546619932392,0.07593909742201094
285,5,0.39119093500772806,0.05447084862532231
285,6,0.3921635893928929,0.05050608534646572
285,7,0.37930416031204517,0.045043514800478024
285,8,0.38434698026096353,0.033060798297034455
285,9,0.40754116908247107,0.00952457292601222
285,10,0.4484446042316868,-0.031073578041941385
285,11,0.43107880945452903,-0.013678729444454363
285,12,0.3752876087947384,0.05108983870594108
285,13,0.32331609993841026,0.07416885189128958
285,14,0.41650342898278137,-0.05733218401352391
285,15,0.370198564861904,0.030775985819446627
285,16,0.3394991822209809,0.09728475068823866
285,17,0.36130857086007856,0.09031883227304283
285,18,0.40908941228336043,0.04538600430523665
285,19,0.4077905527404279,0.03772097463752122
285,20,0.4545468949752109,-0.04289816715563488
285,21,0.41308736787227,0.00039141448639085086
285,22,0.36963915487923665,0.038090113394064595
285,23,0.24264423599906162,0.18726457604890603
286,0,0.22608418151539836,0.23332605647420232
286,1,0.27129023867146496,0.18609628904663283
286,2,0.29304485265187996,0.16138427144786177
286,3,0.3486939063079126,0.10315228726216485
286,4,0.3693094018863077,0.07796206932702171
286,5,0.3918875760161529,0.05407709225179963
286,6,0.39964003582808433,0.044817392934645706
286,7,0.39469451517353954,0.03252035999375552
286,8,0.4064166431705593,0.013138063743573014
286,9,0.4291142966327181,-0.0094076271971415
286,10,0.4682993623423967,-0.05061401192836984
286,11,0.4471557657976936,-0.0293489717912942
286,12,0.3908468778610983,0.0364675692180898
286,13,0.33551747273813115,0.060840673993121375
286,14,0.4181965541034776,-0.057008412056255564
286,15,0.3660336772815149,0.038486388293906604
286,16,0.338873256157017,0.09956250513118581
286,17,0.3605531296693387,0.09472847357229569
286,18,0.4051467225466228,0.053325146058577466
286,19,0.40584055693508314,0.04441760226070779
286,20,0.4528104614113966,-0.0380167878231657
286,21,0.4101386349673421,0.0017767748164315145
286,22,0.36976790783847907,0.035790910893439776
286,23,0.24504918202600345,0.18186081555031172
287,0,0.22871379509087694,0.2259841876866611
287,1,0.2718277225853068,0.18301155829866983
287,2,0.2917114268098207,0.16280266178581565
287,3,0.3438563075747172,0.10764443773111798
287,4,0.36198634319763073,0.08501256177530364
287,5,0.38469503731665766,0.06052965684933653
287,6,0.40054490549115024,0.04490595897972072
287,7,0.3937664970945611,0.03603392230262614
287,8,0.40199922818521994,0.020358673661136417
287,9,0.4177530173318745,0.005806420769034815
287,10,0.45272565496189127,-0.031184063142600082
287,11,0.4236716945952136,-0.0065479425211186215
287,12,0.37471759334497773,0.05023180339228939
287,13,0.31870260353570323,0.0770090446937512
287,14,0.40271819619640703,-0.040147971769524726
287,15,0.3571223150062849,0.05077603643926981
287,16,0.32892482669208406,0.11430408525206559
287,17,0.35582151149840885,0.10305682715190945
287,18,0.4081784189934789,0.051945250156693434
287,19,0.4026213177944715,0.04908020522733314
287,20,0.4498541769090893,-0.03302141636340317
287,21,0.4167544876710574,-0.004566968925761472
287,22,0.3665585996104606,0.040188286433750386
287,23,0.24601798503808772,0.18318329655367824
288,0,0.23990071973279578,0.21796782906285073
288,1,0.2860928163393427,0.1707155613051035
288,2,0.30636598896155504,0.15188086207415546
288,3,0.3591243785074156,0.09455035214097718
288,4,0.38007839253010944,0.0709779814888587
288,5,0.4128996011559005,0.04079908030150148
288,6,0.42880610409493225,0.023378098081217435
288,7,0.42399658367644044,0.011824902748775179
288,8,0.4203410537718787,0.007655200491265335
288,9,0.4458038305510126,-0.014378046433289438
288,10,0.474654323300111,-0.04800219074557038
288,11,0.432399768525924,-0.011904870938247214
288,12,0.37876506702496715,0.047000594879872626
288,13,0.32472035123234055,0.0733819837259479
288,14,0.41064345448743,-0.0458039744049874
288,15,0.3637394718595322,0.047684356016647944
288,16,0.32758962138227116,0.11904144785117354
288,17,0.35145345232974345,0.10933130477015535
288,18,0.4095219468521757,0.05465284246681229
288,19,0.40567011565024486,0.04952822458476469
288,20,0.447487075069448,-0.026745505009618975
288,21,0.4239277594659381,-0.009093917099120219
288,22,0.3703043783397455,0.03871863612824811
288,23,0.24835658543959396,0.18314565053627774
289,0,0.2489015953620558,0.21113949830248538
289,1,0.2899169195899904,0.17059917037356698
289,2,0.30642389707555845,0.1518656886409102
289,3,0.35838259722062416,0.0983383598023268
289,4,0.3736372619791205,0.07776433761151308
289,5,0.403123517320734,0.05488398446567205
289,6,0.41699848299310044,0.03841130011182531
289,7,0.41754303027141665,0.02399101278957544
289,8,0.40780916635292436,0.023526925513844443
289,9,0.43452706577945915,-0.0001989698251481098
289,10,0.4602793001945345,-0.030997602106535016
289,11,0.4072368836811702,0.01425205457572476
289,12,0.37042808336643723,0.057857493738217136
289,13,0.3197017079411721,0.08121978097408528
289,14,0.4014210929175414,-0.03247186760674786
289,15,0.3549341285706622,0.06166466624331046
289,16,0.3218275514968646,0.13222064754747426
289,17,0.3435522185666942,0.12395984565273788
289,18,0.39633046706428754,0.07288025181585633
289,19,0.3933727656114645,0.06478890161294532
289,20,0.4376338362177085,-0.013393783408969406
289,21,0.41955054489717286,-0.00430262111521218
289,22,0.3656284922507184,0.04278341977912681
289,23,0.251471928862184,0.18539878555684183
290,0,0.250003117593624,0.21149720197058156
290,1,0.2930653404592806,0.17051796381002216
290,2,0.3091673158829322,0.1524951537725056
290,3,0.364405634636965,0.09348678609609273
290,4,0.38066017483838005,0.07360739128606686
290,5,0.4059355324740245,0.0570708640940471
290,6,0.4178932622460044,0.04270043696821296
290,7,0.41322017186643134,0.032302501072790424
290,8,0.40596565839630466,0.028128506011915744
290,9,0.424193397785034,0.012696058237255226
290,10,0.4341149997417788,-0.0044600687929591265
290,11,0.3841021136329071,0.03886793811318545
290,12,0.36211029704367725,0.06971584733023112
290,13,0.3195097962300005,0.08784077897522224
290,14,0.4086169697839404,-0.03499762272466789
290,15,0.3676835440173652,0.052794328890973186
290,16,0.334077009564124,0.1370118073606288
290,17,0.3446102328738106,0.14077797983305645
290,18,0.40091730592158836,0.06963769705495787
290,19,0.3951130613557537,0.06332926900584218
290,20,0.43336764987933346,-0.008068771316085244
290,21,0.42285732739642995,-0.008308765083499592
290,22,0.36553743382934956,0.04171438242984227
290,23,0.24302908718754965,0.19491086744988276
291,0,0.2399083433332401,0.2241851968665892
291,1,0.2916680516251832,0.17277084778921697
291,2,0.30664203643337173,0.15583560855750433
291,3,0.35754945760642054,0.09979446253231822
291,4,0.3824228547352547,0.07527606337516313
291,5,0.401603369958105,0.06190790371797433
291,6,0.4157085597414513,0.048986982026669845
291,7,0.41719666363638636,0.031606538197970435
291,8,0.40937013245729975,0.028926607561199247
291,9,0.42257795053199887,0.018630395481520512
291,10,0.4293382803956039,0.004353849907638596
291,11,0.37977480915251843,0.04894199222924134
291,12,0.36872269818368786,0.07176766783077698
291,13,0.32839136707927363,0.08953688933779508
291,14,0.407023139610895,-0.024514536626371763
291,15,0.37248163671841367,0.0575711054453642
291,16,0.32709207892940206,0.14654996051123453
291,17,0.3428298896697121,0.144157611036079
291,18,0.41276929989227096,0.06276288578537315
291,19,0.4076381088725687,0.06374389786559986
291,20,0.44366709500368157,-0.014178406450920833
291,21,0.445556757644525,-0.026796123830628904
291,22,0.38723810990298024,0.025019355677513677
291,23,0.2550698702015838,0.19351771815807758
292,0,0.29608052117333683,0.19910268395984676
292,1,0.2914830358671011,0.18268444311424697
292,2,0.30882643903026574,0.1628535275736961
292,3,0.35773852658176925,0.10592823164248377
292,4,0.38789162250994835,0.07522142434201173
292,5,0.3965591985325597,0.07283477343271333
292,6,0.41516331899041087,0.05403838687280449
292,7,0.4114973519246239,0.042777460463751915
292,8,0.40507261469574846,0.037875444404019354
292,9,0.4162547978052854,0.028667219700266144
292,10,0.41652576414123915,0.019727603957717055
292,11,0.37498806914543004,0.054996499459669834
292,12,0.36845723375995826,0.07363215090566277
292,13,0.31683778896078674,0.12419789201194387
292,14,0.4073682906830036,-0.008347396797799389
292,15,0.3804391579342111,0.052986402732828675
292,16,0.32889116924325357,0.14495549165911958
292,17,0.34562582575026257,0.14121571388757276
292,18,0.3855433147574092,0.09790213950199406
292,19,0.4077558313703254,0.06355969085930274
292,20,0.41435784883703675,0.04097487046735193
292,21,0.4447210985501066,-0.010289698505259237
292,22,0.3985754442254051,0.019393095317193965
292,23,0.269508065434918,0.18828578868497248
293,0,0.2979698436668317,0.19683045980505393
293,1,0.2994808826195492,0.18446272288109727
293,2,0.3148401417588772,0.16699742606159956
293,3,0.3503852908519715,0.1218587135225273
293,4,0.3775016288075,0.09179839067302303
293,5,0.3925561114507288,0.08632938284350006
293,6,0.41292821409298147,0.06563979772740192
293,7,0.40465725527498875,0.06053383026766018
293,8,0.3992318196815603,0.05397919499998349
293,9,0.40502860388156736,0.05044381331125691
293,10,0.3993088079767845,0.046531037160452926
293,11,0.36398251294653483,0.07355458883148713
293,12,0.3629565279999443,0.08742439031029603
293,13,0.3158320443145198,0.12607284417443426
293,14,0.4044162434921321,-0.004507835845725616
293,15,0.3808022037525813,0.053129808727984174
293,16,0.33110145318635076,0.14408211535755827
293,17,0.3445390941735232,0.14466534004500575
293,18,0.3855314340976474,0.09763288438895784
293,19,0.4083292859417227,0.06307918854158417
293,20,0.4153940996011915,0.039843354253688845
293,21,0.44988195527159724,-0.024208691084018186
293,22,0.4042961801120454,0.015455207401241289
293,23,0.27030408290213015,0.19144409927964817
294,0,0.29834681567861093,0.1968356072348812
294,1,0.28656847123607593,0.199896540451023
294,2,0.2982832394348732,0.18701055638942576
294,3,0.33629775089816943,0.14007481091387808
294,4,0.35673497658035874,0.11783362665343283
294,5,0.37174271206917797,0.11316026249535865
294,6,0.39483307359708,0.08741822801791377
294,7,0.41954351648463684,0.055951563345819244
294,8,0.3701248340161194,0.08588968048735451
294,9,0.3755290741068275,0.0829839432052854
294,10,0.3709744065591937,0.0775166263637943
294,11,0.3413742500575777,0.09974886225717
294,12,0.34083616228028774,0.11070393923364963
294,13,0.31369658279343465,0.11788001373516754
294,14,0.40584069353684593,-0.003414503159517579
294,15,0.38113264554970505,0.05279786427858646
294,16,0.3294827044496471,0.14734503325608117
294,17,0.3449970700199818,0.14638585189950948
294,18,0.38551124568273165,0.09787353210539468
294,19,0.4079263160483551,0.06371325810900536
294,20,0.4163024966059852,0.03907214718718793
294,21,0.4489353091378939,-0.012248772617314052
294,22,0.4061058250211708,0.013795891372094693
294,23,0.27685796726916145,0.18523408123471474
295,0,0.2988146233718023,0.19664346247249137
295,1,0.2930756750986789,0.19410022970260016
295,2,0.3000938583751468,0.18788514976122078
295,3,0.3272905131786005,0.15128063643441436
295,4,0.3439776197225614,0.13532529795387022
295,5,0.3609238272295968,0.1253029858801848
295,6,0.40827142064323646,0.07589552256236942
295,7,0.4183286924713111,0.05731070434421681
295,8,0.35418290628721316,0.10379157491987079
295,9,0.4100832848673226,0.05719169259256651
295,10,0.36190805350862326,0.08908676662811216
295,11,0.33790080907345543,0.10605814325249718
295,12,0.3253370035533195,0.1280247325248542
295,13,0.31261855682316203,0.12129197728345475
295,14,0.41423934984442407,-0.016368587271874402
295,15,0.38272606354361316,0.051560662285467795
295,16,0.328211102121236,0.14982964749611888
295,17,0.3417936431042417,0.15059730087332113
295,18,0.3868155724341213,0.0967625187494826
295,19,0.4085092807315771,0.06310225085999555
295,20,0.41727266733794505,0.038048709456547314
295,21,0.45066224904702185,-0.014209879622966104
295,22,0.42132326505427725,-0.0019407223001416951
295,23,0.2830159593432652,0.18126898137795838
296,0,0.3002793078883159,0.1953968656167811
296,1,0.32714483157383195,0.17281086721407168
296,2,0.3048026577171158,0.18805867442821567
296,3,0.3775818016443017,0.11270707770334465
296,4,0.34535095354077183,0.13976901179892415
296,5,0.35880122129467795,0.13425258835056975
296,6,0.40881045175635533,0.07580401656842345
296,7,0.4184489890511606,0.057538012021467966
296,8,0.36182907731733044,0.10409415150293738
296,9,0.4113233010098047,0.05612016181468854
296,10,0.40730271948511154,0.06060350218802707
296,11,0.33783903609352006,0.11399047535930179
296,12,0.3327744770882222,0.1276034715662172
296,13,0.32690693483842526,0.118188731442597
296,14,0.4105842031659466,-0.004480180644986009
296,15,0.38368972331947004,0.05053125089822735
296,16,0.3398786618395883,0.1507197088368986
296,17,0.3832152233911205,0.11800962168631751
296,18,0.4298117515626156,0.06891065876127123
296,19,0.4093846459224002,0.06200921513296431
296,20,0.41812344887330705,0.03717881081516444
296,21,0.4247901230824064,0.024072464569066088
296,22,0.416807508301883,0.00910311594014479
296,23,0.30779238690694577,0.17149592552752485
297,0,0.3010260034630331,0.1950081397990585
297,1,0.32766592238348136,0.17240202245253006
297,2,0.35857644961041146,0.140042212338161
297,3,0.37825896413925625,0.11252801253591144
297,4,0.39759783588266245,0.0919629826396926
297,5,0.36173916105227494,0.13866013840436336
297,6,0.4091344262774943,0.07575352867551155
297,7,0.41722174230706793,0.05869728422223597
297,8,0.3684641640809924,0.10617882441614379
297,9,0.41264059140761766,0.05476088648819266
297,10,0.40912637943431185,0.05907731553917661
297,11,0.3948627355677931,0.07689270637963458
297,12,0.3404939349495958,0.12536739525337187
297,13,0.334586006280118,0.11282216118682198
297,14,0.4208231054230061,-0.010967335654070987
297,15,0.38432130542393206,0.05036756131545006
297,16,0.33258699777269407,0.14645980712555745
297,17,0.3470010565758035,0.14548658517670027
297,18,0.38902343662232236,0.0946650731613361
297,19,0.4104349083743173,0.06106800847170546
297,20,0.41894622039040186,0.036369235970012626
297,21,0.4257463619174518,0.022983223807586273
297,22,0.40416675537581026,0.02896919260298858
297,23,0.3095720188382801,0.1691747919169348
298,0,0.3026811927089338,0.19296749271499541
298,1,0.3299944616270168,0.16966613364871597
298,2,0.36070989574766354,0.1376694685546765
298,3,0.37999153194530066,0.11062495359018504
298,4,0.3977653888593855,0.09168825860889362
298,5,0.402120446651879,0.0868070335209079
298,6,0.4086115908155095,0.07622997727307285
298,7,0.41693510463914635,0.058888382592704125
298,8,0.40780632535085143,0.061328034292005895
298,9,0.41344934044204024,0.053736088255946446
298,10,0.4106019420297796,0.057402240584123854
298,11,0.3978021351086155,0.07396856534705476
298,12,0.3289973383198204,0.1437187930631228
298,13,0.3327327502595872,0.11531100845625464
298,14,0.4156707211109815,-0.006297640011503625
298,15,0.3859698304332674,0.0496734487854843
298,16,0.33484456444673283,0.14476362487217387
298,17,0.3492296789422733,0.14327829742206571
298,18,0.3892236914151347,0.09486345274070063
298,19,0.41091854213362167,0.06103018968762064
298,20,0.41878268029295324,0.036924736517573775
298,21,0.4704587635721927,-0.035585741240554136
298,22,0.3880884325388343,0.05171502064149769
298,23,0.3118457644162634,0.16689074529731152
299,0,0.3039619567915994,0.19172692969664423
299,1,0.33156005533566474,0.16796851301201443
299,2,0.36316862917656817,0.13508182092881188
299,3,0.3819126340105249,0.10854322657035054
299,4,0.3989983781967828,0.09024141545188075
299,5,0.4038084769202758,0.08502016672131169
299,6,0.41038881015277673,0.07445608016043032
299,7,0.4175209813566577,0.05828822659389227
299,8,0.4081621893432869,0.06098482542019562
299,9,0.41368666513596714,0.05352132825344075
299,10,0.4111731958542745,0.056912527794615864
299,11,0.3989703875454341,0.07281363612246816
299,12,0.35832430767508144,0.11039739959033368
299,13,0.3301921269155413,0.1184303152240031
299,14,0.41170317601891254,-0.001212220951509857
299,15,0.38744874718000655,0.0488061259437132
299,16,0.33428887571422733,0.1453711330246274
299,17,0.3722939117703946,0.10867628200891949
299,18,0.3899218519989286,0.09454824036690973
299,19,0.4124397994905725,0.05962404210439054
299,20,0.4200902239505059,0.03563616694933808
299,21,0.4280395188881119,0.020845576745745054
299,22,0.3896534338491273,0.05496773043479486
299,23,0.31290287929620575,0.16555054595626495
300,0,0.3044552352035603,0.19114200263470588
300,1,0.33271766813335363,0.16687999642733736
300,2,0.3650273391135916,0.13293125811331769
300,3,0.3827831997906058,0.10754059075795946
300,4,0.39922484827700466,0.09021518082279462
300,5,0.404442170686066,0.08440228870270539
300,6,0.4114769254670443,0.07326925579980925
300,7,0.4181987756911408,0.0576286670497389
300,8,0.4085531257080257,0.06040876378705351
300,9,0.4140182080354447,0.0532897600452637
300,10,0.411173199620741,0.05699500157022169
300,11,0.3996232719988713,0.0721276688929941
300,12,0.35805387801181926,0.11041141294917467
300,13,0.3339789166870041,0.11525121834963953
300,14,0.41413712211130327,-0.0020625499386235924
300,15,0.3877453913411455,0.048840002492577195
300,16,0.33356666212342284,0.14579238781848464
300,17,0.3471605575204176,0.14669560448703373
300,18,0.39032738382483373,0.09382980793305934
300,19,0.4123408292542888,0.05989534230752608
300,20,0.42066852398068433,0.035272274439133666
300,21,0.4283097206919916,0.020582563193882242
300,22,0.40262540093214144,0.03703569699677289
300,23,0.31339210412402146,0.16495488380473128
301,0,0.30414086640015897,0.1918382738185639
301,1,0.3332339321859352,0.16651705364732888
301,2,0.3660068596991827,0.1319514470140421
301,3,0.384583057782142,0.10590467117488422
301,4,0.4009639726431997,0.08825067449077578
301,5,0.4050759511665018,0.08358293803398303
301,6,0.4121709956671252,0.07212506150303633
301,7,0.41953329476435147,0.05573742683717481
301,8,0.4097870058952268,0.058783933604410255
301,9,0.4147762726109761,0.05233125607074662
301,10,0.4123015302691239,0.05584932991609992
301,11,0.40021880795733794,0.07122027075039672
301,12,0.3545245224424054,0.11512384631150707
301,13,0.3313990972941167,0.12035461090835642
301,14,0.4115922949469512,0.0035643569401732633
301,15,0.38771448178567636,0.04945785484369758
301,16,0.3395446789067243,0.13979900971680465
301,17,0.35288197711866076,0.14016804447848874
301,18,0.38965683959561087,0.09480218734264884
301,19,0.4120185753417855,0.06030012172921201
301,20,0.42100781541686577,0.03493665491639936
301,21,0.4286812244010373,0.020107413566578913
301,22,0.3543495101922893,0.10547055104831693
301,23,0.31581084248170727,0.162279370184507
302,0,0.3060590133943521,0.1897146551769146
302,1,0.3352336626006181,0.16412067790176688
302,2,0.36869941531074985,0.12897615555038494
302,3,0.38659376003176427,0.10353713337065856
302,4,0.4035285357162297,0.08570536914150262
302,5,0.4080127439128991,0.08055375173265666
302,6,0.4133348892024223,0.07103063972369744
302,7,0.4204318350428082,0.05490519668962529
302,8,0.4106877859247486,0.05802538219441239
302,9,0.41580391152342505,0.05161969430313734
302,10,0.41306571267996595,0.05501046410472732
302,11,0.40099023889463775,0.07025319026145033
302,12,0.35639684008353323,0.11527130993997181
302,13,0.33390279295429326,0.11975043984827194
302,14,0.4143100459807784,0.0022784437142494007
302,15,0.38769613890407595,0.04947623964961051
302,16,0.344919720601715,0.1359750661801129
302,17,0.3568340882396582,0.13650625310355657
302,18,0.3894980277250341,0.09518431353558587
302,19,0.41256432447671215,0.05968156050664031
302,20,0.421950886285823,0.03402909705008733
302,21,0.43027977937932355,0.018118417205408466
302,22,0.3549070456091569,0.1045865838272712
302,23,0.3165256286869791,0.1614760638074313
303,0,0.3072684730401534,0.18853673891184436
303,1,0.3368559742285381,0.16215997897170248
303,2,0.3701733371319814,0.12768182874341538
303,3,0.3877715660739045,0.10223948532796356
303,4,0.40441502176761085,0.0848221037712758
303,5,0.4086955879454784,0.07970463747613177
303,6,0.4138933475045844,0.07045532814821226
303,7,0.4206742563625491,0.054716107228066246
303,8,0.41094016958672897,0.0576119494214668
303,9,0.4161094167940853,0.05120399871444381
303,10,0.41333058001603085,0.05485522883788746
303,11,0.40184668962220327,0.06937437034654126
303,12,0.3493764253935054,0.12042343405915007
303,13,0.33748592017569,0.12038027350180197
303,14,0.4169957262762008,0.0043852755852850644
303,15,0.387466979328209,0.049992494416712996
303,16,0.35476061966508865,0.11360690183723121
303,17,0.37226255427778554,0.10886992255410571
303,18,0.38910939440920483,0.09598929627283276
303,19,0.41179474689908147,0.06086686689397941
303,20,0.4215124290797761,0.03485737097489022
303,21,0.4307119800859246,0.01797883750528556
303,22,0.35503974163512003,0.10444757039776675
303,23,0.31685218825855577,0.16101196370788157
304,0,0.30666106740597543,0.18920500095799275
304,1,0.33702266043943563,0.1619772764893196
304,2,0.3715923282475885,0.12588266638939916
304,3,0.38938459650557306,0.10046593519597963
304,4,0.4061846228053798,0.082977617061885
304,5,0.40854174265748905,0.07964086293680822
304,6,0.413765838282798,0.07035413094531562
304,7,0.42264541564036473,0.052506094182731944
304,8,0.41222154087002066,0.05620977652338893
304,9,0.41798545741642756,0.04918156875233931
304,10,0.41370344926317837,0.05426402329322444
304,11,0.40271236243744113,0.06824919800489071
304,12,0.34867796166363674,0.1212368224664509
304,13,0.3397974969585035,0.10419465455631816
304,14,0.4129996084561579,0.02441014027695243
304,15,0.38630361150087994,0.05168159777867093
304,16,0.34942197810767467,0.13294893597097773
304,17,0.37074323425076056,0.11098812010672376
304,18,0.3877001795726427,0.09792760537992429
304,19,0.41167410224287004,0.0613785568243469
304,20,0.4216309385052049,0.03503084163264869
304,21,0.4307580894000242,0.01817729355449016
304,22,0.3563628064890331,0.10302578359284198
304,23,0.3183664772955682,0.15962632363706541
305,0,0.30760023392494434,0.188260923850268
305,1,0.337825564832841,0.16088641142993998
305,2,0.37203523212989215,0.12528591248498433
305,3,0.3888280865737071,0.10128735927792942
305,4,0.40577415151735363,0.08362129797597784
305,5,0.4077867410854946,0.08042623005224236
305,6,0.4132807869279682,0.07073935559629574
305,7,0.42221984107008037,0.05260435856949197
305,8,0.41150823296171046,0.056862484354794796
305,9,0.41717247546123626,0.05034894821001756
305,10,0.41328892981191206,0.054832355667583155
305,11,0.40351504257888715,0.0675228560309184
305,12,0.35001110500616556,0.120112412729586
305,13,0.3406602708537849,0.10381933162449886
305,14,0.418048898295554,0.01845388546952148
305,15,0.3865272562437701,0.05235010482620028
305,16,0.349521933628301,0.1334032071608383
305,17,0.3708848467156646,0.11117919183250319
305,18,0.3877633254696112,0.09793843911684486
305,19,0.4129888244729218,0.059983558209838084
305,20,0.4225720600055178,0.034475840017573256
305,21,0.43145899496492307,0.017909137568083877
305,22,0.35701206117047896,0.10240970313223136
305,23,0.31999200143635215,0.1583100394598036
306,0,0.30839945912704136,0.1877581417211076
306,1,0.3385263848426597,0.16031439819814391
306,2,0.37228475215867923,0.12513532239866337
306,3,0.38848114590067345,0.10188480768902458
306,4,0.40567820962251766,0.08386239552628894
306,5,0.4089203573325831,0.07907446202567248
306,6,0.4144159666624213,0.06977552402309573
306,7,0.4247800644621183,0.0500043303150986
306,8,0.4138693327432489,0.05435343348402427
306,9,0.4197165620279282,0.047929623124266296
306,10,0.4151333529498234,0.053384209688888795
306,11,0.40496338610882965,0.06654286320467129
306,12,0.3518112417163887,0.11843876642585377
306,13,0.3411123171158203,0.10409856957501845
306,14,0.41558092515156553,0.020036384338671942
306,15,0.386290489849061,0.052900366069291826
306,16,0.35194953833541165,0.1303703763313685
306,17,0.37017855072528827,0.11171299910327376
306,18,0.3873075086988706,0.09856477154280002
306,19,0.4133858810873511,0.059599398957258576
306,20,0.42373536293010894,0.033308639454697975
306,21,0.4345329753348021,0.014204996038130857
306,22,0.3608287727918318,0.09787775981822999
306,23,0.32227282558568265,0.15541427523267715
307,0,0.309169143946621,0.1866733770492674
307,1,0.3398536687595417,0.1585076452076007
307,2,0.3747937835119074,0.12204118702265537
307,3,0.3906147414369934,0.09940379724923792
307,4,0.4081325942635597,0.08134836179601457
307,5,0.4104068071027396,0.07749189404933449
307,6,0.4158784283806525,0.06815593242463153
307,7,0.4261814548374611,0.048562445291093326
307,8,0.4152923929218168,0.052955101788830006
307,9,0.4203437677159008,0.04724920924479492
307,10,0.41668753291008603,0.05196340842198777
307,11,0.40465197886082377,0.06692971419105581
307,12,0.35260641342084975,0.11791906251698009
307,13,0.31003431876108845,0.16692820143619647
307,14,0.41072821412417826,0.02487932436255713
307,15,0.3862406295047553,0.05350530498096712
307,16,0.35362629672698215,0.11643348984383362
307,17,0.3705375090954471,0.11199710169455135
307,18,0.38754371363749057,0.09897350213172257
307,19,0.4131715630819777,0.060108540978448755
307,20,0.4246046952250636,0.03239584719576155
307,21,0.4354969080710464,0.01317760579560634
307,22,0.36241429395370317,0.09593228941796234
307,23,0.32125216093058906,0.15590298485899035
308,0,0.3065180798088162,0.18895910664946813
308,1,0.33921135423090715,0.15905144725757814
308,2,0.37635228782010405,0.12071344658888722
308,3,0.3934136993075442,0.09688435953762353
308,4,0.40825303340350794,0.0811471098969822
308,5,0.41096978082225166,0.07686747311706438
308,6,0.4160909571181562,0.06794112528799578
308,7,0.42624134123417556,0.048490147952553575
308,8,0.4167712759944569,0.051442584057259655
308,9,0.421847739822933,0.04584456837300971
308,10,0.41863856988187886,0.050112441075443936
308,11,0.40646019195913374,0.06550401603417721
308,12,0.3537656743642387,0.11726052887045141
308,13,0.3092793017104025,0.16520731792907478
308,14,0.41157459888510567,0.023017873868343697
308,15,0.3863895167938826,0.05373484869232792
308,16,0.3545417087123113,0.1156736608985473
308,17,0.3702795985006443,0.11238163882430557
308,18,0.38844727262034734,0.09803554636318523
308,19,0.41342191203815715,0.05981829156429547
308,20,0.4259998044237307,0.03070524778021355
308,21,0.4371820111962921,0.01131677915463325
308,22,0.3630213683951292,0.0954409932929774
308,23,0.3237366215752979,0.1537239121217972
309,0,0.30833499029104217,0.18741489033704306
309,1,0.3393886473482025,0.15899285876775604
309,2,0.3757399671819219,0.12143876309891832
309,3,0.3930141970846156,0.09761275822978543
309,4,0.4073802400385862,0.0821584806293088
309,5,0.4103751590001442,0.07744401890822633
309,6,0.4160692518608407,0.06770048399947187
309,7,0.42689962581160285,0.0475660828013208
309,8,0.4174416484497013,0.050662077763237445
309,9,0.4224461862558922,0.04505110000203244
309,10,0.41916418918358034,0.04960461856328613
309,11,0.4077245279089283,0.06447058866670874
309,12,0.3555724405514558,0.11605112393761502
309,13,0.31773348460478223,0.15979586470929957
309,14,0.41683985363916604,0.02327602253335609
309,15,0.3861344601457601,0.05371772679863701
309,16,0.3538759181197663,0.11618321976729512
309,17,0.36876386060190086,0.11363399943902858
309,18,0.38725567731634164,0.09933012038015998
309,19,0.41340066359015437,0.059396069068951174
309,20,0.4268568984125164,0.029786678921105647
309,21,0.4376305205174686,0.010546627377537032
309,22,0.36391979699656873,0.0944432316885549
309,23,0.32451266606605583,0.15315575579531576
310,0,0.3093768736555887,0.18684681799110353
310,1,0.34017405589119837,0.158390266630779
310,2,0.3765474614046619,0.12080213382082589
310,3,0.3936984418819511,0.09698339115785753
310,4,0.4079198348332831,0.08150704429301625
310,5,0.4101166818509522,0.07788813827566937
310,6,0.4159271767064475,0.06801475206011881
310,7,0.42713123439596484,0.047158713948875775
310,8,0.4180422864069117,0.04966448070075258
310,9,0.4233401533714133,0.04381222429637616
310,10,0.4202893464368587,0.04816426440960625
310,11,0.4101869819532162,0.06160706759018897
310,12,0.3556007462597144,0.11602134973641093
310,13,0.3183713912023677,0.16335237454128732
310,14,0.4214256161901261,0.022240044658572655
310,15,0.3868963179822555,0.05315855733258762
310,16,0.3538791209310253,0.11620497186569995
310,17,0.3687210263277948,0.11385179190331257
310,18,0.3869911985251799,0.10002338993893678
310,19,0.413507729673955,0.05987380314454149
310,20,0.42712190368539654,0.029950200533892413
310,21,0.43857605755936074,0.009427955500562135
310,22,0.36534343868366376,0.09264434091693885
310,23,0.3277103709174546,0.15003683267636742
311,0,0.3104132325965221,0.1862665373712732
311,1,0.33985421017712547,0.1593520220408795
311,2,0.37676186930331224,0.12109061211340905
311,3,0.3941311207731571,0.09672422603992603
311,4,0.4080389374654304,0.08152068067105028
311,5,0.41115473779779205,0.07714795857787854
311,6,0.4165008242752924,0.06743076463623365
311,7,0.4281853178780567,0.04671403323173334
311,8,0.4181824901665035,0.04983937020111284
311,9,0.42349968937830823,0.04377893934896354
311,10,0.41987176163687606,0.04875515763038796
311,11,0.4111305090407464,0.060799398294197116
311,12,0.35496520957419275,0.1169594834489075
311,13,0.3204237711774514,0.16030468340690468
311,14,0.4217352074370281,0.024020722456464416
311,15,0.38670529282346733,0.0536024095454784
311,16,0.3534146945299978,0.11677487114575602
311,17,0.3689632038366287,0.1135373936559873
311,18,0.3886502437702543,0.09781450960931815
311,19,0.41375492357351346,0.05962186737094999
311,20,0.4278644643083881,0.02931232028464631
311,21,0.4401631333188368,0.0076192759648197605
311,22,0.3667322857949613,0.0911819195057661
311,23,0.32818533219645074,0.14998226207572007
312,0,0.31068440576971623,0.18607388792474694
312,1,0.3400066623996762,0.15903733673469622
312,2,0.3767793555073464,0.1211349467874871
312,3,0.3943971029186302,0.09668604194194935
312,4,0.4095071564395941,0.08035136837845985
312,5,0.4138479738944217,0.07518439819853545
312,6,0.4185085557723259,0.06606820914002354
312,7,0.42902956037553996,0.04624032493504515
312,8,0.4181455982437418,0.0499463944978053
312,9,0.42300290881797736,0.04440899468230208
312,10,0.4198142300500206,0.04887577777702151
312,11,0.41152642426722064,0.06041462415066223
312,12,0.3551061624756107,0.11688384449093564
312,13,0.32994284484897723,0.15870591951030477
312,14,0.43791029757173994,0.016823813763742423
312,15,0.3875664767990268,0.05321286714926293
312,16,0.3539755173880782,0.11625454664205526
312,17,0.3689450267004109,0.11359902751906137
312,18,0.38907128952348036,0.09764832822976305
312,19,0.4143394466258329,0.059488498226006714
312,20,0.42815365244857007,0.02938835712123966
312,21,0.44147548445535556,0.0060405463447064656
312,22,0.36906403344645106,0.08854881224524214
312,23,0.33057685599252834,0.1472490123346208
313,0,0.31184039419701315,0.18469351996386618
313,1,0.3420267933248719,0.15665487644907766
313,2,0.37933331098469153,0.11823881473643555
313,3,0.39592749689085205,0.09525541446843544
313,4,0.4100576849141312,0.07974418658688764
313,5,0.4134102465638192,0.07570138390829861
313,6,0.41688367785582675,0.06787460900722336
313,7,0.42794813397075215,0.04733155378377357
313,8,0.41601211563543156,0.05218819502672123
313,9,0.42194058379678906,0.0454668850503388
313,10,0.41947801281613845,0.04911173419317866
313,11,0.41107927671751804,0.06073485448605426
313,12,0.3563033975320117,0.11574310530338683
313,13,0.3398046392285755,0.1538379452976113
313,14,0.4355058997073428,0.021854575343322913
313,15,0.3861935356130227,0.05505619570041481
313,16,0.35243026522569143,0.11823465051365545
313,17,0.3673701122134067,0.11533398321130273
313,18,0.3869144492656131,0.10036723435973438
313,19,0.41373754198452334,0.06074311544563554
313,20,0.42819766897146483,0.02968637758365872
313,21,0.44287482847212184,0.004513473523559075
313,22,0.37253731120962263,0.0845486280734723
313,23,0.3326791243187467,0.14487711235828493
314,0,0.31287250756343377,0.18377868991546792
314,1,0.3434663740456034,0.15484315301682955
314,2,0.37936334281504663,0.11829696706967147
314,3,0.3974170918043639,0.09386709308698532
314,4,0.4113013182470939,0.07874159435361877
314,5,0.4150157139734032,0.07419712298934661
314,6,0.41661292564933994,0.06869042057897479
314,7,0.4295825855488636,0.04595098472059583
314,8,0.4180317881334581,0.05034554751154474
314,9,0.42451285231745045,0.04295881292872589
314,10,0.42186354649463603,0.046781591223150565
314,11,0.4110474609231199,0.061087308697516496
314,12,0.35699383951073904,0.11539006564217719
314,13,0.3362367490946767,0.16111742624609793
314,14,0.42567184617824283,0.03580912754282495
314,15,0.38746807210866097,0.054386608493799615
314,16,0.3539640075283051,0.11726585716774007
314,17,0.36784193429368667,0.11514724118601355
314,18,0.387992182155243,0.09922372833503929
314,19,0.4138655534707846,0.060568662218450864
314,20,0.4281810814110352,0.030035542503262735
314,21,0.44378896167284765,0.0037346494405106068
314,22,0.37239439765186466,0.08476291154665655
314,23,0.3327860470043284,0.14492807887688275
315,0,0.3132652143306174,0.18379978138848374
315,1,0.34497484444637494,0.15365067322718579
315,2,0.3801723581377834,0.11781289879012052
315,3,0.3987284299525838,0.09302858603891762
315,4,0.41267042730897496,0.07784162837311664
315,5,0.4165586702421042,0.07322035891773643
315,6,0.41717543114249933,0.06860685739838468
315,7,0.42975478301845627,0.04611032779305163
315,8,0.4181585371120967,0.05057191962152352
315,9,0.4244997957256776,0.04319906320632494
315,10,0.4218130317629081,0.04684609859072475
315,11,0.4106637510036488,0.06153359936450714
315,12,0.35738581038770323,0.11570947502777701
315,13,0.341001495768287,0.1580627739095245
315,14,0.4266825445206822,0.037853070746134365
315,15,0.38756009997636415,0.05431536106519458
315,16,0.35377582088460385,0.11737278921573846
315,17,0.36776091164674063,0.11530070056092195
315,18,0.388395557690553,0.09910673638096162
315,19,0.4135943776434966,0.06117799426347598
315,20,0.42841186375006196,0.03008880062563718
315,21,0.44408853830371026,0.003777822716356849
315,22,0.37315097191064606,0.0841042622938723
315,23,0.33413367264682947,0.14351922185324417
316,0,0.3135062993758508,0.18390147164800025
316,1,0.34509490702777873,0.15382432100904825
316,2,0.38009115775716595,0.11818242680769803
316,3,0.3984938946689986,0.09375875485532253
316,4,0.412509839043455,0.07839570293638304
316,5,0.4164577644722035,0.07331533316585964
316,6,0.4174091068001811,0.06838652546624613
316,7,0.42913023859855104,0.046721260219838356
316,8,0.41769186731175306,0.050812676978343296
316,9,0.42431401647603884,0.04302206069485315
316,10,0.42235290481805576,0.04584725994997457
316,11,0.4123944061002251,0.05930688883189883
316,12,0.35743330274227775,0.11583876139121069
316,13,0.3389613898424076,0.16455731106942822
316,14,0.4262113846366272,0.04158183508195051
316,15,0.3878752139373056,0.054349335292984635
316,16,0.35323197251758043,0.1181380527659579
316,17,0.3674401434820793,0.1160825243089062
316,18,0.38909408687657204,0.09859453138311586
316,19,0.4136304971400414,0.061638845968812805
316,20,0.4287686389164673,0.03003509381314612
316,21,0.4459942270396544,0.002161754479800382
316,22,0.3764622670603265,0.0810374205566009
316,23,0.33611916592760804,0.141787712267253
317,0,0.31432902396399315,0.18351071809171415
317,1,0.3463766812238399,0.15265666829290742
317,2,0.3823326022617231,0.11590082830218873
317,3,0.40157896779062363,0.09064016419766963
317,4,0.41457091911534644,0.07616921496910778
317,5,0.41807376966353715,0.07192483989628051
317,6,0.4233510017417409,0.06254009990995629
317,7,0.432283494696687,0.04369139539894912
317,8,0.420884298482382,0.04747595093792922
317,9,0.42776619599925453,0.03938314489488709
317,10,0.4248553692453453,0.04326051050599938
317,11,0.4141926570234139,0.05737349882620035
317,12,0.35969592047938903,0.11368631787066358
317,13,0.33683376094988393,0.17266497435861028
317,14,0.42682902907936215,0.04505282962068036
317,15,0.38777003977494545,0.05504639204990763
317,16,0.3535557847581011,0.11771190991523656
317,17,0.3671994215762831,0.1161966907993982
317,18,0.3887721587963037,0.0988173788867624
317,19,0.4137939774361472,0.06183549646072306
317,20,0.4293841769528416,0.02944003314591631
317,21,0.4471979452644054,0.000821675812488265
317,22,0.37810966141144786,0.07884989231302525
317,23,0.3376719034784147,0.13980501136501555
318,0,0.31617697372299214,0.1813136781479699
318,1,0.35061696961747674,0.14797288621472565
318,2,0.3861987350037471,0.11136412095881354
318,3,0.40428576372422204,0.08730956107471027
318,4,0.4165985890359045,0.07391522049037669
318,5,0.41916080974570263,0.07075418735996408
318,6,0.4239020543256932,0.061633818004544316
318,7,0.4328682787613026,0.04290131743822195
318,8,0.4221718315096764,0.0462451476333785
318,9,0.427852427067182,0.03961832625287692
318,10,0.42492680455034904,0.04346288323721775
318,11,0.4143108644428919,0.05767696178542808
318,12,0.36011305997234333,0.11375273126574592
318,13,0.3446246563886857,0.10863637709045265
318,14,0.43281870012936496,0.04486082519641871
318,15,0.3879671497134159,0.055374364187828484
318,16,0.3537106156007193,0.11796302168326167
318,17,0.36681388187880865,0.11699394794352658
318,18,0.38900794400412614,0.09890004889085058
318,19,0.41485253899761426,0.060684543186492024
318,20,0.4309644843667647,0.02794871936039678
318,21,0.4495711969887926,-0.0016254143886619277
318,22,0.3795159820600576,0.07735419069591426
318,23,0.3377534715537973,0.13984531061708333
319,0,0.3166938803577285,0.18076592402995956
319,1,0.35038098944980517,0.14842027102686633
319,2,0.3861539458374872,0.11143302562066904
319,3,0.40545485358194455,0.08587636145804733
319,4,0.41715037999953963,0.07341567364257279
319,5,0.4186339804238149,0.07166205174702611
319,6,0.4233179003793011,0.0627085381251482
319,7,0.4329719294383194,0.04303723606171711
319,8,0.42151137398346783,0.047346930778383534
319,9,0.4274303106075901,0.040402069507783855
319,10,0.4244337672084804,0.044421563924368634
319,11,0.41376666204017726,0.05876552100734317
319,12,0.360669435753196,0.11403659538255123
319,13,0.3448894292255845,0.1091482292240224
319,14,0.4368597473439431,0.046722807676820355
319,15,0.39024160208247427,0.05344289019974896
319,16,0.35597168758877223,0.11608545411455973
319,17,0.36783441097442227,0.11627757002880695
319,18,0.38922010013381503,0.09912262331877375
319,19,0.4146220861536952,0.06140473845492206
319,20,0.43076950490238847,0.02851842262962967
319,21,0.4497079523942624,-0.0018373543645276436
319,22,0.38117159325482597,0.07559737660391852
319,23,0.3409038653399242,0.13698035025669536
320,0,0.32013874050875707,0.17780225808856792
320,1,0.35354390697976346,0.14566153016909145
320,2,0.3890806601901049,0.10905632342553057
320,3,0.40766931999899403,0.08393361653303155
320,4,0.41815016103523095,0.07291910963439069
320,5,0.4193630910102609,0.07128390959542658
320,6,0.4243586506075047,0.06251826900192947
320,7,0.4356506594607743,0.04108959749764968
320,8,0.42409939847653927,0.04552726783922151
320,9,0.4279318996738236,0.04057520179909496
320,10,0.4251532780770078,0.0443796886165706
320,11,0.4141391129809436,0.058597609479388746
320,12,0.36187188236302104,0.11337628709602815
320,13,0.34478233519440366,0.10958925407680264
320,14,0.3986964624918764,0.022483404442799004
320,15,0.39051744930954396,0.054293498111500915
320,16,0.35554813913417815,0.11730652222677473
320,17,0.3684002356958974,0.11666129197353553
320,18,0.39024047035590764,0.09902034131020215
320,19,0.4152942003079004,0.06139488234540902
320,20,0.4317016961558208,0.02806128919328449
320,21,0.4534787594687571,-0.005264049996285325
320,22,0.38275649864841643,0.0746926581409722
320,23,0.34156943220924163,0.1368891397928576
321,0,0.3209553208191582,0.1775026120494888
321,1,0.35425368722846434,0.14527481136242448
321,2,0.38946564039128534,0.10896622316300103
321,3,0.40760507228270554,0.08418862524901116
321,4,0.4176041348426098,0.07387369696078716
321,5,0.4180721315688278,0.07314912207468716
321,6,0.4225092674198466,0.06481750460035163
321,7,0.4346918574827166,0.04292933481711231
321,8,0.4243623614473405,0.04600704879216749
321,9,0.4283862239479541,0.040691455434407386
321,10,0.42618972986295683,0.04342385604122878
321,11,0.41551080382549127,0.05722124985027277
321,12,0.3606519405224237,0.11487600055553665
321,13,0.34281269998915775,0.1118629973659635
321,14,0.3972806831885864,0.024294549392136155
321,15,0.39016855813412904,0.05504097806913799
321,16,0.3557136619914055,0.11757506084283681
321,17,0.36803062541481046,0.11735870883460803
321,18,0.3906497065510725,0.09873938941708149
321,19,0.4159345015566742,0.060853690699526064
321,20,0.43227748658531245,0.02758132899303528
321,21,0.4559051278500235,-0.007976287841134966
321,22,0.3887959860667432,0.06815187372225884
321,23,0.34381173369089413,0.1350856904284664
322,0,0.32156938868484536,0.17746036448843822
322,1,0.35450831822903783,0.1453088891735927
322,2,0.38872902185762925,0.10983698706714434
322,3,0.4077325909984453,0.08398541921625158
322,4,0.4182027495893014,0.07340042463608393
322,5,0.4172109548964515,0.0743802619592594
322,6,0.4210628713812291,0.06661313239559208
322,7,0.43379069504030143,0.044043115475954075
322,8,0.42378462623418256,0.046531324591299716
322,9,0.42751178576417587,0.04156890896598742
322,10,0.42473595556436256,0.04495755828701403
322,11,0.413933239710717,0.058975423381984804
322,12,0.3604690218433829,0.11567282128292167
322,13,0.34230964780202555,0.11336348722203393
322,14,0.3976283717925541,0.024797607720747683
322,15,0.3901646198945747,0.055616705141416256
322,16,0.3547051941930677,0.16665076606148155
322,17,0.3593626201156329,0.17773092820871672
322,18,0.3906327133312957,0.09869400200308293
322,19,0.41648089069252203,0.06044317803287941
322,20,0.4329826521307506,0.02696178512648162
322,21,0.45675350181719315,-0.009098680189828456
322,22,0.38971947820236463,0.06697875318979635
322,23,0.34452457069323544,0.1340706662256942
323,0,0.32214741377075085,0.17670682982536035
323,1,0.35589875981151997,0.1435101914319727
323,2,0.3894562505174,0.10881625398009487
323,3,0.4083657857722873,0.08327580999412054
323,4,0.4184050583684686,0.07326032543048999
323,5,0.41697949427916164,0.07480497302033279
323,6,0.4211461238629949,0.06659416765252413
323,7,0.43483949672648387,0.04304865839805022
323,8,0.4253381005106765,0.04521817492434377
323,9,0.42819386657320774,0.04092721867453186
323,10,0.4251144194796567,0.044686878549799636
323,11,0.4144619707118885,0.058476027028921185
323,12,0.3645228918285062,0.11216756643537229
323,13,0.3453857801913684,0.11066124505858987
323,14,0.3981223256528074,0.024770671616351603
323,15,0.39017504840687073,0.05595135588697864
323,16,0.3532260231573539,0.16739556031784636
323,17,0.35166374482670754,0.18766560523678483
323,18,0.39139498540099377,0.09809716079814657
323,19,0.41701782001559695,0.059633503731987
323,20,0.43497919512226735,0.02422763793660665
323,21,0.4622565077878484,-0.01579431595254721
323,22,0.3961191456646598,0.059520595393348474
323,23,0.34851579718853276,0.12941547863492198
324,0,0.3238085016378679,0.17464079059674625
324,1,0.3578069057703504,0.1412207352739323
324,2,0.39153152922485795,0.10628080179074695
324,3,0.4093963782986763,0.08197714344508206
324,4,0.4194439038653595,0.0720746285995546
324,5,0.41870290469952304,0.07336492923835713
324,6,0.42199397248505255,0.06604118155859351
324,7,0.4361302870255529,0.04181970485138847
324,8,0.4259460777377691,0.04482826003029211
324,9,0.42849588034096336,0.04085419845116933
324,10,0.4255598017146735,0.044719231887806354
324,11,0.4149569977781587,0.05825243925066703
324,12,0.36538980481973543,0.11178568703549568
324,13,0.3454861956356402,0.1113151081423095
324,14,0.3979149045113868,0.025909866689798278
324,15,0.3900038293000181,0.057091571403313446
324,16,0.3522099874280687,0.16436653740911045
324,17,0.35306794186587975,0.18298474716948832
324,18,0.389687992928669,0.10055908779357964
324,19,0.41453309967878743,0.06300330959296696
324,20,0.435048870076056,0.024645276675088312
324,21,0.46283675173485117,-0.016224940688092993
324,22,0.3970133934914753,0.05834356498041471
324,23,0.348768943711552,0.1291347207609358
325,0,0.3252599937442156,0.17379430900676546
325,1,0.3584071780204547,0.14122247887407863
325,2,0.39152006033322173,0.10700729946107046
325,3,0.4084729400433542,0.08388955371133366
325,4,0.4188416435463073,0.07338035573297225
325,5,0.4188882735145188,0.07370918242445296
325,6,0.4224927452368877,0.065807336967875
325,7,0.4369261574958549,0.041176726732780056
325,8,0.42452277534156424,0.04653617677944938
325,9,0.42709608008317584,0.04256036590811535
325,10,0.4250780546248355,0.04582776003507122
325,11,0.4146065098561318,0.05980942960012281
325,12,0.3643511202035122,0.11387747418701455
325,13,0.34494082210303817,0.11300782179522195
325,14,0.39853750202008625,0.026313742255151484
325,15,0.39029010372030737,0.0577234936859094
325,16,0.35610108938851265,0.11979101688464278
325,17,0.3704358375532729,0.11570906310077467
325,18,0.39161469425141715,0.09882193900537295
325,19,0.4166390126872408,0.060931446622419505
325,20,0.4384784338203804,0.020787452983177968
325,21,0.46553467857500364,-0.019009234482081527
325,22,0.3997212282418835,0.05578311120380741
325,23,0.35201476275330273,0.12615671731231698
326,0,0.32644789375807515,0.1731513453819581
326,1,0.3599176447471185,0.1404307300355056
326,2,0.3916930650361668,0.10730553342555488
326,3,0.40821750061304396,0.08450532388280663
326,4,0.4186045569777744,0.07429174045154979
326,5,0.4189632988531609,0.07455499505151614
326,6,0.42219644416178964,0.06655189948951268
326,7,0.435387056560524,0.043295408756435005
326,8,0.42435768764631826,0.04774621304483284
326,9,0.42756533976449973,0.042643687345384984
326,10,0.42429349670012584,0.04671355584555209
326,11,0.4151630981021106,0.05946928118853123
326,12,0.36567486802286253,0.11298672076651722
326,13,0.3456904088855622,0.11296604769451857
326,14,0.39877422323803524,0.026327966682079207
326,15,0.38984554562160806,0.058224887500834044
326,16,0.3554976161566627,0.12051614752797674
326,17,0.36930182011763374,0.11740909443004499
326,18,0.3914681561173482,0.09904056273576861
326,19,0.417472636816753,0.060039768090039636
326,20,0.4395137089163545,0.019511490364384765
326,21,0.46953089886108546,-0.023407583894695105
326,22,0.4055396928534007,0.049822907636951075
326,23,0.3554119836383368,0.12270364179557747
327,0,0.32788402884391077,0.1722054194783918
327,1,0.359063078129276,0.1416539747534617
327,2,0.39153875022794454,0.10746299084564648
327,3,0.40844136562772004,0.08429533671490469
327,4,0.4162994191931712,0.07665651681197477
327,5,0.4163545709398781,0.07734546371399248
327,6,0.41948680977078856,0.06943745102343246
327,7,0.43272034705014245,0.046465417059388336
327,8,0.4220609614225238,0.05049277202296848
327,9,0.42612709485242034,0.044447133925458904
327,10,0.4227498972500374,0.04854357568187323
327,11,0.4143595160386608,0.06030486739268531
327,12,0.36570955471839917,0.11317333050610529
327,13,0.3463905379788763,0.11270089221603885
327,14,0.3988546467424628,0.026463213570145028
327,15,0.3899891394235276,0.05846919800777983
327,16,0.35532822446526063,0.12100076460263742
327,17,0.36956414235313223,0.11730073864286139
327,18,0.39171166473096125,0.0986542640206407
327,19,0.4179333614498457,0.05994045553703592
327,20,0.44020328964865824,0.018964135433539975
327,21,0.4706891286870168,-0.024929899610474537
327,22,0.4070578234977523,0.04790635915706537
327,23,0.3563649292600784,0.12146052951433528
328,0,0.3283245725858261,0.1715370620997425
328,1,0.35928681475849455,0.1411078190155018
328,2,0.3917673320651334,0.10692005446386377
328,3,0.40886543900073935,0.08365904588634104
328,4,0.41726999740277876,0.07562237444652614
328,5,0.4171535718425949,0.07646870375845738
328,6,0.4205047808468546,0.06816942897492301
328,7,0.4332189454753614,0.045526349232415164
328,8,0.4223389221735746,0.04988491018504987
328,9,0.4264043781146051,0.04387668603882472
328,10,0.4236299683290668,0.04754564279648599
328,11,0.4156431037875342,0.058979649039231696
328,12,0.368884483113273,0.11005715534889093
328,13,0.34771724439848084,0.11188366601071936
328,14,0.39951200381260216,0.02610019978819056
328,15,0.3902991451179933,0.05862797141957721
328,16,0.35541665765768626,0.12104900456700834
328,17,0.3705091349666406,0.11632322341099427
328,18,0.3931777288704502,0.09751960721232311
328,19,0.41766770795165375,0.06042163958569102
328,20,0.44096660838276747,0.01848724120764228
328,21,0.47173491284254004,-0.026072145640945676
328,22,0.408947153314866,0.04565542188633909
328,23,0.35763185988276236,0.1200621594795146
329,0,0.32827582562002083,0.17097209517287176
329,1,0.35994994118233403,0.14007333753853507
329,2,0.3926011768363768,0.10618557498799897
329,3,0.4090676716324978,0.0833146453350167
329,4,0.4169283374022388,0.07573306018692588
329,5,0.4173205218647411,0.0764571832028057
329,6,0.4207892545520744,0.06793375549471853
329,7,0.43406054132598343,0.04450273214119865
329,8,0.4221700826533111,0.05007867979977371
329,9,0.42727754121282685,0.043112230429422305
329,10,0.4250833454269732,0.04639528224305528
329,11,0.41625778083198733,0.05855245059957759
329,12,0.370205350573383,0.10917161754739624
329,13,0.34647124466018614,0.11379282033709404
329,14,0.3979361287627755,0.028277457965814545
329,15,0.38845279254155857,0.06121583299027744
329,16,0.3542396846464814,0.12275383632583742
329,17,0.369456575075442,0.11775578725009345
329,18,0.3934483747750086,0.0974503438869081
329,19,0.41694842583974834,0.061460978419367374
329,20,0.4406883938427063,0.01939773941993339
329,21,0.47256452675595806,-0.02689213307932642
329,22,0.4108309865132563,0.04351905227882685
329,23,0.35879759874323586,0.11911868478744403
330,0,0.3295331269170673,0.1698959247564104
330,1,0.3610849706495865,0.1389772914082008
330,2,0.39369408150337387,0.1052814952158424
330,3,0.41080335220477066,0.08180243150168948
330,4,0.4186396638849223,0.07428547046524908
330,5,0.4187245212139576,0.07528266164126995
330,6,0.42188817760438047,0.06666540683839395
330,7,0.4349794013201297,0.04342659246759478
330,8,0.42463610571065424,0.047194455026539905
330,9,0.4288654665424979,0.04140532873755026
330,10,0.42522491254944883,0.04639218518588395
330,11,0.4162868678504404,0.05846875016289094
330,12,0.37229771548283025,0.10709359150600228
330,13,0.34670885544963365,0.11416100158638004
330,14,0.39875544237676347,0.028106732474542817
330,15,0.3902900916508573,0.059477151499133074
330,16,0.3559408525949696,0.12065116255589686
330,17,0.37086094391437685,0.11587712920512061
330,18,0.3940385929569983,0.09673664601207649
330,19,0.4167886575208296,0.0618523039223296
330,20,0.44086160593355694,0.019385266036860194
330,21,0.4722574727359912,-0.026132355858207
330,22,0.4110870549466426,0.04340113560667008
330,23,0.35909267382334914,0.1191841918273911
331,0,0.32968664759927396,0.1698770404131711
331,1,0.361507062226991,0.1386888065115543
331,2,0.3933781005534463,0.10621630610112448
331,3,0.4106483950731883,0.08224724771206937
331,4,0.41861465929918595,0.0748648960541537
331,5,0.4186495129165254,0.07566376887622506
331,6,0.4218485073736971,0.06700460555628135
331,7,0.4346992892286444,0.04427119489947512
331,8,0.4239168237442085,0.04831611430945176
331,9,0.4282553282212658,0.04246625269036053
331,10,0.42511162850435996,0.04706921508083234
331,11,0.4158723255050703,0.059202768747539714
331,12,0.37234956537773944,0.10768511211481202
331,13,0.3472158236501861,0.1144975928621606
331,14,0.3986005013800221,0.028743648186739412
331,15,0.3899260795665257,0.059943264868505375
331,16,0.35595595653408735,0.12090712714898849
331,17,0.37146327554517883,0.11557197374907457
331,18,0.3942819638922319,0.09672617383264309
331,19,0.41684639874252893,0.06192354105433556
331,20,0.44065752738930897,0.019603231332025794
331,21,0.47181583044698755,-0.02555906672965086
331,22,0.4120349533404478,0.042355251340933264
331,23,0.3588619426564673,0.11949480115076822
332,0,0.3302006912283597,0.17012604727282316
332,1,0.3610176479022358,0.13967958678181508
332,2,0.392047622691202,0.10771427804217154
332,3,0.41040427057433254,0.08277585142280547
332,4,0.4186093322567508,0.07546143932769944
332,5,0.41689648568785187,0.07864309448250956
332,6,0.4212365828832407,0.0683057971868683
332,7,0.43339252984184967,0.04632115679738502
332,8,0.4235378793397529,0.049397115635319455
332,9,0.42809262910092194,0.043089965521694806
332,10,0.42638956279896867,0.04635695933799783
332,11,0.417415129611158,0.0582092625247273
332,12,0.37411656023875467,0.10713345847030409
332,13,0.34837072601294194,0.1145086878317021
332,14,0.39824356752429013,0.029987440678003796
332,15,0.3898169383830897,0.06077242703201313
332,16,0.357261493453658,0.12046243900515663
332,17,0.37248796996506006,0.11546515310001704
332,18,0.395498151311552,0.09658293593759015
332,19,0.41635360273786165,0.06355787457240741
332,20,0.4403188095587947,0.021245484141321658
332,21,0.4715826182847582,-0.02419890611465203
332,22,0.4126512520520075,0.04255012785965079
332,23,0.35864644056007083,0.1204693282934699
333,0,0.33155758373065464,0.1693062884454759
333,1,0.36288552380396677,0.1380751879869081
333,2,0.39211470900622897,0.10787493097277351
333,3,0.4115124720215717,0.0822054888268906
333,4,0.4203990486735694,0.07469047028512232
333,5,0.41704866796203005,0.07915603252134379
333,6,0.42126395081569457,0.06891238841718716
333,7,0.4342148439359151,0.046243073131649715
333,8,0.4238169330797637,0.05011122272959878
333,9,0.42839988541886626,0.04397359691066405
333,10,0.4261882616942314,0.04747356304386402
333,11,0.41529240937676637,0.061274758241051774
333,12,0.37259493677855343,0.10955386721127885
333,13,0.3485584043803915,0.11605597244030702
333,14,0.39803316893089563,0.031461276334693755
333,15,0.3907870359173973,0.0608387301849857
333,16,0.358762955212588,0.12007834563871161
333,17,0.3744110304041803,0.11430451808407066
333,18,0.3977629177240897,0.09471768345493908
333,19,0.4163141740256466,0.06388351878495596
333,20,0.4408827051317432,0.02119141559757698
333,21,0.4718175454661659,-0.024133351231165723
333,22,0.41278990488360806,0.04247430210556863
333,23,0.3593877130593791,0.11997680005484246
334,0,0.3335218854860492,0.1672362214918176
334,1,0.3654421972700503,0.13546226018575003
334,2,0.3948077005933654,0.10524700504685602
334,3,0.4131522244966159,0.08034017712653846
334,4,0.421151032998978,0.0737434144775101
334,5,0.4184092626778207,0.07769679292719694
334,6,0.4225934109617339,0.06759051667962546
334,7,0.43550204159710765,0.044414644606468656
334,8,0.42379173855453284,0.049918818868345316
334,9,0.42902478140745365,0.04307942261448239
334,10,0.42745318776849583,0.045900337441585226
334,11,0.4167084610338311,0.05955600718159326
334,12,0.37355962532809356,0.10851344140687663
334,13,0.34911236352290803,0.1163883907913264
334,14,0.3995363478723092,0.030730228004329452
334,15,0.3919736215584286,0.05996892818381028
334,16,0.3585932607167195,0.12016589506954378
334,17,0.37440996479566574,0.11445391369791236
334,18,0.39739227143464523,0.095659552073672
334,19,0.41622537989306985,0.06405817259484764
334,20,0.4409298977858889,0.021099611735069246
334,21,0.47279055032337247,-0.024777242997146343
334,22,0.4121685809402552,0.04317554387599837
334,23,0.3601074234834276,0.11960880398045753
335,0,0.3346489383631323,0.16651908728419113
335,1,0.3657493192144898,0.13534051558551247
335,2,0.39505034639764014,0.10549864289093247
335,3,0.4136886802358936,0.08017317128906376
335,4,0.42212854762423346,0.07335105195748148
335,5,0.4194721070638619,0.07704557021205799
335,6,0.42307247930025227,0.06709476427605948
335,7,0.43646877491881364,0.0438242124999314
335,8,0.4242305766260414,0.0497550897625027
335,9,0.4287151672339674,0.043596398534064607
335,10,0.4281513226071717,0.04566941253406509
335,11,0.4175206391104629,0.05903267687790886
335,12,0.37545928439855997,0.10748185621654405
335,13,0.35095660859049455,0.11594037452214179
335,14,0.4006979913790821,0.030438666112607204
335,15,0.3936066699375893,0.05885676530203482
335,16,0.4230421268791265,0.07262282051884356
335,17,0.4141577402997359,0.0934014084671494
335,18,0.39769333615385444,0.09542349377599685
335,19,0.48199427887222285,0.014469201470608262
335,20,0.43976636080826004,0.022678840794611355
335,21,0.47310332303739083,-0.025108193519294497
335,22,0.4127068499092272,0.04252954008473492
335,23,0.3637594627000568,0.11617914085601244
336,0,0.33957710041110656,0.1623166565433879
336,1,0.3691434431924771,0.13276627890359588
336,2,0.3967178864915433,0.10441541144740829
336,3,0.41556367850757325,0.07854155412821012
336,4,0.42462293002771445,0.07207451670316817
336,5,0.42183960567969336,0.07604355138935054
336,6,0.42297685654010353,0.06815783729063335
336,7,0.4364556240390394,0.04502688467937255
336,8,0.4246193025360743,0.05030979158644916
336,9,0.42953959767909095,0.04397420693722054
336,10,0.4302822088371461,0.04436340624301166
336,11,0.41936904199643044,0.058137269380058754
336,12,0.37747573302212645,0.10672480419574215
336,13,0.35251960166615176,0.11504062533449161
336,14,0.40122681775319136,0.03018381463310471
336,15,0.39472181362652137,0.057824192702080446
336,16,0.4224841176894381,0.0714466640671434
336,17,0.4134976312200138,0.09073913244831244
336,18,0.39833158518942163,0.09530656499643642
336,19,0.47696841392709227,0.01995414823577868
336,20,0.4419214071126758,0.02096136352631528
336,21,0.47572483058352305,-0.02740543400108153
336,22,0.4175364364548634,0.037521363062948454
336,23,0.36658644199424983,0.11376767689983841
337,0,0.34100714838694285,0.16142130479808015
337,1,0.3705749809066684,0.131976966108579
337,2,0.3970273619326822,0.1049383952586781
337,3,0.4155271844234438,0.0793085908176509
337,4,0.4244734877986261,0.07284157006936287
337,5,0.42203490478155836,0.07605986321179226
337,6,0.4215944213219258,0.07022344340384734
337,7,0.4366126557146766,0.045632498805795896
337,8,0.4249150306268166,0.0501960107329395
337,9,0.4296916663303039,0.044145525896895466
337,10,0.43082513220736246,0.04384450208642626
337,11,0.41996490480390236,0.05733137624526852
337,12,0.38056199567360316,0.10416244113785295
337,13,0.3544495506655901,0.1135729788956113
337,14,0.40257024321473445,0.029072633650142954
337,15,0.39599809466681174,0.0562208925531964
337,16,0.363000120884711,0.11598185597664412
337,17,0.3767621342888018,0.11281395641512726
337,18,0.3980973605236004,0.09567668866455564
337,19,0.4917441767840771,0.004626737186798957
337,20,0.5206991624901134,-0.035338178337753656
337,21,0.4761893481041407,-0.02757011818039845
337,22,0.4195980002778635,0.03529788112736315
337,23,0.3674310028083132,0.11286989250580604
338,0,0.3418426321571088,0.16060870333104382
338,1,0.37123754339417714,0.13104271067683043
338,2,0.397352532196733,0.10458703427579175
338,3,0.4155504564160816,0.0795887391275133
338,4,0.42471445623903903,0.07300418255947377
338,5,0.4229238177936904,0.07514522349314118
338,6,0.4223457360995488,0.0698233444355274
338,7,0.43784686203494366,0.044760254397878785
338,8,0.42638621188970577,0.04860336863221887
338,9,0.432371806570095,0.04152283341728874
338,10,0.433277439962583,0.0411863195375311
338,11,0.422708197236845,0.0547358600882647
338,12,0.38448883263522843,0.10076165643729074
338,13,0.3550170272681846,0.11387410745206605
338,14,0.40310570735192425,0.02965503458304669
338,15,0.39671584340867866,0.055896412069255164
338,16,0.3635778631492997,0.11570169405103947
338,17,0.37722458260431785,0.1126915591203615
338,18,0.39870502599279567,0.09562985227065429
338,19,0.485154029309068,0.013098565547368879
338,20,0.44331496396897846,0.020138214719680247
338,21,0.4780249781945178,-0.029318720976013457
338,22,0.42248945468542554,0.03199329199442702
338,23,0.36875315844999373,0.11127517989657554
339,0,0.34306108805935903,0.15883722605891976
339,1,0.37268629615458154,0.129278448764707
339,2,0.3984920128093427,0.10339761187235702
339,3,0.4161029968681663,0.0786967969502621
339,4,0.4248851727533232,0.07280635153742743
339,5,0.422147706244804,0.07581591363349754
339,6,0.4232157876397964,0.06887823553388878
339,7,0.44105957316645084,0.04163722904941858
339,8,0.42884491050319945,0.04644097658800822
339,9,0.4324963162448235,0.041602505181045746
339,10,0.4332349879169927,0.04159509538440559
339,11,0.4228463277856683,0.05488619121818844
339,12,0.3851442969348278,0.10031392642029263
339,13,0.3545821498291202,0.11465911269320234
339,14,0.4022514146036088,0.030993164384434557
339,15,0.3974792817159478,0.05572370058109999
339,16,0.36424675706330983,0.11603699084541308
339,17,0.37868987066446225,0.11239897114276998
339,18,0.4001948853833904,0.09528468212448354
339,19,0.4217035282927946,0.060053974860124926
339,20,0.4445020341452037,0.01966437466200832
339,21,0.47947753368162976,-0.030043597888414042
339,22,0.42421943544247076,0.03082785048718345
339,23,0.36930736258917646,0.1114778351694582
340,0,0.34483063597880254,0.15749142337111188
340,1,0.3748675859517423,0.12749338457166132
340,2,0.3987211267141733,0.10373077855238283
340,3,0.4163201264563682,0.07885170437033207
340,4,0.42484655242612135,0.07324748426784472
340,5,0.4220817023662679,0.07633867786056031
340,6,0.4225680935692617,0.07003518772580081
340,7,0.4403635620123452,0.04276464468418356
340,8,0.42800268225906646,0.04782730740286373
340,9,0.4318448211758163,0.04264897389680278
340,10,0.43358925479676774,0.04164691855466446
340,11,0.42405879674541525,0.05416614376753043
340,12,0.388190817645919,0.09765429136934067
340,13,0.35573758975294334,0.11408504503197009
340,14,0.4039595589670111,0.030026694084524796
340,15,0.3988775357803371,0.05564584961304009
340,16,0.3653491012144361,0.1160707011331989
340,17,0.3795688992975141,0.11236316305868038
340,18,0.4000333063814414,0.09624676055027293
340,19,0.42247153121141423,0.05936050697392148
340,20,0.4445686849843125,0.019925121547285485
340,21,0.48002414312634395,-0.030674154597752246
340,22,0.4250276405026063,0.029727595662510653
340,23,0.36907526776782923,0.11188466052333135
341,0,0.34347723465661506,0.15947338869866612
341,1,0.3732509071594504,0.1296871961510343
341,2,0.3964600693762634,0.10669081885253673
341,3,0.41429222686268774,0.08138694305437433
341,4,0.42306732386176266,0.07543159302756575
341,5,0.420648339806738,0.07826669941243436
341,6,0.42192036686630036,0.07112257797254373
341,7,0.43840762546807605,0.04495567391754424
341,8,0.42711061292239183,0.048842727483336956
341,9,0.4305128822269112,0.04422719762931221
341,10,0.4323493488393271,0.04333931641013794
341,11,0.4235358081926337,0.05444854310293501
341,12,0.3874214952621813,0.09879721444042161
341,13,0.3564343637165045,0.11443159525872348
341,14,0.4036732803948396,0.030432485649980412
341,15,0.399257547051223,0.05538801864830345
341,16,0.3658285585986537,0.1158183510185613
341,17,0.3793969121232427,0.11263578617062242
341,18,0.4015338822440476,0.09437073958063047
341,19,0.49007585489307576,0.011030300034188034
341,20,0.4463828602140133,0.01823215119907806
341,21,0.482117664297984,-0.032082606516251666
341,22,0.4268016761476474,0.028405563777258114
341,23,0.36985647654535997,0.11117863757726376
342,0,0.3436067447980959,0.15964603183351178
342,1,0.373361702954777,0.1300737289786572
342,2,0.39722018856848895,0.10650395642896726
342,3,0.4149913538598667,0.0810360630175882
342,4,0.4227373813135086,0.07589023421853469
342,5,0.41960984724389816,0.07949775895886241
342,6,0.4217988433952787,0.0712534944082856
342,7,0.4369534200678477,0.04659437890368584
342,8,0.42563256785170756,0.05063486955363655
342,9,0.42981476409226793,0.04522481501595754
342,10,0.43343805187178785,0.04207104563015296
342,11,0.42397721392543986,0.05424415198794652
342,12,0.38955359515794974,0.09708313490086468
342,13,0.3562864713791228,0.11553693734967252
342,14,0.40483195459587024,0.03037419140593267
342,15,0.40047219004828477,0.05455040666966193
342,16,0.36669339504495213,0.11538909780069445
342,17,0.3813743988628933,0.11054229043666758
342,18,0.4028878578370982,0.09306112975337433
342,19,0.4253520810232804,0.05649914809607692
342,20,0.4498166618475334,0.014354749977980252
342,21,0.48739671321207795,-0.03783271365526958
342,22,0.43151348591665994,0.023069452600074813
342,23,0.3707926510931366,0.11074813919295862
343,0,0.34341989634465886,0.16058691524725577
343,1,0.3743501369980553,0.1295161543261002
343,2,0.3984568674319164,0.10539761127169978
343,3,0.41556299488230075,0.08051726891075756
343,4,0.4223505662133093,0.07689663524857787
343,5,0.4197424220067411,0.0801236334904139
343,6,0.4221784560280891,0.07199917504271852
343,7,0.4362211776779752,0.04788047807626672
343,8,0.4249834805309658,0.05197112187914543
343,9,0.42826968861803233,0.04748446086075486
343,10,0.43283846381642843,0.04306293273873962
343,11,0.4223708268810766,0.056514721028311066
343,12,0.38969573878822567,0.09758906557467317
343,13,0.35602995007069266,0.1167637305932826
343,14,0.4043946562220569,0.031884503642248874
343,15,0.40083620556020405,0.05474455501964287
343,16,0.3677894423219239,0.11448677940448526
343,17,0.3813842418719306,0.11100466477087301
343,18,0.40233964979239806,0.09410533871424676
343,19,0.425455237652561,0.056448749794158704
343,20,0.44929817762951996,0.015040455245135753
343,21,0.48785880067398096,-0.038606384670058724
343,22,0.43247007758736866,0.021652171734444614
343,23,0.3706089086086297,0.11105169257657216
344,0,0.3435291746138511,0.1608797607447785
344,1,0.37466076392276704,0.1292091536376756
344,2,0.39822436765633357,0.10555692220698143
344,3,0.41604122613418376,0.08001676031209792
344,4,0.42309911544660017,0.0759367330917059
344,5,0.41978132544123303,0.07995738346902015
344,6,0.4224152548077889,0.07196961594859569
344,7,0.4371289840210936,0.04687165116203906
344,8,0.4251472740207937,0.05186956109162888
344,9,0.42819788784459606,0.047524185055999923
344,10,0.4326643930012304,0.04315131236389952
344,11,0.42205977332972694,0.057266867971955404
344,12,0.3913032569455755,0.09606248091532255
344,13,0.35657152496734407,0.11632390257991754
344,14,0.40452413096226647,0.03256571566961519
344,15,0.4015546876218296,0.05436145793192593
344,16,0.3674520501291509,0.11527043847954038
344,17,0.3813710592317398,0.1117492907065889
344,18,0.40261102152517414,0.0944174232788717
344,19,0.4263636998674771,0.05608253336450625
344,20,0.45002765789382204,0.015042687997854298
344,21,0.4894624949290233,-0.03946524419055375
344,22,0.4343344299166997,0.021010172517584524
344,23,0.3720710346016056,0.11104034501280985
345,0,0.34608085562820284,0.15997885876989448
345,1,0.37633517770444613,0.12869266392560763
345,2,0.3985107219168689,0.10622070541633705
345,3,0.4164708481515595,0.08039906538850078
345,4,0.42245593496359946,0.07749746321729878
345,5,0.41953709145987245,0.08155565835923395
345,6,0.4221718814219341,0.07335793844095817
345,7,0.4369266398599909,0.04810075027426419
345,8,0.42524783706742275,0.05261988829683001
345,9,0.4288400437703801,0.04747321331087595
345,10,0.4319860557455073,0.04457929184435233
345,11,0.4232891316315712,0.05696229086755428
345,12,0.39348398234548226,0.09539899193285561
345,13,0.35721071602788423,0.11603629695670697
345,14,0.40604156550820153,0.03146998503121551
345,15,0.40228537843795353,0.0539623635176919
345,16,0.3669492371427763,0.11605612531663023
345,17,0.38059439508907295,0.11292526622424204
345,18,0.4017126060569645,0.09580751535891241
345,19,0.42610895637296475,0.05689513484582959
345,20,0.4487671849418238,0.016625615746748812
345,21,0.48914329139571433,-0.039066517459965644
345,22,0.43547663313009,0.020414459646753313
345,23,0.37315895848890523,0.11064727464850055
346,0,0.3464357800127219,0.15993891274477062
346,1,0.37726421010190236,0.12763969530336605
346,2,0.3986853728151137,0.10595626995866447
346,3,0.4190047728498832,0.07859290260903884
346,4,0.42307477446865427,0.07753185475258084
346,5,0.4196028121039499,0.08198422720242743
346,6,0.42255682040970555,0.07347764073207452
346,7,0.4370095322421586,0.04791310231006096
346,8,0.4249408342910013,0.05237710188597994
346,9,0.4282416008206597,0.0473511169800061
346,10,0.4313114233841226,0.0447771471062558
346,11,0.4228854351446721,0.056878804629506785
346,12,0.3949086402636162,0.09348315232507737
346,13,0.35710346979714724,0.11641205325921916
346,14,0.4055576243832711,0.032239601575936416
346,15,0.40278342048858506,0.0534109261958447
346,16,0.3699830256253736,0.11258651808325576
346,17,0.3831585489742953,0.10988329582407436
346,18,0.4024979650217499,0.09496275414608718
346,19,0.4265251936537159,0.05650466016572431
346,20,0.4504413629765216,0.014501251313776053
346,21,0.49152586153820765,-0.04185621416024926
346,22,0.4357437366643664,0.01969295931652837
346,23,0.37331977466585387,0.11034861057936385
347,0,0.34770469565428314,0.1582422430520673
347,1,0.3785499727086993,0.12603844957133797
347,2,0.4019671762875344,0.10253659651625363
347,3,0.421802381498506,0.07580609640087371
347,4,0.4243900453841977,0.07650342789046727
347,5,0.4211765017854821,0.08054860793618296
347,6,0.4236466278001527,0.07326818412742603
347,7,0.43781908690640714,0.047745835402704884
347,8,0.42502879607555394,0.05344163298144
347,9,0.4287443902588694,0.04773705134951406
347,10,0.43348691410371754,0.04293912007036277
347,11,0.42438952175862066,0.055651553045942326
347,12,0.39738942720590775,0.09175285805800337
347,13,0.35964453574511984,0.11549995744130287
347,14,0.408239709393293,0.0314454869141213
347,15,0.40587095606962026,0.051796330211188346
347,16,0.3722786495324495,0.11142242586150047
347,17,0.3851725371297558,0.10833822173514801
347,18,0.4042884048948518,0.09358023681006972
347,19,0.4902165933468628,0.003044128470591101
347,20,0.45197454968930817,0.013655696400716455
347,21,0.4934229946861049,-0.04313398764164289
347,22,0.43859990607703686,0.017426534957480755
347,23,0.3754152038269113,0.10897509762267421
348,0,0.3508402107043266,0.1562742343358568
348,1,0.38054603717345403,0.1254318585049909
348,2,0.4025286156080157,0.10334649333503193
348,3,0.4220056452896693,0.07639060017120491
348,4,0.42549855337501163,0.07626937992294802
348,5,0.4238435815947938,0.07857412307949546
348,6,0.42695583495923706,0.07059077354437243
348,7,0.4421882783508185,0.044183207034345695
348,8,0.43002795729139126,0.0497235498626209
348,9,0.4296487077700489,0.047826508145326074
348,10,0.4360611416105701,0.04074294712885046
348,11,0.42681479974122216,0.05381084430438998
348,12,0.3994102718526839,0.09038118544116186
348,13,0.36159942410237383,0.11431597885659839
348,14,0.40963612228645924,0.030392827810745204
348,15,0.4053957670087759,0.051735432138247994
348,16,0.37135463560612775,0.11234698508620311
348,17,0.3844310627955771,0.10991771706196629
348,18,0.4049198886793246,0.09368026411344388
348,19,0.4918279454066012,0.0034903831344975655
348,20,0.5084283182232393,-0.019874347539470927
348,21,0.49404006917906457,-0.044030739775456684
348,22,0.44006469452803176,0.01633443989271577
348,23,0.3755813798506113,0.10944516969152063
349,0,0.35249290541602796,0.15539396138441802
349,1,0.381590538162595,0.12490552029238178
349,2,0.4033319196287848,0.1023892671397133
349,3,0.42282155425252244,0.07615721511452966
349,4,0.4252105027347367,0.07758234865638075
349,5,0.42373000717460624,0.07943711643936818
349,6,0.4273850577848215,0.07059635243888174
349,7,0.4415759383234746,0.045309525812364415
349,8,0.4309176517168802,0.049739842584353156
349,9,0.43037969883142635,0.04774637295327144
349,10,0.4363139179530123,0.04132003581402188
349,11,0.4276153329154156,0.05345490672668163
349,12,0.40092127515744214,0.08955571057418776
349,13,0.3626297974369331,0.11431798612644073
349,14,0.4107589788179506,0.02942800608131646
349,15,0.4058985655939935,0.05131986724377652
349,16,0.37249416920844824,0.11096019609120861
349,17,0.38606151980695774,0.10784829551161135
349,18,0.4051658932039815,0.09376866267334932
349,19,0.49256188096330583,0.0031668729630566217
349,20,0.511754546231409,-0.02258004998809282
349,21,0.4957751218753592,-0.04546671355576204
349,22,0.44115174231727405,0.015359385828081107
349,23,0.3759891875167308,0.10932972207146824
350,0,0.3541245209697129,0.15368867957528126
350,1,0.3845633821842206,0.12178951450562076
350,2,0.40627598152539285,0.09956785963591747
350,3,0.4242786923569819,0.07517567117375717
350,4,0.42610065050197327,0.07671842479654134
350,5,0.42450273713725206,0.07832712158682636
350,6,0.4270747316816405,0.07109279190141798
350,7,0.4410502260818976,0.04613565859581403
350,8,0.4310028695725946,0.05001763609434656
350,9,0.42988898402044023,0.048995782549103584
350,10,0.43744698635504553,0.04058376513744827
350,11,0.4284968055282526,0.05287999096358875
350,12,0.4018673218649717,0.08893205225115602
350,13,0.36300866363594647,0.1146743747006797
350,14,0.41056200107819063,0.03007823012090577
350,15,0.4062294560349994,0.05139897646846747
350,16,0.37333105379667486,0.11040567850164423
350,17,0.3863014660184046,0.10815302196196208
350,18,0.4051324219876679,0.09457499722885226
350,19,0.5015931390996451,-0.008088641225319826
350,20,0.5139570932315377,-0.025097864540751358
350,21,0.4965541540396455,-0.04574654614952667
350,22,0.4429889425125774,0.01335806647456439
350,23,0.37773093736599983,0.10778209513042825
351,0,0.35619756587419404,0.15114026662901076
351,1,0.38664958456410703,0.11958474464081797
351,2,0.4073862343934369,0.09870659900909029
351,3,0.4243364251607869,0.07546096893935994
351,4,0.42534915261415585,0.07788711315217689
351,5,0.42353962016866153,0.07987064744249739
351,6,0.42734484055229005,0.07103778170837821
351,7,0.44193410954477297,0.04547759281316799
351,8,0.43186671392067244,0.04918246660213299
351,9,0.4312166207145862,0.04792180135015167
351,10,0.4385547560324757,0.03930517776392489
351,11,0.4301300981102095,0.05112801626119695
351,12,0.40428340095399484,0.08651705167552792
351,13,0.36437128283644676,0.11379557726182826
351,14,0.4113940693390877,0.030085243461886735
351,15,0.40728029549949485,0.05094128364664263
351,16,0.3741811699044087,0.10994782112434803
351,17,0.38649436845799995,0.10878332047121719
351,18,0.4061057505873313,0.094112840687891
351,19,0.4978345020159335,-0.0024514346013484456
351,20,0.5070831605952604,-0.017751386431296035
351,21,0.4994916368221704,-0.0485109755910243
351,22,0.4468110460642554,0.009579578327060911
351,23,0.48421084586906815,0.0033980823330639898
352,0,0.3610551454716695,0.14625478000180164
352,1,0.38857526932004915,0.11790992988295146
352,2,0.4080286916297796,0.0984583026812807
352,3,0.42530392156430674,0.07493858356673111
352,4,0.4250700504231549,0.07895139781671162
352,5,0.4218555475474644,0.08269477775158107
352,6,0.4253595373982275,0.07399579025599812
352,7,0.44131480574232956,0.04685467706155977
352,8,0.42991082443004097,0.051851426408882184
352,9,0.4298376317891337,0.04988483542513755
352,10,0.43811308599706617,0.04038328247075501
352,11,0.4294322949011739,0.052280596968914794
352,12,0.4035595604655722,0.08806207750745576
352,13,0.36408366059372693,0.11537716766135564
352,14,0.4109337798883031,0.03138746976512152
352,15,0.40691652708225506,0.05196648100164941
352,16,0.37419191935205165,0.1104796067126701
352,17,0.38680250502094427,0.1087551140681276
352,18,0.40624827859679397,0.09457046933405355
352,19,0.5033521699773543,-0.007513481885086715
352,20,0.5106456253287207,-0.021142158705558245
352,21,0.50400084378435,-0.05379081675561176
352,22,0.451753755859892,0.003829278518817092
352,23,0.4889352621274922,0.0007073484237488104
353,0,0.3611010801259778,0.14675290888515868
353,1,0.389632400940809,0.1180207026652772
353,2,0.40849236258494775,0.0989001755520389
353,3,0.42542910029326525,0.07546312933361676
353,4,0.4260690654349566,0.07846803444317862
353,5,0.4234549518443622,0.08176253965225821
353,6,0.4249180817587501,0.07520819161917913
353,7,0.4408799633370292,0.04794029539145811
353,8,0.4287326081031812,0.0537861769561922
353,9,0.42872463571374514,0.0515150826591983
353,10,0.4363510545527348,0.043124536190170815
353,11,0.42791376845785745,0.05494454188003334
353,12,0.40338770219771286,0.08910244869938932
353,13,0.3643896423178118,0.11613708419573476
353,14,0.41056054655021873,0.03283075902719529
353,15,0.4076548983681083,0.051853321204897496
353,16,0.3744160470795516,0.1108124612119753
353,17,0.3865518621909187,0.10956552406597819
353,18,0.4066612241483173,0.09454139384206811
353,19,0.5042490878904817,-0.009813716040818599
353,20,0.5119932505445336,-0.022934795456236667
353,21,0.5033393678995179,-0.05265265834020133
353,22,0.5163219963234835,-0.04917255252733255
353,23,0.4892604444365035,0.00095907101863274
354,0,0.3623379146414537,0.14612337384441526
354,1,0.3898747211398023,0.11835531352082695
354,2,0.4071254035333721,0.10138763367927894
354,3,0.4235991696215896,0.0785076042721955
354,4,0.42447637931538734,0.08090654805462849
354,5,0.4221650541110153,0.08369420395958732
354,6,0.4241630491961562,0.07645647391042154
354,7,0.43916296163857726,0.050334657284690665
354,8,0.4278664702422025,0.055271665389885594
354,9,0.431676498595937,0.04971486293464672
354,10,0.44026229443200937,0.03998776449530228
354,11,0.4281116600999462,0.05517316701562808
354,12,0.4048846630373732,0.08794320917118448
354,13,0.3647331940422642,0.11662963901480111
354,14,0.41032135075337267,0.03406181928634727
354,15,0.4080169467656294,0.05225278497594216
354,16,0.37468204008640243,0.11160117972602546
354,17,0.3866198954335462,0.11024343454810065
354,18,0.4073795014991065,0.09458706240020215
354,19,0.5031816431432947,-0.008852602122814912
354,20,0.5109350423849817,-0.021540961819986437
354,21,0.5030910297431037,-0.05163238717862573
354,22,0.5137644486635142,-0.048387944821564666
354,23,0.49021579051794156,-0.0006438628173788818
355,0,0.3612756670295255,0.1471528454618803
355,1,0.38864792023928835,0.1196483588743264
355,2,0.4062552288720361,0.10293403619359193
355,3,0.42271162719913136,0.0803129522098518
355,4,0.4235618394478496,0.08343268841594215
355,5,0.4216414566587232,0.08545711353898455
355,6,0.4232218658725869,0.07858504407789263
355,7,0.43917984077452765,0.0513807772226067
355,8,0.42767570956209877,0.05599876637892298
355,9,0.43107104408231633,0.05105694110179915
355,10,0.43935998764128925,0.041775181607169365
355,11,0.4274838138626705,0.056242311680099466
355,12,0.4061974251226594,0.08677451936560993
355,13,0.36698643359246436,0.11518382026864044
355,14,0.4110546575789789,0.034330590396871474
355,15,0.4104596511116879,0.05014885097152849
355,16,0.37808454160644017,0.10820826277149825
355,17,0.39107407713363923,0.10528534822975244
355,18,0.4106224364510943,0.09111356856953134
355,19,0.5103532460886746,-0.01694488945458239
355,20,0.457041982892366,0.011143599120580938
355,21,0.5046645370011905,-0.05329857809233257
355,22,0.5107759152537606,-0.0444401256855419
355,23,0.4835061671895951,0.004395251081601104
356,0,0.3629114605451618,0.1454106817648722
356,1,0.3895058189148996,0.11868683360881249
356,2,0.5333441885494996,-0.019681316776937186
356,3,0.4229264217736016,0.08069517256712427
356,4,0.4238464048978584,0.08376766681182118
356,5,0.4212312224729659,0.08636236728903962
356,6,0.42291165926418317,0.0795991594923336
356,7,0.43865491361636294,0.05229518783016496
356,8,0.4276277574965008,0.05674793110407772
356,9,0.43155174765999305,0.051003940569553485
356,10,0.43978856323526816,0.041503330971211005
356,11,0.42812245279286043,0.05592462428127193
356,12,0.40890908141044885,0.08436718274269223
356,13,0.3687031734137588,0.1139577102594021
356,14,0.4118798515816046,0.03432468105073355
356,15,0.4097002696845449,0.05198950968104793
356,16,0.377712692437939,0.10954864611952797
356,17,0.3907458147537558,0.10643746032542023
356,18,0.41291142456469415,0.08961304588278551
356,19,0.5179908468057083,-0.02392019549633384
356,20,0.517365351112008,-0.019671919463663423
356,21,0.5063450977466463,-0.05473837234302659
356,22,0.5402300110885493,-0.06975956488524238
356,23,0.512645924333583,-0.022552396345731474
357,0,0.5028135229951463,0.013622222488561708
357,1,0.5411990504868519,-0.025342370478588006
357,2,0.5653692418249401,-0.048306558579622405
357,3,0.5502449090135785,-0.03967605742211988
357,4,0.42755983463559216,0.08049258547486121
357,5,0.4231635388299341,0.08501967738645927
357,6,0.4231701017212026,0.07998084177042636
357,7,0.43823681471698905,0.05272892580481364
357,8,0.4272560792221147,0.05707491160785244
357,9,0.4312906705579441,0.05109818261849863
357,10,0.4399112100051134,0.041099169549519865
357,11,0.42856997715107126,0.055757930711156756
357,12,0.4109776904017903,0.08239975146431283
357,13,0.48451933381231677,0.04951572965462259
357,14,0.4145937851860535,0.03220910635140861
357,15,0.506482665485339,-0.0224316299590247
357,16,0.3792699049136494,0.10788749084094829
357,17,0.39396782307786904,0.1034140273291797
357,18,0.4157042145677356,0.08683117309226024
357,19,0.5126444749104663,-0.01328881974755114
357,20,0.5058044938010015,-0.009802454915469938
357,21,0.5985947035863309,-0.1269260675609596
357,22,0.5353021642507687,-0.06614774333681034
357,23,0.5079287448244454,-0.0176405603049537
358,0,0.5016437875044198,0.012493323037785165
358,1,0.5398097125895011,-0.025515879147610998
358,2,0.5591460773428981,-0.04055859764844094
358,3,0.5463611395857275,-0.03362683996036098
358,4,0.42626798498128515,0.08085060120597692
358,5,0.42372873369372044,0.08403506576080039
358,6,0.4234282387078606,0.07905440594723956
358,7,0.4376830693538478,0.052737911052758546
358,8,0.4264639249272621,0.05686767625968853
358,9,0.43015717226802497,0.05121091082725682
358,10,0.43905564493413085,0.04106761432853273
358,11,0.42848211706153194,0.054966265961870264
358,12,0.41189391205251613,0.08071025100452917
358,13,0.4750566396542142,0.060781150324477284
358,14,0.41270506687191566,0.03349122040348168
358,15,0.5045870512721378,-0.020521286965332397
358,16,0.378487102803005,0.10817869887041404
358,17,0.3936968470581416,0.103472357989842
358,18,0.4162895802420123,0.08625987646103939
358,19,0.5207949963010641,-0.025838196595551755
358,20,0.5085170323932077,-0.013876087296026407
358,21,0.5932346742802159,-0.12205285260682275
358,22,0.5259794119930233,-0.053397498646576
358,23,0.5047860892623843,-0.010745386121148837
359,0,0.49872634596430554,0.018136615376756926
359,1,0.5341339810748175,-0.018924165122573222
359,2,0.5594786760936851,-0.040176099939723264
359,3,0.5486555602537966,-0.036598977603728544
359,4,0.42838671830975256,0.07950656069875683
359,5,0.42691961706128434,0.0813484730698309
359,6,0.42568512072102943,0.07710117086177104
359,7,0.43946752814688095,0.05104860198452499
359,8,0.42964578850138563,0.0538666145896472
359,9,0.4323425178813751,0.04913539062829081
359,10,0.4420478082853088,0.037954022240212826
359,11,0.42826276706568517,0.05577174193396417
359,12,0.41401626730958235,0.07870203420974237
359,13,0.4998081247412641,0.0364977429610443
359,14,0.412958207907309,0.03347659391081009
359,15,0.5048372342940474,-0.019344838832640876
359,16,0.3789628865726671,0.10797074948206686
359,17,0.3945087956506418,0.10274761956258494
359,18,0.41691903616086085,0.08598529752907108
359,19,0.44106355389208707,0.046125490308750794
359,20,0.5159319620152981,-0.028496640860472988
359,21,0.591545165832348,-0.11858257644851089
359,22,0.5187581868039776,-0.04323541157026839
359,23,0.4947060389982136,0.00014791782368955841
360,0,0.4832482834558516,0.03302402076491068
360,1,0.5273496251222952,-0.015290341194361456
360,2,0.5499893794918175,-0.0332710856349655
360,3,0.5319983295379391,-0.021021044552991364
360,4,0.4298301125042123,0.07844890507954433
360,5,0.42909773122726386,0.07936684144145567
360,6,0.4272957134002794,0.07571719441078562
360,7,0.4429872202661256,0.047675140513994185
360,8,0.43054724539764705,0.05306524225536008
360,9,0.43226945925692223,0.04957389106419752
360,10,0.44165690508968636,0.03886588036873667
360,11,0.4280647305454735,0.056450741063350185
360,12,0.41586002989504545,0.07731146162574848
360,13,0.49353466639135324,0.04557792889325929
360,14,0.4134632612639868,0.03370987991921798
360,15,0.5099272055995461,-0.022265480764289358
360,16,0.38275463708161467,0.10387021346302427
360,17,0.3961186423738945,0.10147655839513087
360,18,0.41821010064061676,0.08492733507092198
360,19,0.4434845266747147,0.04368602737715399
360,20,0.500098405574971,-0.013144965954332122
360,21,0.5141397603585884,-0.0635044364715574
360,22,0.5217343112076324,-0.04561031978556873
360,23,0.49907584680444467,-0.006164543148351187
361,0,0.47747336479100155,0.035793285564231614
361,1,0.5249951290364367,-0.013399766353526132
361,2,0.5442210370033358,-0.023747849335427285
361,3,0.5330852911460519,-0.021946815932875396
361,4,0.4305254772995763,0.07854478242097718
361,5,0.43004713047225657,0.0790037905257383
361,6,0.4281222104052652,0.07569169661380148
361,7,0.4456445113761592,0.045770711950982534
361,8,0.43455707496145823,0.04963512301635603
361,9,0.4351389803637555,0.0472245205025279
361,10,0.443381800517663,0.03747836291278578
361,11,0.42903468823972685,0.05595922645151674
361,12,0.41716332738888395,0.076394237646431
361,13,0.49591050483345894,0.04670551830527214
361,14,0.41375431466140006,0.03506331902598736
361,15,0.41635953026378975,0.047023435126560265
361,16,0.3840067366238626,0.1033802582341859
361,17,0.3979114793778588,0.10069881219698706
361,18,0.42016192141811254,0.08368300865817296
361,19,0.44587263907773245,0.04234068182578765
361,20,0.4686133750315687,0.0010556722994318202
361,21,0.5170609458536123,-0.06631566903711317
361,22,0.5263078452163598,-0.04682279455792848
361,23,0.5140022811389376,-0.01919008354997126
362,0,0.49830040174353357,0.014245463143653825
362,1,0.5427377155480584,-0.029274387311519323
362,2,0.5641685593472898,-0.04192644139200097
362,3,0.5470894680859588,-0.030885201088356462
362,4,0.43090837837392515,0.07910250193259405
362,5,0.42983599325120875,0.08009002787152969
362,6,0.42820296964542914,0.07652394044625982
362,7,0.44596450509096763,0.046314460097223786
362,8,0.43553484782070634,0.049722495872630834
362,9,0.4349986762262666,0.04871620148710726
362,10,0.442287779912493,0.04035338031305491
362,11,0.4271817750338464,0.05883027516044731
362,12,0.41612056606347886,0.07847092273787842
362,13,0.3708996908596585,0.11345975193251007
362,14,0.41352834280960793,0.03584028547195861
362,15,0.4167106524333726,0.04797385910068974
362,16,0.3830438987484625,0.10609473061080421
362,17,0.3968982783118533,0.10338554859800492
362,18,0.4221626337551661,0.08264782366400186
362,19,0.4902165933468628,0.003044128470591101
362,20,0.5050758313132289,-0.019317616433013107
362,21,0.5928470357284416,-0.12059189181464552
362,22,0.5392383950638552,-0.06374145298668804
362,23,0.5133532884258386,-0.018297280901329316
363,0,0.49686542789677546,0.017025298085590224
363,1,0.5408278908689695,-0.02661400065959585
363,2,0.5628833904447081,-0.03981432725019873
363,3,0.5381280743211792,-0.024150676642924362
363,4,0.43314283382669805,0.07794199401844243
363,5,0.43191087357020713,0.0791949010028386
363,6,0.43009286207851305,0.0756617816100622
363,7,0.4472447480570841,0.04577673022593587
363,8,0.4354781437162762,0.050822805983761654
363,9,0.43639018144313363,0.04846774063648318
363,10,0.44325860770306663,0.040062228338735906
363,11,0.42727909313532525,0.059385351046565615
363,12,0.4171664507773593,0.0781248718977986
363,13,0.48595148252941356,0.048081544648084396
363,14,0.4149857948649554,0.03577145565479195
363,15,0.41819363560396233,0.04753852079620213
363,16,0.38472180617328045,0.10528465005819204
363,17,0.3979413679892728,0.10275989233195032
363,18,0.4242505804281367,0.08133160188227229
363,19,0.4918279454066012,0.0034903831344975655
363,20,0.5084283182232393,-0.019874347539470927
363,21,0.5886874501927334,-0.11400143696467302
363,22,0.5313568953672735,-0.055803130798412315
363,23,0.4992692832406505,-0.0016594967758247203
364,0,0.48397565399797915,0.035019794674452265
364,1,0.5294597760738622,-0.011992607994862237
364,2,0.5571651956741873,-0.02578727349628307
364,3,0.5326218894533519,-0.009230860566768917
364,4,0.43358120728540733,0.07821081541203834
364,5,0.4306881872130782,0.08188470401524944
364,6,0.4288795449144863,0.07796168494846617
364,7,0.44612638714005487,0.04838676057480695
364,8,0.43319014624289726,0.054099336352865735
364,9,0.4332842610622913,0.05240943642896334
364,10,0.4404780385888933,0.0433453357760713
364,11,0.4249600641625417,0.06222895058584765
364,12,0.4180796564580071,0.07778760279286628
364,13,0.4813858861175804,0.051805638340502336
364,14,0.4145524241455823,0.03724907076303324
364,15,0.41807809457813927,0.04866009624137457
364,16,0.38462746330017805,0.1066094571798783
364,17,0.3986082342078859,0.10263833857149757
364,18,0.4245518031446409,0.08111825729913974
364,19,0.49256188096330583,0.0031668729630566217
364,20,0.511754546231409,-0.02258004998809282
364,21,0.5777012476563372,-0.09844129933701506
364,22,0.5316040482977572,-0.04971200728965364
364,23,0.5026914459777908,0.001758377567038949
365,0,0.45790781192956603,0.06828305253168937
365,1,0.5246458384133029,-0.0032346215603570316
365,2,0.5529263451649472,-0.02511084188019308
365,3,0.5348550057390011,-0.01540091051148007
365,4,0.4348538940348449,0.07761759224411235
365,5,0.4314981327400409,0.08232974633121559
365,6,0.4294748880684501,0.07857395794754446
365,7,0.44551964692103807,0.049847230853890534
365,8,0.43104382346116726,0.05713639261504061
365,9,0.4298582689708727,0.05656735129246676
365,10,0.43747589742799675,0.04683853446136754
365,11,0.4207901829280331,0.06699287275614613
365,12,0.414559071173166,0.08192795385078905
365,13,0.484661387755626,0.04339131934376894
365,14,0.4137869583009555,0.039213114194257215
365,15,0.4179359994687004,0.04985612707004028
365,16,0.3823770356488739,0.11046552733886927
365,17,0.3974961787847564,0.10450170028558103
365,18,0.4213465367138588,0.08577249199239206
365,19,0.5015931390996451,-0.008088641225319826
365,20,0.5139570932315377,-0.025097864540751358
365,21,0.570360604164213,-0.0920788260937801
365,22,0.5222577659943336,-0.04071445112145056
365,23,0.49732183910582334,0.008136890408868724
