,,slope,intercept
1,0,0.9150683901213404,0.9160177135178271
1,1,0.9349735928642231,1.2939508482105522
1,2,0.9342321831983256,1.4520670133373486
1,3,0.9275870048458295,1.513295481603266
1,4,0.9211277838362577,1.58232576345383
1,5,0.888813371543542,1.3855846019824822
1,6,0.9019517434981206,1.6164196284752554
1,7,0.9081198952013544,1.5419747780031043
1,8,0.8993545717145169,1.5429985852598804
1,9,0.8928727988636197,1.5515286137218878
1,10,0.8891110726636947,1.569227241314299
1,11,0.8805467122827638,1.5136503280319777
1,12,0.8756863618800544,1.3087821135004898
1,13,0.8781200265535173,0.896292765133297
1,14,0.9050701493751598,1.0175767637693927
1,15,0.8559687787529027,0.5841067587598987
1,16,0.8347216690331476,0.42041966792093266
1,17,0.7843616856087161,0.5685870507536359
1,18,0.7653287961829021,0.29792460759987405
1,19,0.8215968449589903,0.47801747530133776
1,20,0.8450300874283048,0.4830621071568073
1,21,0.8723116201449675,0.6911075737493322
1,22,0.8797413454566059,0.7826349641517112
1,23,0.899285783403768,0.7611313165151925
2,0,0.9144895379983853,0.9050014752028694
2,1,0.9334811920752013,1.2813020939630055
2,2,0.9334095183179077,1.4452208591243974
2,3,0.9270829624003849,1.511785818427608
2,4,0.9212285454416166,1.587319425222267
2,5,0.9133799225079927,1.6317355142512033
2,6,0.9014770285760182,1.6087616179630642
2,7,0.9070090508792179,1.523412036361563
2,8,0.898702515442397,1.5281749074675721
2,9,0.8922010672425685,1.5354452076622893
2,10,0.8882960934589976,1.5511002405774432
2,11,0.8796819142956404,1.4947954503601846
2,12,0.87470359717817,1.2884911857368566
2,13,0.8771691787682261,0.8782321756892832
2,14,0.9051537850118929,1.0202945514577682
2,15,0.8606628198438382,0.609467396819384
2,16,0.8379224184093622,0.4343444199953188
2,17,0.7834871417449194,0.5580147716023935
2,18,0.7639286364178653,0.31281011274240145
2,19,0.8224829935016584,0.4036640898137791
2,20,0.8488938988972632,0.46002845703127004
2,21,0.8561027607145754,0.5759736606337187
2,22,0.8555801640287849,0.5402255258808983
2,23,0.8980898822459586,0.7467957323066186
3,0,0.915483057187259,0.9207795183117815
3,1,0.9223370402933473,1.1019067108443874
3,2,0.9329073626187532,1.4381404423326458
3,3,0.9268227669486439,1.509557605671767
3,4,0.9207712272058362,1.583058814459867
3,5,0.913092954361306,1.6304985979267954
3,6,0.9012960734330937,1.6085262468298698
3,7,0.9069363888714563,1.5219531805977198
3,8,0.8983669041582406,1.5263402200786436
3,9,0.8916167565827209,1.5321470761918095
3,10,0.8875529165868302,1.5441849797140232
3,11,0.8793027353405346,1.4897521553304793
3,12,0.8739405702930031,1.2712831241432836
3,13,0.8768013955143119,0.8696588417315958
3,14,0.9058281253262681,1.0216567820627684
3,15,0.8633875079233834,0.6248865964674195
3,16,0.8409590594698677,0.4440620790416041
3,17,0.7847681414243759,0.5715523978618808
3,18,0.7658661862974172,0.2927248481010287
3,19,0.825218733966687,0.39695239407157334
3,20,0.8506944564013147,0.441697618774584
3,21,0.8585589872778638,0.5572946956330194
3,22,0.8786209539041118,0.7876344071027015
3,23,0.8980393787142545,0.7645912145527038
4,0,0.9167865809900119,0.9332951480061444
4,1,0.9237351396391782,1.1134286622765144
4,2,0.9200168996586244,1.2383043946693997
4,3,0.9051649528028485,1.2268579141550982
4,4,0.9215108524097558,1.5907647823427444
4,5,0.9139111283835839,1.6384001070891037
4,6,0.9018741842365636,1.6124462940445001
4,7,0.907830472709589,1.529372963634981
4,8,0.898807975519142,1.527130381882908
4,9,0.8918565617433329,1.5296250730458985
4,10,0.8875598197638727,1.5381379561515685
4,11,0.8787697061674669,1.4757224774012112
4,12,0.8730213278430766,1.251531416684796
4,13,0.8761967332800283,0.857496896644995
4,14,0.9065260193013384,1.0289768747507608
4,15,0.8656415759164391,0.6553037661251633
4,16,0.8436549091978428,0.47636548835798376
4,17,0.7865195928808097,0.5995569609235227
4,18,0.7653841322076862,0.27324693184168414
4,19,0.8232023105587819,0.36987875394631153
4,20,0.8477186863571949,0.39729690968150155
4,21,0.8724566919065989,0.7055878668736151
4,22,0.8797011906163339,0.798202473130071
4,23,0.8984140103636659,0.7700779335191816
5,0,0.9175740990551975,0.9419188745008613
5,1,0.9240880840784949,1.118069749155425
5,2,0.9205518075036525,1.2438468065562356
5,3,0.9129120383895815,1.283124111066022
5,4,0.9220617660464192,1.5980098569138326
5,5,0.9143895114153369,1.645604703804369
5,6,0.9023796196429645,1.61994239996252
5,7,0.9078290915263434,1.5265559905662442
5,8,0.8986348416129287,1.5191742290732284
5,9,0.8917475966584797,1.5225433986705301
5,10,0.8873019062160938,1.5291320434064977
5,11,0.8785335841923725,1.4621567598934542
5,12,0.8719191072901593,1.2235208040586327
5,13,0.8756641454255268,0.8441176767322434
5,14,0.9067030180135042,1.0325117807157298
5,15,0.8623220534198782,0.6671323620444021
5,16,0.842345448817073,0.5111318320542102
5,17,0.786722487724342,0.582923944096593
5,18,0.7630561896821306,0.28410841114228624
5,19,0.8199789715913413,0.3913100348251701
5,20,0.8451317339826945,0.4026936197592281
5,21,0.8528765225366876,0.5100190075954822
5,22,0.854514914684051,0.49516697839340473
5,23,0.9009059693348503,0.7969206184479622
6,0,0.9174002266173478,0.9436323805633933
6,1,0.9246526486806294,1.1219516066731465
6,2,0.923366050300477,1.2778320161138517
6,3,0.9148131821231054,1.3124131641934564
6,4,0.907491533451924,1.3774436267438528
6,5,0.9136250632949569,1.635139056649372
6,6,0.9018122431390029,1.6116161964826956
6,7,0.9076001963415433,1.5235236113396793
6,8,0.8982171768301871,1.5116293306305355
6,9,0.8912708250516403,1.5145284601235636
6,10,0.88681787662473,1.5212975809873104
6,11,0.8781443470593103,1.4540477951783481
6,12,0.8707626951631444,1.199897818594347
6,13,0.8741995023747323,0.8200546431659319
6,14,0.9065334242803367,1.0291069389496421
6,15,0.8606025019521738,0.6526510525780393
6,16,0.8324816484886054,0.6050372415978202
6,17,0.7827474704878667,0.5595359036547807
6,18,0.7657564147257949,0.3219012574368336
6,19,0.8234348646413603,0.41430596917463136
6,20,0.8496811438277675,0.42733046854835255
6,21,0.8702498040530842,0.6877971901706932
6,22,0.8809481250424638,0.8073208664247113
6,23,0.9018147577171509,0.8095771244595058
7,0,0.91680286403749,0.9433645401442368
7,1,0.9236252487604603,1.1153607183917424
7,2,0.9216913006996633,1.2620456452691995
7,3,0.912155928839665,1.2869509607497926
7,4,0.9060446145787637,1.3650368814554286
7,5,0.8904764246809539,1.4719390799894523
7,6,0.9033213763667848,1.6330962808018317
7,7,0.908885449143577,1.5409751787952448
7,8,0.8994740312709192,1.528940553020389
7,9,0.8921597699174209,1.5269757977251732
7,10,0.8875291168693243,1.5313996139257027
7,11,0.8780959683983018,1.4529350444846454
7,12,0.8698815716990134,1.186244550347201
7,13,0.8742345198757823,0.8206345726176645
7,14,0.9067316032204562,1.0384740044832963
7,15,0.8603956362838407,0.6737694946782788
7,16,0.8417363305638371,0.5263687685342191
7,17,0.7842758521252944,0.5748531506854779
7,18,0.7581965786827284,0.2951421827992733
7,19,0.8198025325986438,0.40580586187882606
7,20,0.8457265350748757,0.4155489269356698
7,21,0.8711362604924032,0.6849587778701078
7,22,0.8721881613686876,0.6978357460395976
7,23,0.90425229015972,0.833814015386122
8,0,0.916988483118662,0.9531716064612024
8,1,0.9235552402553767,1.1170809846758472
8,2,0.9215192529996095,1.2624298602845316
8,3,0.9119652092074573,1.2864324394274345
8,4,0.9059209855602663,1.3611962104881368
8,5,0.8989887128713634,1.4035346108683937
8,6,0.9041607177182176,1.6471931183646795
8,7,0.9095081087144534,1.5522485433051534
8,8,0.9000775170409768,1.5381094236960768
8,9,0.8929738452090719,1.5399197025962126
8,10,0.8883041883223809,1.5447785133637852
8,11,0.8785415187484418,1.461832799454255
8,12,0.8697810243540507,1.1830264914781798
8,13,0.8741136203301113,0.8203210984197966
8,14,0.9061836649418197,1.039632850891671
8,15,0.8595734201502775,0.6722032473666593
8,16,0.8293848814811009,0.5846615297918074
8,17,0.7854458443520795,0.5823203382151503
8,18,0.7582503369067864,0.3062780430940717
8,19,0.8201441982083775,0.42037355252609654
8,20,0.8531211148230144,0.5373600548380102
8,21,0.8655139365702654,0.6441288236488338
8,22,0.8717667489604528,0.7084139713055126
8,23,0.903090956509692,0.819295796572165
9,0,0.9164808772222803,0.9527317402730775
9,1,0.9238822154033425,1.1262396760354996
9,2,0.9219567745409176,1.2752220744060958
9,3,0.9303768543909464,1.552295203498125
9,4,0.8912737242368207,1.338270916139435
9,5,0.8877521530693074,1.4412573560732609
9,6,0.9039149976831015,1.6404068845947544
9,7,0.9091707930586093,1.5440763961892623
9,8,0.8998699460796592,1.5327047744141824
9,9,0.8926826012047673,1.5331639309595912
9,10,0.8881732398004164,1.5399164135233443
9,11,0.8784259694893284,1.4564300389715736
9,12,0.8682184506008255,1.1546677662396645
9,13,0.873274859243166,0.8049068692459178
9,14,0.9065501445900224,1.0422649518472582
9,15,0.8586925316863142,0.6530872433181507
9,16,0.8269483697451018,0.5510496135220802
9,17,0.7786518401301864,0.5526627913260036
9,18,0.7558064724591572,0.3434176522833887
9,19,0.8188660177069613,0.4512640674552433
9,20,0.8589025016594831,0.5856824035022083
9,21,0.8706307127969729,0.6882781549849151
9,22,0.8761066821868474,0.7490365231564713
9,23,0.906972577668499,0.8649300465331535
10,0,0.9179192619795166,0.9682873066594855
10,1,0.9252363339881821,1.1395799118840912
10,2,0.9237735664908233,1.2947065396888622
10,3,0.9159006970134073,1.3424452015045327
10,4,0.8899209056859574,1.315804387357077
10,5,0.8861597790889884,1.414855265473717
10,6,0.9012420935134773,1.606598529026039
10,7,0.9070334170737757,1.5164456687514365
10,8,0.8976191962494935,1.5022008849022646
10,9,0.8908401422058332,1.508328633390982
10,10,0.8864030731113207,1.515353484705007
10,11,0.8768531050220585,1.4333308971265613
10,12,0.8661613277800394,1.1225354248659931
10,13,0.872699440933299,0.7931050956747399
10,14,0.9087587369271592,1.0622767921159202
10,15,0.8585373022081051,0.6666008436823239
10,16,0.8306213759967119,0.5309234188818275
10,17,0.7776518911168281,0.568885173554774
10,18,0.752226352287127,0.3579868662820882
10,19,0.8170269894929365,0.4562423230394961
10,20,0.8395428469558067,0.4553616163656322
10,21,0.8700421980600407,0.6870944787213551
10,22,0.8757210311841229,0.7503332448130324
10,23,0.9068875638816356,0.864096996142842
11,0,0.918255694765294,0.9722320118767307
11,1,0.9267730040743426,1.1576064969293585
11,2,0.926191536504286,1.3234196334113992
11,3,0.9300779102500408,1.5437575705366973
11,4,0.9231578805577102,1.608277124657163
11,5,0.9145812255310025,1.6452048424977859
11,6,0.902360150568204,1.6203251971669763
11,7,0.9073831456760468,1.5210070837683487
11,8,0.8980111759633234,1.5061193741216607
11,9,0.8908722427415726,1.5071686817264673
11,10,0.8857600446339119,1.5054331319364866
11,11,0.8762388786968689,1.4231621465660123
11,12,0.8648880754660625,1.1019521982272948
11,13,0.8729949637778224,0.7938058449901568
11,14,0.9084612890435294,1.0539376787571397
11,15,0.8575018362948973,0.6649485014488699
11,16,0.8253826982835658,0.5079865159223518
11,17,0.7781825886072957,0.564298295716223
11,18,0.7544278071702578,0.4003991976301573
11,19,0.816387457899408,0.4661647445234265
11,20,0.8366260104113781,0.4422767527393816
11,21,0.8679408540868431,0.6615681976896388
11,22,0.8748913915444714,0.7367428718867668
11,23,0.9093056357613282,0.8912314640351182
12,0,0.9210213631240249,1.0063050471467276
12,1,0.9295074675855444,1.1888998161469626
12,2,0.9287871523340174,1.3503375011988386
12,3,0.893942923091479,1.1563177172318042
12,4,0.8899943136634597,1.2846590348598435
12,5,0.8858615852363078,1.3727110892820038
12,6,0.9045123173154056,1.646325141775323
12,7,0.9092635224783052,1.5453264745001745
12,8,0.899810864598473,1.530546407475799
12,9,0.8920171030123364,1.5234065030645363
12,10,0.8868589137174709,1.5216947716591855
12,11,0.8773150811485734,1.438592035117729
12,12,0.8656308555801896,1.1111977765338805
12,13,0.8748075975103305,0.817989473171
12,14,0.9084489204024425,1.0559332428719896
12,15,0.8576470391806149,0.6708907165302129
12,16,0.8252692775095595,0.5226236325742475
12,17,0.7797819759417298,0.5768728745206273
12,18,0.7525721896282503,0.3861498435535129
12,19,0.8135298392443424,0.4237631409856655
12,20,0.834296520727799,0.4075742997107583
12,21,0.8687584494595841,0.6746776086007236
12,22,0.8754575472206539,0.7597301864052817
12,23,0.9104771538086053,0.9038366094275609
13,0,0.921607703948379,1.0229284946105572
13,1,0.929892422028278,1.2019248318707447
13,2,0.9171858026705881,1.228517685287902
13,3,0.8947426119083433,1.1613819210296308
13,4,0.8903569052055149,1.2787118004527915
13,5,0.8854532073214965,1.3515312702950926
13,6,0.904694497604693,1.6494444754845379
13,7,0.909155071268584,1.5454624232866543
13,8,0.8990842716860011,1.5227561691745883
13,9,0.8911483961072937,1.5135435473553525
13,10,0.8850531804066296,1.4996468519368493
13,11,0.8753831447108555,1.413698195043346
13,12,0.8638944154203658,1.0893149542763103
13,13,0.8735416586454577,0.8042261316044641
13,14,0.9080123677427381,1.0501646368973647
13,15,0.8489757126981701,0.6107033619683184
13,16,0.8252618637642769,0.5208466820996511
13,17,0.7833008259113843,0.5880746057127899
13,18,0.7508870665873216,0.394609796329334
13,19,0.8132510279369226,0.4224280314347473
13,20,0.8358778561139778,0.42874696389569955
13,21,0.8711690811377645,0.6954126023544882
13,22,0.8780322253317141,0.7782517658290775
13,23,0.9114156673310235,0.9182781572498628
14,0,0.9217971336042877,1.0235464756777635
14,1,0.9299134590574025,1.2000235728783304
14,2,0.9189085364406603,1.244896079328008
14,3,0.8955783910853984,1.178499562694089
14,4,0.8905359194368653,1.287770321958181
14,5,0.8859468388881414,1.3598475718329057
14,6,0.9001294860515637,1.5567456256278351
14,7,0.9122503483875778,1.5827289514432596
14,8,0.9013031448174897,1.550103100711202
14,9,0.8939185297218746,1.5483638819429926
14,10,0.8877430589074441,1.5347215232710187
14,11,0.8775155481887416,1.4408133675663732
14,12,0.864682698406904,1.0954555267418042
14,13,0.8755326835068842,0.8248835398164198
14,14,0.9072582538693835,1.0340908031121572
14,15,0.8520290135943306,0.6181322152908777
14,16,0.8299528060924654,0.5445077900911794
14,17,0.7806179105253624,0.5874672717769105
14,18,0.7558752921375383,0.40555067462301775
14,19,0.8180764932254454,0.4445021022711999
14,20,0.8402602758835526,0.45171888989155384
14,21,0.8688294867148857,0.6967906142598217
14,22,0.8758930522434873,0.781853741086227
14,23,0.9127182820179118,0.9402942428910528
15,0,0.9229572301440261,1.0302060480746746
15,1,0.9305135832851074,1.1979652355402255
15,2,0.9298053927362961,1.3555740089220363
15,3,0.911800541117078,1.2898643513614365
15,4,0.8935601666423879,1.3196326083715837
15,5,0.8887454439491733,1.3858096751107283
15,6,0.9006815784824708,1.562411478306812
15,7,0.9131452266725062,1.5927315781238685
15,8,0.9022247949112515,1.5610576217689527
15,9,0.8949708117376766,1.5617083158860527
15,10,0.8888833591736282,1.5513600813971609
15,11,0.8775441084496146,1.4411666030352173
15,12,0.8637276866736208,1.0817523657993418
15,13,0.8763861688573,0.8335413632955744
15,14,0.9080184881868876,1.0420775750724642
15,15,0.8620517030254264,0.7146057612019856
15,16,0.829328385306514,0.5555373047286167
15,17,0.7843129805889243,0.586746758215531
15,18,0.7565465530184025,0.4113369776418816
15,19,0.820217312041723,0.45763712177287363
15,20,0.8424657308623985,0.4575275365708098
15,21,0.8729990653668972,0.7074236041171664
15,22,0.880159586149674,0.7999497263009703
15,23,0.9001384116575285,0.7822299993870487
16,0,0.9244467195234788,1.045370428410977
16,1,0.9320161482872293,1.2158104969643135
16,2,0.9309407116095251,1.372262869010144
16,3,0.9011041936876634,1.223110782963567
16,4,0.8949091540183648,1.330092749363236
16,5,0.888813371543542,1.3855846019824822
16,6,0.9017720465725142,1.5803623054418008
16,7,0.9146437924417232,1.6129335211489648
16,8,0.9034464844996455,1.577038741910222
16,9,0.8964706603475602,1.5814078706913444
16,10,0.8901266905116401,1.5672216762875157
16,11,0.8793771169998903,1.463671384290853
16,12,0.8650243049771645,1.0947363915800556
16,13,0.8784964098368936,0.8553050779365687
16,14,0.9074189860258943,1.0411766713423551
16,15,0.8557524098806366,0.6318894230766885
16,16,0.8292278232505266,0.559872718947541
16,17,0.7843616856087161,0.5685870507536359
16,18,0.756324740864364,0.4318294861721701
16,19,0.8215968449589903,0.47801747530133776
16,20,0.8450300874283048,0.4830621071568073
16,21,0.8723116201449675,0.6911075737493322
16,22,0.8797413454566059,0.7826349641517112
16,23,0.899285783403768,0.7611313165151925
17,0,0.9242984966810678,1.045571859949848
17,1,0.9320737262831683,1.2161747098617308
17,2,0.9304471557530339,1.3657928205834766
17,3,0.9092703237436309,1.2497738024266019
17,4,0.8998748827187206,1.3639884645663445
17,5,0.8938465159386749,1.4235969092434066
17,6,0.9018247421625275,1.590847273514524
17,7,0.9163832887979537,1.6342706501010307
17,8,0.9054958363865426,1.6036299334354664
17,9,0.8984687125511881,1.6084186092236479
17,10,0.8920706758084007,1.5939566104916478
17,11,0.8807727636390451,1.4818787826358433
17,12,0.8659119058964063,1.1035192737016466
17,13,0.8794635378184313,0.8666556004830142
17,14,0.9077367528357336,1.0496769845507012
17,15,0.8493570138171425,0.5421211968792017
17,16,0.819400487773773,0.5016049007315972
17,17,0.7834871417449194,0.5580147716023935
17,18,0.7500735100893281,0.41394843133972126
17,19,0.8142817385456296,0.43978173039126034
17,20,0.8371875850132463,0.44183932393174086
17,21,0.8726851836198344,0.6914369745992195
17,22,0.8797795117856975,0.7781419088417438
17,23,0.8980898822459586,0.7467957323066186
18,0,0.9250773324580098,1.0622358574389912
18,1,0.9322408705721948,1.22554232837832
18,2,0.9305932518522206,1.3749585735124041
18,3,0.910426480623037,1.2572173645397076
18,4,0.9001614818494487,1.3568795496821169
18,5,0.8934143443085564,1.4129141703002945
18,6,0.9019095703662202,1.5928536223927363
18,7,0.9178865946864601,1.6545913298649273
18,8,0.9072922618850303,1.6286396632696176
18,9,0.9002508192808334,1.6336389624903669
18,10,0.8942336575344195,1.624854123969948
18,11,0.8827962129469614,1.5096187907066492
18,12,0.8667347655394615,1.1113341718653995
18,13,0.8802131103173159,0.8718260154055368
18,14,0.9073380200542197,1.0423180311401552
18,15,0.8537247522401691,0.5596187773558441
18,16,0.8220807695393241,0.5033550901146002
18,17,0.7847681414243759,0.5715523978618808
18,18,0.7482903144836991,0.3555912707875115
18,19,0.8127707210255274,0.40304793721081245
18,20,0.8577077458221476,0.583430290864356
18,21,0.8712182956406629,0.6920602544789372
18,22,0.8786209539041118,0.7876344071027015
18,23,0.8980393787142545,0.7645912145527038
19,0,0.9248112076050292,1.0690707397559596
19,1,0.9320417339285993,1.228466156346534
19,2,0.9304384654576298,1.3753854700790935
19,3,0.9223874856065778,1.4217936674474343
19,4,0.8987552081954984,1.3313493190645858
19,5,0.8918534004244498,1.3904246551240984
19,6,0.901602588180402,1.5853319418744283
19,7,0.9170318200271595,1.6438682815056938
19,8,0.90645570602274,1.6179249768615378
19,9,0.8993827388331976,1.622476102521011
19,10,0.8935565841918512,1.616456025227607
19,11,0.8819407791921241,1.498066272163042
19,12,0.8657284094284232,1.0983218450338255
19,13,0.8796219345516386,0.8662276038679577
19,14,0.9065260193013384,1.0289768747507608
19,15,0.8565228666323497,0.6051996883270663
19,16,0.8232280863978704,0.5334336893924725
19,17,0.7865195928808097,0.5995569609235227
19,18,0.7581956078912337,0.4450339211122203
19,19,0.8197494251405333,0.45611662189765934
19,20,0.840200312861644,0.4488077691685559
19,21,0.8724566919065989,0.7055878668736151
19,22,0.8797011906163339,0.798202473130071
19,23,0.8984140103636659,0.7700779335191816
20,0,0.9175740990551975,0.9419188745008613
20,1,0.9343336790610489,1.2653186062774893
20,2,0.9205518075036525,1.2438468065562356
20,3,0.9129120383895815,1.283124111066022
20,4,0.9056755093293749,1.3464789661841001
20,5,0.8940102478259483,1.4227953670274678
20,6,0.9028495406973851,1.6119863213842773
20,7,0.9170816568085045,1.644233816797123
20,8,0.9066110991757815,1.6198368336436282
20,9,0.8993726612145784,1.6215880116218866
20,10,0.8929323363578459,1.6073096196958758
20,11,0.8812974480937344,1.4868466344928342
20,12,0.8655828566013721,1.0934492413119479
20,13,0.8800056823128063,0.8687798437905627
20,14,0.9067030180135042,1.0325117807157298
20,15,0.8651464231709345,0.6635767483783379
20,16,0.8322712796105759,0.5813817054815793
20,17,0.786722487724342,0.582923944096593
20,18,0.7709492746728622,0.5081358157474618
20,19,0.828775925537127,0.4913476961176988
20,20,0.8462882308220615,0.46809054811260786
20,21,0.8724025488261649,0.703061264469448
20,22,0.8810668481787048,0.8092593056398956
20,23,0.9009059693348503,0.7969206184479622
21,0,0.9174002266173478,0.9436323805633933
21,1,0.9338694435586681,1.2623008360119572
21,2,0.923366050300477,1.2778320161138517
21,3,0.9148131821231054,1.3124131641934564
21,4,0.907491533451924,1.3774436267438528
21,5,0.8950353317906201,1.4137179821846209
21,6,0.9023061109657263,1.6018476245105004
21,7,0.9182224214230784,1.6587713304841145
21,8,0.9078875138759069,1.6374711280713097
21,9,0.9005927549811183,1.6408532465824415
21,10,0.8941448597072,1.6279860884521389
21,11,0.8817802493079763,1.4967387541967545
21,12,0.8658406232456132,1.0962490553571174
21,13,0.8800982380139748,0.8700157467143788
21,14,0.9065334242803367,1.0291069389496421
21,15,0.8676488831614927,0.6687502522581834
21,16,0.8345074928003618,0.5875420101424753
21,17,0.7827474704878667,0.5595359036547807
21,18,0.7823580547940425,0.559924092498989
21,19,0.8302035262406436,0.5082850604714664
21,20,0.8569114132670371,0.5929989080303169
21,21,0.8702498040530842,0.6877971901706932
21,22,0.8809481250424638,0.8073208664247113
21,23,0.9018147577171509,0.8095771244595058
22,0,0.91680286403749,0.9433645401442368
22,1,0.9345797470596864,1.26942663829169
22,2,0.9328452012664578,1.4178016840679852
22,3,0.9235914984893064,1.4485134659508132
22,4,0.9179801982995685,1.5299598071620606
22,5,0.9112161094003184,1.5838222139059752
22,6,0.90156270424292,1.5926043837328239
22,7,0.9189780050634602,1.6638952939148828
22,8,0.9092402847882327,1.6496016241481266
22,9,0.9019514278593752,1.6535934459087542
22,10,0.8956844065195841,1.6431122824468858
22,11,0.8827749213141134,1.5032581520384385
22,12,0.8661352106466714,1.0938173777729663
22,13,0.8810341405704057,0.8760191392453125
22,14,0.9067316032204562,1.0384740044832963
22,15,0.863859315132866,0.6647760874424753
22,16,0.8253777774967234,0.5380935437011276
22,17,0.7842758521252944,0.5748531506854779
22,18,0.7645302097608887,0.48912323692668735
22,19,0.8243716562337718,0.4852889724532554
22,20,0.8559192173503702,0.5781137395659752
22,21,0.8711362604924032,0.6849587778701078
22,22,0.8826396373600336,0.8154772233826151
22,23,0.90425229015972,0.833814015386122
23,0,0.916988483118662,0.9531716064612024
23,1,0.9345924230115418,1.273938661014073
23,2,0.932837454739473,1.4206286143969367
23,3,0.9238882486818542,1.4555139590738344
23,4,0.9176744809318494,1.5275835750933862
23,5,0.9106809325457433,1.5798577932651012
23,6,0.9007945270483765,1.5883560068572704
23,7,0.9199338744834104,1.6715852915581575
23,8,0.9102323279570316,1.6586283587176913
23,9,0.9028308243565972,1.6617151275858024
23,10,0.8963842259941448,1.6493671937943413
23,11,0.8830954896934127,1.5038642841913745
23,12,0.8662655533078826,1.0936797867113226
23,13,0.8815272631968625,0.8813061270929436
23,14,0.9061836649418197,1.039632850891671
23,15,0.8621287617909192,0.6424178420808673
23,16,0.8239701193457251,0.5157752790758767
23,17,0.7854458443520795,0.5823203382151503
23,18,0.784607553553226,0.5657967889238886
23,19,0.8246843685768351,0.48461263725009696
23,20,0.8458126419346298,0.4797687466557843
23,21,0.8728044373575204,0.6938292698159456
23,22,0.882665564094833,0.8138004632354621
23,23,0.903090956509692,0.819295796572165
24,0,0.9164808772222803,0.9527317402730775
24,1,0.9238822154033425,1.1262396760354996
24,2,0.9219567745409176,1.2752220744060958
24,3,0.8858952102175606,1.1243757803207428
24,4,0.9173264032418901,1.5276783603066892
24,5,0.9097736097181962,1.5731643069603765
24,6,0.8995777423707985,1.5771985831203663
24,7,0.9202597495107377,1.6768992763489576
24,8,0.910370615332555,1.662613519461254
24,9,0.9032772572757145,1.670903406321905
24,10,0.8967641721259789,1.6580509456353099
24,11,0.8832678504694608,1.5076722265598255
24,12,0.8659930094294136,1.0897406666121565
24,13,0.8821041565944413,0.8877029454227863
24,14,0.9065501445900224,1.0422649518472582
24,15,0.860876984340376,0.6396892743082958
24,16,0.823367764224925,0.5152378517713609
24,17,0.7839089072658005,0.564756384528919
24,18,0.7766279717495289,0.5430728356046117
24,19,0.8341677395005208,0.5626900071854695
24,20,0.8537897065616257,0.557206304779299
24,21,0.8933165036755281,0.8635890108092941
24,22,0.8884484614779645,0.8748184356786322
24,23,0.906972577668499,0.8649300465331535
25,0,0.9179192619795166,0.9682873066594855
25,1,0.9252363339881821,1.1395799118840912
25,2,0.9237735664908233,1.2947065396888622
25,3,0.8861862895207835,1.126339482895097
25,4,0.8861260839077747,1.299163024470781
25,5,0.9108624417350967,1.5952786905926208
25,6,0.9005531745088837,1.595041586277386
25,7,0.906589171037999,1.5202765996964036
25,8,0.9114659724871196,1.6779865182391571
25,9,0.9044567050515739,1.687009900197678
25,10,0.8982595416069499,1.679084014411016
25,11,0.8844475428066886,1.5230017936417433
25,12,0.8666264139499918,1.09701113768579
25,13,0.8824645696072738,0.8915701880619604
25,14,0.9087587369271592,1.0622767921159202
25,15,0.8597469647160287,0.6711245156622345
25,16,0.8217771538047476,0.5576856880015688
25,17,0.7833940300089647,0.6055129075152852
25,18,0.7777656146960201,0.5860132443492563
25,19,0.8370161916149408,0.6237138806050502
25,20,0.854885059125849,0.5970574727188334
25,21,0.8964219347000063,0.8790382427449579
25,22,0.8735276019437477,0.778077841672582
25,23,0.9068875638816356,0.864096996142842
26,0,0.918255694765294,0.9722320118767307
26,1,0.9267730040743426,1.1576064969293585
26,2,0.926191536504286,1.3234196334113992
26,3,0.9254257406140708,1.4863290024422415
26,4,0.9186672488779372,1.5522417326829911
26,5,0.9109468882168456,1.5961363929112968
26,6,0.9008731586842935,1.602450918847989
26,7,0.9069427566768288,1.527412840654348
26,8,0.9128192417419647,1.6974172768848987
26,9,0.9056710042678738,1.7044590860653352
26,10,0.8992828625350562,1.6945332560001107
26,11,0.8851077643135878,1.5317033948868621
26,12,0.867203538726273,1.1033951302098837
26,13,0.8827352542503412,0.8932446259062257
26,14,0.9084612890435294,1.0539376787571397
26,15,0.8595744240186385,0.6827164508862573
26,16,0.8222265967106196,0.5610860115722431
26,17,0.7840890025465399,0.6054721760984911
26,18,0.7750176940819156,0.5493321861479759
26,19,0.8313974241084451,0.5745592138237932
26,20,0.84985935453439,0.5580893000813676
26,21,0.8647329180280087,0.6387511280741425
26,22,0.8710783028375123,0.7468812835998699
26,23,0.8908067322011095,0.7034258939861671
27,0,0.8975747875246309,0.774216149552859
27,1,0.9295074675855444,1.1888998161469626
27,2,0.8967333421890099,1.0733940877999286
27,3,0.8891096864178798,1.136778272996743
27,4,0.8878109056671964,1.293457831400417
27,5,0.8824242755541793,1.339219255382579
27,6,0.9005634284201683,1.5975246982167333
27,7,0.9063479537752148,1.516394761456639
27,8,0.91292868484142,1.696976763403856
27,9,0.9060100667787319,1.7065827176389563
27,10,0.8992169788227462,1.6910859534788445
27,11,0.8847534533192776,1.5242263794630366
27,12,0.8675793258941866,1.1074255620660232
27,13,0.8834734614223739,0.9024966200183115
27,14,0.9084489204024425,1.0559332428719896
27,15,0.8586931031927643,0.7052147016898358
27,16,0.8192279163293094,0.5785187568238834
27,17,0.7878321039840359,0.6397873517633528
27,18,0.7771636420807243,0.5572560513748672
27,19,0.8324924401767112,0.5876665186162588
27,20,0.8471601291776321,0.5684307649608229
27,21,0.8634714962424286,0.6518271064314805
27,22,0.870898292682032,0.7850528287418683
27,23,0.8894581981867625,0.7136305785712382
28,0,0.8962373344676232,0.7785011942400368
28,1,0.902280181586381,0.973522232373198
28,2,0.9014785581376664,1.1213614593215766
28,3,0.8950643662990593,1.1871834009941242
28,4,0.8910717346327083,1.3004055294282297
28,5,0.8825293536877711,1.3120317940338344
28,6,0.9017460375894516,1.609006859258951
28,7,0.9071541168915938,1.5251187484328188
28,8,0.9128899262420322,1.6951753869650847
28,9,0.9061503965221306,1.707326621486458
28,10,0.8995343842946305,1.694287027061633
28,11,0.884973198971378,1.525547603579386
28,12,0.8671578395560974,1.1010296023521615
28,13,0.8829737666845541,0.8967357129041753
28,14,0.9184265350070119,1.2938135935463073
28,15,0.8632024612335403,0.7769872172492249
28,16,0.8230831166571807,0.6591643254507114
28,17,0.7901656094684475,0.676493659886682
28,18,0.7857537792416501,0.6394380933946353
28,19,0.8413048460800959,0.6756430589337055
28,20,0.853867868385893,0.6487225345726455
28,21,0.868411748801167,0.718579929474334
28,22,0.8773973957114956,0.8601142492190306
28,23,0.896622389897628,0.7943848592320553
29,0,0.901006389789471,0.8381161874356131
29,1,0.9299134590574025,1.2000235728783304
29,2,0.906453710937817,1.1864128480980822
29,3,0.8983111556864672,1.2420839383152895
29,4,0.8919532282475208,1.3282689589134877
29,5,0.8790924333831679,1.2774291213239355
29,6,0.9016398396038658,1.610777168349908
29,7,0.9068994609080141,1.5246240429153213
29,8,0.9134418760300022,1.7020975591260248
29,9,0.9074146814729033,1.7239754517484265
29,10,0.9010953394333732,1.7140634774401358
29,11,0.8867670743484735,1.5461732482207173
29,12,0.8685931585714203,1.1149052795424979
29,13,0.8835924198521528,0.900473117875169
29,14,0.9175527984888544,1.2414086694161846
29,15,0.8651415814168028,0.7924146716805671
29,16,0.8221207513542427,0.6834133648533474
29,17,0.7954802113680546,0.730819036076845
29,18,0.7909587082576108,0.6926170524943109
29,19,0.8467100470726983,0.7225070062059369
29,20,0.8599837845711875,0.6836047106707768
29,21,0.8720999705591473,0.7457933366724534
29,22,0.8809041654952559,0.895234765739592
29,23,0.9001256220030255,0.828804197831186
30,0,0.9229572301440261,1.0302060480746746
30,1,0.9305135832851074,1.1979652355402255
30,2,0.9162645578483,1.2817123749104962
30,3,0.9079490399349722,1.336073710327721
30,4,0.9016712013712648,1.4212604444539796
30,5,0.8895854729259677,1.3585018809120468
30,6,0.9013626357904556,1.6107226793561988
30,7,0.9068287815580098,1.5279301023288534
30,8,0.91277977479422,1.6920367140794195
30,9,0.9068151258713412,1.7147065041164744
30,10,0.900808524689936,1.7094539033487388
30,11,0.8862523993937048,1.5382336504791523
30,12,0.8680368347047964,1.1070288562005146
30,13,0.8834473129074761,0.8987313062405295
30,14,0.9222925692695885,1.275136947550167
30,15,0.8713754773535733,0.8453840681154228
30,16,0.8282379773302588,0.7367825853524277
30,17,0.8041148522656806,0.7496518533651688
30,18,0.7987956438055356,0.7172664159420079
30,19,0.8539790589509589,0.7345889614636487
30,20,0.868453990402291,0.7093396653137063
30,21,0.88202890074991,0.7787312606970591
30,22,0.8921802910111514,0.9451128062815801
30,23,0.9089689975131621,0.8666399980490587
31,0,0.914565204308937,0.9019172757922016
31,1,0.9250181837505974,1.1530188804786565
31,2,0.924491537105316,1.3228873422927219
31,3,0.9179446868337992,1.3925687382630016
31,4,0.9101906318684542,1.4745513896960238
31,5,0.8977095710164964,1.3959998238541864
31,6,0.8890968516479504,1.380785378751522
31,7,0.9024010864315358,1.421183557793066
31,8,0.9136426265002315,1.7044033544665433
31,9,0.9077782602486658,1.7287790421914124
31,10,0.9016587324399103,1.7220218593186623
31,11,0.8867090705446987,1.5444578415660741
31,12,0.8682973099855203,1.1099208750744927
31,13,0.8839475946810472,0.9039457993944264
31,14,0.9290788246193807,1.2936022196574344
31,15,0.8677034058417318,0.7880834188007713
31,16,0.8206757528405347,0.6644188035453018
31,17,0.797317757418676,0.6833191585212672
31,18,0.7922149902915229,0.6426061442453279
31,19,0.850602853014728,0.6803364324160408
31,20,0.8657453392667692,0.6563977789669391
31,21,0.8823366760852549,0.7475292301991532
31,22,0.8933950916880005,0.9096200815487352
31,23,0.9110084430983868,0.8415927862399357
32,0,0.9193740908323049,0.8764032803645154
32,1,0.9337425655100002,1.1712629968768287
32,2,0.9350938931787219,1.371374725133255
32,3,0.9295641178944022,1.4488447669906286
32,4,0.9212219324730632,1.5332237009853147
32,5,0.9094129788776304,1.4687906248663136
32,6,0.9051642144098747,1.5134763515186354
32,7,0.9159220404140305,1.5268780468992365
32,8,0.9059728061508292,1.5154318521160128
32,9,0.9087595863095322,1.7392406074007534
32,10,0.8882960934589976,1.5511002405774432
32,11,0.8873951034212519,1.5509676606980074
32,12,0.8684780047093774,1.1100539046014317
32,13,0.9130928575474622,1.5933068867074471
32,14,0.9292602528957761,1.253445163403355
32,15,0.8691798041528045,0.791014850508942
32,16,0.819926467696151,0.6533645920860334
32,17,0.7962634914948707,0.6820845460208798
32,18,0.7907176812748863,0.6464895212352615
32,19,0.84490073093592,0.6455961449552294
32,20,0.8643667754473596,0.6432001855908118
32,21,0.8837238450943279,0.7576419833421646
32,22,0.8939842538707741,0.9115354988941293
32,23,0.9093081282479815,0.8192252668614461
33,0,0.9180272438327883,0.8456468754988657
33,1,0.9323027147797559,1.116951962755513
33,2,0.9359735339754147,1.340373779157515
33,3,0.9293472369980872,1.4291130179322176
33,4,0.9200140206789571,1.5116380217039014
33,5,0.906771383788931,1.4404068111749968
33,6,0.9018309340709016,1.4797166937098858
33,7,0.91344405911152,1.4872100009646694
33,8,0.9028069234963887,1.4825085480691822
33,9,0.8992036175631063,1.5029176570567788
33,10,0.9033933797242841,1.7402974084788783
33,11,0.892903817583207,1.5256524159513862
33,12,0.8896309665494091,1.5219033103031059
33,13,0.9051092593516699,1.4606505378711745
33,14,0.9219007671816141,1.1587790881190152
33,15,0.8609298989331515,0.7473863124022282
33,16,0.8136661899261347,0.654237957184117
33,17,0.7977158678291991,0.6924954022450356
33,18,0.8044780013011061,0.7220583058879351
33,19,0.8403038315573654,0.6281765164545927
33,20,0.8629078592906384,0.653088950912398
33,21,0.8803023958824168,0.7586655761514969
33,22,0.8930453295933318,0.9336328352053389
33,23,0.9117584846645979,0.8609862726097983
34,0,0.9231837034814087,0.8923557533924811
34,1,0.9396727190893082,1.1751191687210225
34,2,0.9403658488830778,1.3470331502342798
34,3,0.9296597332675269,1.3950803528358113
34,4,0.9188033998757396,1.4663333996450714
34,5,0.9042098189714828,1.3914692968680304
34,6,0.8997483479800807,1.454419641796294
34,7,0.9105570610990769,1.4479482429954622
34,8,0.8989569443869253,1.4416108228196158
34,9,0.8956973626014006,1.46770718991751
34,10,0.903796495838756,1.7448333795870283
34,11,0.890121564867183,1.4945241828696396
34,12,0.8693622818518949,1.1189561715661958
34,13,0.8851286544238096,0.9143441043922773
34,14,0.9225508106365389,1.1497461992854996
34,15,0.8602997883152785,0.7480443312544294
34,16,0.8116975575096943,0.6954451955844512
34,17,0.799564645810569,0.7526641891814405
34,18,0.8072632233253548,0.7629504929882338
34,19,0.8416179689790567,0.6977855241644226
34,20,0.8649704396341212,0.7081346596250837
34,21,0.8809606366760266,0.7920972414185368
34,22,0.8945983363096452,0.9734003820850861
34,23,0.9131472122052582,0.8995642139081452
35,0,0.9240687792953172,0.9167836868467258
35,1,0.9415970792854774,1.1978011223164353
35,2,0.943761489230317,1.392878137325038
35,3,0.9346004638648393,1.4652049614638383
35,4,0.9234057193714958,1.532971249003329
35,5,0.9080067821950215,1.4558030925687993
35,6,0.9023796196429645,1.61994239996252
35,7,0.9078290915263434,1.5265559905662442
35,8,0.917493076492815,1.7420177565700143
35,9,0.9111153148260218,1.763074745951445
35,10,0.9043249499406535,1.7501897040705066
35,11,0.8878255714574029,1.553710873296155
35,12,0.8701202701279727,1.127165163447394
35,13,0.8860220226777776,0.9238633025467751
35,14,0.9126882452277328,1.0615278495990577
35,15,0.8621205979351174,0.763682661660253
35,16,0.8291519764619778,0.7809410838317143
35,17,0.7999414859135622,0.7314463227552128
35,18,0.8055124129850352,0.754774083863019
35,19,0.8425403624267465,0.69771665031957
35,20,0.8723584461206996,0.7148291286999786
35,21,0.8839210694886711,0.8251805406991828
35,22,0.898209344901885,1.018169557398517
35,23,0.9177683256306703,0.9601349787264573
36,0,0.9262165127043648,0.9455429277140857
36,1,0.9423717574740679,1.205818944408648
36,2,0.9447520694762223,1.4064714355902534
36,3,0.9356021943266858,1.4762120498098268
36,4,0.9236712744273243,1.5185406460387751
36,5,0.9093620545585263,1.4501652954025044
36,6,0.9058204544044768,1.5278419831877166
36,7,0.9265371607651144,1.7408898492343328
36,8,0.9179395010790341,1.746480212245808
36,9,0.9119708348892743,1.7731330638236544
36,10,0.9051459442124804,1.7599350858035008
36,11,0.8876796289729151,1.5508220027840096
36,12,0.870055717175938,1.125814948112846
36,13,0.8862380318074085,0.9260394270963168
36,14,0.9134386335477664,1.0540003350506595
36,15,0.8589804816657306,0.716492416998519
36,16,0.8290933258153628,0.7883499605769124
36,17,0.7954009241840939,0.6742529837837852
36,18,0.8051712996736057,0.751482738685223
36,19,0.8481725246827528,0.7180126728964833
36,20,0.8715238203219733,0.7091349965233289
36,21,0.881246771521036,0.7962299381357525
36,22,0.8986330452726482,1.0065239328055693
36,23,0.919635352623117,0.9755734043431419
37,0,0.9252901607894362,0.9436108625793196
37,1,0.9398935316990054,1.1954488624764767
37,2,0.9411245873056877,1.3688812157921353
37,3,0.9288032143325935,1.39426560314803
37,4,0.9171937373094929,1.4331284881087996
37,5,0.9034371040910704,1.376555628843109
37,6,0.8990454129885334,1.4581723694546103
37,7,0.9271468688395583,1.7475789139047335
37,8,0.9187052765982464,1.7554320855969037
37,9,0.9124144312364302,1.7785595537004721
37,10,0.9057197870481025,1.7668048445924622
37,11,0.8878992350100219,1.552600871071907
37,12,0.8698301495668311,1.1230615521646854
37,13,0.8866810687901953,0.9311688557772353
37,14,0.9257731766035373,1.089166342324246
37,15,0.8642235618384528,0.7516738204976168
37,16,0.8044812260780491,0.6342042598416544
37,17,0.7946807106583736,0.6685127933392341
37,18,0.7970181433091331,0.7414855129178965
37,19,0.8415350423130267,0.6749640975835001
37,20,0.8588255019827037,0.6711324620366264
37,21,0.8783575097311639,0.7698478364643968
37,22,0.8972265716396256,0.9947574126092231
37,23,0.9192246288979259,1.0043271955721877
38,0,0.9272531693816954,0.979103676760495
38,1,0.9435027983155166,1.2296880242100947
38,2,0.9451947342331991,1.3997489232549887
38,3,0.9328917722355413,1.4169470297608555
38,4,0.9209565805691353,1.4548874118753385
38,5,0.9083055047099232,1.4144129365028881
38,6,0.9033083038131937,1.4816417529436032
38,7,0.927191106821655,1.7474661777978704
38,8,0.9193729879516608,1.7623150703990422
38,9,0.8988536228419837,1.466751198908831
38,10,0.9061344420327759,1.7718344728079058
38,11,0.8879740778146687,1.5519249129354806
38,12,0.8694174488478396,1.1181496333508854
38,13,0.8869140061337892,0.9342491873596965
38,14,0.9273803032734285,1.1144314324328102
38,15,0.8673610498033761,0.8397039387594649
38,16,0.8052647166321659,0.6668323621676544
38,17,0.7998983778329384,0.6938189712885703
38,18,0.8030934594190912,0.7473069188353971
38,19,0.8461294135780302,0.6818949595979236
38,20,0.8643245117802645,0.6887570955232007
38,21,0.8837929934206362,0.7886649497653
38,22,0.8988383718772845,0.9958047104127754
38,23,0.9184297526130353,0.98935213134504
39,0,0.9270742882313273,0.9558550088373297
39,1,0.9424618358068254,1.2033852737412047
39,2,0.9433595589889997,1.3645704149100677
39,3,0.9300548411571623,1.3682612072241547
39,4,0.9163348939048858,1.3738661285521392
39,5,0.9019197433463053,1.3109114074351194
39,6,0.8995777423707985,1.5771985831203663
39,7,0.9266927643348778,1.739583015231187
39,8,0.9189627479727772,1.7554947915924042
39,9,0.9126235752365393,1.7796598446768717
39,10,0.9058052256270489,1.766610152064846
39,11,0.8870691924779095,1.538205088167457
39,12,0.8681237249444946,1.101228870129951
39,13,0.8865311957637433,0.9294774733677564
39,14,0.926030686307749,1.0600025143253262
39,15,0.8701992093586933,0.8632988698548933
39,16,0.8174030071025203,0.7715975417472256
39,17,0.8150255336090316,0.8226438407324035
39,18,0.8135863596520483,0.8516334297699868
39,19,0.8586240155529616,0.7756349972558425
39,20,0.8827550958630149,0.8165248915171883
39,21,0.8958199742057932,0.8809467271209068
39,22,0.9088417603618132,1.0905856271388457
39,23,0.9262073032366472,1.071878791963477
40,0,0.9319637684318182,1.006365872313956
40,1,0.9474776655513782,1.2386529802059831
40,2,0.9486394981999318,1.4054620132917703
40,3,0.9346483844809762,1.3951141074952522
40,4,0.9226721323206908,1.4085685858774335
40,5,0.9091025257050414,1.3448148528424175
40,6,0.9018717921684685,1.3876331192647848
40,7,0.9267705926164704,1.740309079073962
40,8,0.9191856301979417,1.7583067745906775
40,9,0.9130769051678916,1.7855259016737737
40,10,0.9064397390170122,1.7745934802454886
40,11,0.8869721519535598,1.5354205961879552
40,12,0.867386008802934,1.0921100265501416
40,13,0.921705341672397,1.3749019304899548
40,14,0.9334974805218402,1.092290252358307
40,15,0.8794041380274762,0.9354319315779147
40,16,0.8349774128925188,0.8975573786171669
40,17,0.8328281367561762,0.9329382959313577
40,18,0.8203563547721276,0.8853595544708068
40,19,0.8632855316982034,0.8634036652141002
40,20,0.8882162066582677,0.8603229030138797
40,21,0.9009331149234371,0.8870027192125596
40,22,0.9118890230545934,1.0748513192461546
40,23,0.9243227781968218,1.0138782393054617
41,0,0.927435767815084,0.9217603387849271
41,1,0.9426482550883226,1.1529244223015302
41,2,0.9440464174669414,1.3202641863337616
41,3,0.9315170245293358,1.3335469406811722
41,4,0.9201835076958887,1.359945529250977
41,5,0.9069246191779788,1.30725877754643
41,6,0.9008731586842935,1.602450918847989
41,7,0.9282160061502206,1.756125833905739
41,8,0.9207733482526186,1.7763433560368322
41,9,0.9033176108186911,1.46541442220901
41,10,0.9072009782730425,1.7842721789590206
41,11,0.9009162266792681,1.5562642629840138
41,12,0.8672736711101807,1.0907604347693525
41,13,0.9232066474056241,1.3530633859318932
41,14,0.936141480902439,1.086100543412969
41,15,0.8808443921482696,0.9477034776983109
41,16,0.8389131755254066,0.8992858493231362
41,17,0.8412701162755768,0.9460198711727625
41,18,0.8233463774541451,0.921541601626902
41,19,0.8661033126960036,0.8949404661703801
41,20,0.8907749752816502,0.8916167308382152
41,21,0.9078078923335442,0.9202535192910957
41,22,0.9194995893760155,1.1122101479246558
41,23,0.9297335166852735,1.0497357434490127
42,0,0.9323059004502199,0.9571154520373657
42,1,0.9456835128393879,1.1743972584650955
42,2,0.9479646256459482,1.352782441452253
42,3,0.9318725637767513,1.346165721650217
42,4,0.9208839331168873,1.3851651242356855
42,5,0.9111407867890303,1.600355264308229
42,6,0.9005634284201683,1.5975246982167333
42,7,0.9284059635411941,1.7575098731093548
42,8,0.9211066855137336,1.7800930670335293
42,9,0.9029546888593173,1.4756992806883371
42,10,0.9032268504718647,1.4965558553606257
42,11,0.9050859491618506,1.602216365377572
42,12,0.866299320912307,1.0796696684650184
42,13,0.9271583963764054,1.364360592602063
42,14,0.9370834375890953,1.0900059276645866
42,15,0.8823248092890111,0.9809423958997137
42,16,0.8317487712683773,0.9097826208041035
42,17,0.8424885023664372,0.9518052754131072
42,18,0.825755168283738,0.9491917895480504
42,19,0.8681808528946524,0.9244093950468342
42,20,0.8910747169163806,0.9051691647615141
42,21,0.9121211483812577,0.940469851270985
42,22,0.9236991003763929,1.1515419066154005
42,23,0.93531793781044,1.093133483161468
43,0,0.9374001641162405,1.0059015841743317
43,1,0.9507432985389429,1.224837562435754
43,2,0.9504915000923919,1.387304421357653
43,3,0.9349987523770682,1.3827174039695125
43,4,0.9238520538926751,1.4121582781041004
43,5,0.9123790994097326,1.612394593139645
43,6,0.9017460375894516,1.609006859258951
43,7,0.9292443544404434,1.7658542040447385
43,8,0.9221215897644683,1.7908681910985527
43,9,0.9111609218244092,1.5392647927831922
43,10,0.9109807226207303,1.5702824136152511
43,11,0.8873733239829849,1.536132280385433
43,12,0.8666769789009353,1.083615825262044
43,13,0.9307749127685803,1.388200911703855
43,14,0.9405160830195806,1.1114549819359043
43,15,0.8837644037034145,1.0013383499471056
43,16,0.8305310981214987,0.9227068246307195
43,17,0.8438032375734127,0.9667299775807421
43,18,0.8255090315060947,0.9639338624120608
43,19,0.8694049897688111,0.9512833698886483
43,20,0.8919357681021395,0.927792333043286
43,21,0.9033424483251241,0.9462408908740283
43,22,0.9258935471188104,1.195857114538633
43,23,0.9356259043392038,1.1277107900408776
44,0,0.9379423306103004,1.0283020423573994
44,1,0.9515344200423655,1.2435486127498505
44,2,0.9517716787800425,1.4017883509155817
44,3,0.9379054700327019,1.4133490133159174
44,4,0.9214834129765664,1.5449451896066044
44,5,0.9124122149686672,1.6151445538858828
44,6,0.9016398396038658,1.610777168349908
44,7,0.9294832273779792,1.7671333605951869
44,8,0.9222639321640832,1.7914510770185212
44,9,0.9142847931806334,1.60606756154111
44,10,0.9084213343897634,1.7954682259319577
44,11,0.8860549201875413,1.5178150188866923
44,12,0.8654571594814228,1.0678650112102384
44,13,0.9317157235610101,1.3995314733516384
44,14,0.9369175312001317,1.0825029168111602
44,15,0.87930756352061,0.994582704380945
44,16,0.8308656457575435,0.9197366140846608
44,17,0.8241695417469486,0.9500705886852003
44,18,0.8302955164492503,0.980046018198101
44,19,0.8716295245707442,0.9531928707387292
44,20,0.8958126699904241,0.9322804730838286
44,21,0.9098949899124487,0.965124859852732
44,22,0.9298420781480587,1.232359166074005
44,23,0.9355124018869462,1.138363495724148
45,0,0.9401508673821212,1.0504811948539343
45,1,0.9537323666327308,1.2489749245896773
45,2,0.9543961556419934,1.3977971070330533
45,3,0.941355974732585,1.4006445941694068
45,4,0.9314088551960817,1.4400875631697252
45,5,0.912325680784124,1.6175067019286526
45,6,0.9103744547010231,1.426794929120776
45,7,0.9293341541753892,1.7662619863973164
45,8,0.9220863135868602,1.7903417181299077
45,9,0.9140766649109722,1.5543094346560853
45,10,0.9126227890719997,1.5755598477271526
45,11,0.9111564566139853,1.661208589966133
45,12,0.8658720447729483,1.072421053529267
45,13,0.9320540035000371,1.3171619165706012
45,14,0.9358903125880265,1.038838332329215
45,15,0.8740570770393316,0.9808720016831911
45,16,0.8329944961283519,0.9518222148923168
45,17,0.8292352144441533,0.9818361334970445
45,18,0.8354825179655235,1.0155195421856904
45,19,0.876631809615497,0.9882118574763057
45,20,0.9004320060907056,0.9598580409516297
45,21,0.9148986689438591,0.9875176359844025
45,22,0.9257365365677077,1.2194710074049704
45,23,0.9308147613186394,1.0902136721727835
46,0,0.9365711334369693,0.99899342014041
46,1,0.9488875171307656,1.1776121382280378
46,2,0.9508937222035679,1.3459781739524548
46,3,0.935733703105607,1.3245756969397862
46,4,0.9313429559768266,1.606283899461908
46,5,0.9237258191865174,1.6302093742380928
46,6,0.9129196241914558,1.6188383925093985
46,7,0.9216173529663303,1.5741853438528102
46,8,0.9135657460149421,1.4623573109850394
46,9,0.913525569670395,1.5329528876960818
46,10,0.9128013686158825,1.5719299121300176
46,11,0.9123969029507074,1.66429904509058
46,12,0.8667778226139606,1.0814349494113555
46,13,0.9340901194077349,1.307906173293702
46,14,0.93506730378053,1.0015814261856217
46,15,0.8703609428983158,0.9557518999817347
46,16,0.83120848463006,0.9563664024167191
46,17,0.8297991897096701,0.993306812877258
46,18,0.8385165667864932,1.0438472448747267
46,19,0.8802727316673556,1.0211417849576185
46,20,0.9009346101153973,0.9591437534195113
46,21,0.9155795203868862,0.9759887285946229
46,22,0.9284231926689365,1.2194348776154338
46,23,0.9275672262628325,1.0666608058796614
47,0,0.9348440091008472,0.9722978126655866
47,1,0.9469689887145706,1.1485382210792956
47,2,0.9478184829576627,1.3151794809926747
47,3,0.9327395468174945,1.2994040649809708
47,4,0.9337167992841541,1.6176680027831587
47,5,0.9263731782255875,1.647392232882634
47,6,0.9165934536464379,1.6467068369386029
47,7,0.9248397369955254,1.5917522011485774
47,8,0.9114578289211297,1.4607945799945785
47,9,0.9102233098760741,1.535133230544111
47,10,0.9088292086622577,1.5669989350547935
47,11,0.9083501543622737,1.6463119676517293
47,12,0.8657125392872019,1.0698320188575554
47,13,0.9302274196351269,1.2678483892954784
47,14,0.9313643993341348,0.9992064609870246
47,15,0.8674723511875827,0.9871135229149308
47,16,0.8337558529425388,0.9931219846469816
47,17,0.8353854889315948,1.0474993990993626
47,18,0.845206266164812,1.0977624993738084
47,19,0.8863818268097882,1.0663492163068775
47,20,0.9054789426235267,0.9924292825800127
47,21,0.9193409440807147,1.0048703322898414
47,22,0.9295411865161123,1.2329103639437773
47,23,0.927728124476263,1.1048474312100636
48,0,0.9362387334453448,1.0266013619606102
48,1,0.9481392843405761,1.1842360200493829
48,2,0.9480617434212627,1.3214650933775172
48,3,0.9350166536272237,1.3112672847794444
48,4,0.9339458949278123,1.629240361219833
48,5,0.9261890414232525,1.652738454995137
48,6,0.9155940956451405,1.6457505105550192
48,7,0.9240614821497279,1.583282204322928
48,8,0.9139723215001667,1.4497034342524806
48,9,0.9120876739483257,1.5139227241083848
48,10,0.910829790768191,1.5485898534191396
48,11,0.9114678276881594,1.6344374555491257
48,12,0.8661468568128649,1.0716124343008273
48,13,0.9371678043497057,1.2743288388064755
48,14,0.9341045136873131,1.0238792899861444
48,15,0.8678788069323714,1.021344927208367
48,16,0.8415427355971049,0.9063885394092841
48,17,0.8456211767059488,0.9852477814351315
48,18,0.8531247935850437,0.978649638971147
48,19,0.8879939238166948,1.078796695575323
48,20,0.9073347500717128,1.006239862577897
48,21,0.9193777750325246,1.0123656550706617
48,22,0.9307313749521264,1.2457806621423706
48,23,0.9318362095816324,1.1358546058683192
49,0,0.9393359255517921,1.0519998325424584
49,1,0.9512973048564429,1.2090633118625185
49,2,0.9513394770176423,1.345750543262187
49,3,0.9385270526492739,1.3430596890678075
49,4,0.935360595042888,1.6291272894095412
49,5,0.9267269317274907,1.6450371736887428
49,6,0.9157210392646172,1.6383247237178873
49,7,0.9149003994688713,1.2770253522675619
49,8,0.9127328089706831,1.419033082565532
49,9,0.9108741282646232,1.4783021535131864
49,10,0.9086111420952134,1.5070182122461588
49,11,0.9091716887266974,1.5915164111835551
49,12,0.9140828164735968,1.6089243597228098
49,13,0.9378635333939322,1.2347161881494744
49,14,0.9338149037534437,1.0045398463661463
49,15,0.8649406626015902,1.039506008117261
49,16,0.8422715552411307,0.9139924950230491
49,17,0.846099923594872,1.0149606448298845
49,18,0.8545141654289873,1.0026923029270605
49,19,0.8886321107183532,1.0985256952386506
49,20,0.9060129169815017,1.0140588534598438
49,21,0.9162868458073051,1.0094495006789614
49,22,0.9278705836598625,1.2464905335092955
49,23,0.9345587852263565,1.1596924767512578
50,0,0.9414326355458306,1.0716779769804
50,1,0.9520601431239755,1.2250693119211205
50,2,0.9515373107998268,1.3560246396722944
50,3,0.9401725268231487,1.3597425712198241
50,4,0.9291388147064299,1.3659105311292397
50,5,0.9154688994591097,1.2931324610199688
50,6,0.9057048301139057,1.285033709640035
50,7,0.9143936123182438,1.2705484464512136
50,8,0.9109487670241586,1.4166115408831894
50,9,0.9079973077189868,1.4789884479759277
50,10,0.906971593463288,1.5163392059902323
50,11,0.9076135577429263,1.5979828081565852
50,12,0.9111971120851375,1.595469125150104
50,13,0.93667999728591,1.2154484709619888
50,14,0.9332251113505212,1.0155369620693504
50,15,0.8607616159701373,1.0401884359984415
50,16,0.8443328880304277,0.9221537795871857
50,17,0.8395820074235522,0.9443505134528398
50,18,0.8469674090402676,0.9602049212772505
50,19,0.8950766938219895,1.1538260854631106
50,20,0.8976409506090993,0.8981823373103812
50,21,0.9206670511888093,1.0507405329225357
50,22,0.9282991426320859,1.262441933314379
50,23,0.9299242385671646,1.1677469167951884
51,0,0.9398697754145031,1.0954215492456285
51,1,0.9528365392411521,1.2691361127484697
51,2,0.957885006012871,1.4671288396455306
51,3,0.9444715059941035,1.451879822582275
51,4,0.9334654092749821,1.4531612642282479
51,5,0.9211018869661451,1.3992237276191775
51,6,0.9105345241115022,1.3678334642068934
51,7,0.919210149308341,1.341555461686542
51,8,0.9150252199685792,1.4735603665322792
51,9,0.9104691122071031,1.5215927876151056
51,10,0.9065892533371867,1.5277817990456555
51,11,0.9031018969744187,1.5529999747043481
51,12,0.9052769207375398,1.532245996191958
51,13,0.9318267299424937,1.1544836534650775
51,14,0.9285462389937146,0.9697449914877883
51,15,0.8535140196107913,1.0039937571049418
51,16,0.8450813808187276,0.9250402167574623
51,17,0.8255459854941986,0.8711680064843539
51,18,0.8345357814077743,0.9032785058349169
51,19,0.8607441315783995,0.8676959499214152
51,20,0.8908035051681765,0.8609991717441225
51,21,0.9249099639458619,1.0711515345448421
51,22,0.9330110555052668,1.2868530298091438
51,23,0.9305035717758283,1.1919117777750623
52,0,0.9411309570961249,1.1211367451864964
52,1,0.9548395501194723,1.2895532236302092
52,2,0.9576454728842505,1.460222623546744
52,3,0.9401011011710525,1.4063377379288298
52,4,0.9295086420433797,1.4171815225341202
52,5,0.9248219902916112,1.649200441025207
52,6,0.9078563826020632,1.3407893424543946
52,7,0.9187947989231927,1.3290029461438566
52,8,0.9141275752704372,1.4484189308982245
52,9,0.9096409897235032,1.5074480558138772
52,10,0.9051776978419841,1.507862632484013
52,11,0.9023775560316829,1.554450128782661
52,12,0.8652103451300467,1.0599721552677916
52,13,0.9326002991734097,1.161643414961551
52,14,0.927889851742623,0.9946305798055084
52,15,0.8517132983280225,1.040370847677421
52,16,0.8444016738137217,0.9329394227794476
52,17,0.8286753807349497,0.9474269799347583
52,18,0.8388005527600666,0.9771494078202991
52,19,0.8649928937173,0.9359885843660889
52,20,0.8944632395474829,0.9186154761778837
52,21,0.9118532408877683,0.9484935832098484
52,22,0.9221596693888736,1.2194917926361324
52,23,0.9307067684329534,1.2272016476262344
53,0,0.940620352905139,1.1398285534154065
53,1,0.9529622404454119,1.2831430724693504
53,2,0.9547180675524699,1.4424250249228683
53,3,0.9364965143545976,1.3847020886489902
53,4,0.9357857082271586,1.6395359740978526
53,5,0.9262344892668342,1.6522238342127578
53,6,0.9147045426193265,1.6416956551254849
53,7,0.9141016623773011,1.2926896076486267
53,8,0.9106307039439064,1.4250952093394655
53,9,0.9061475280976343,1.4876153165281023
53,10,0.9005630484363201,1.4845624722272284
53,11,0.8981348818924588,1.5268731819658559
53,12,0.8656021163569341,1.0626030468922472
53,13,0.930934115166507,1.1240275621525058
53,14,0.9237430360174687,0.9652281902101771
53,15,0.84870182320492,1.0125310850395337
53,16,0.8476107426560342,0.9541700061242206
53,17,0.8289789279401121,0.9599348593570061
53,18,0.8379672546529209,0.9858048314405838
53,19,0.8672824397861729,0.9639122538858498
53,20,0.900083942795113,0.965072875068081
53,21,0.9285392992678686,1.0789222100490201
53,22,0.9243233197989384,1.2284948411242667
53,23,0.9259112046676993,1.2040618020241771
54,0,0.9354788117976687,1.1081390552183539
54,1,0.951515188760684,1.2733230938970994
54,2,0.9539654012301555,1.4519464134017603
54,3,0.943916122321241,1.590105015885209
54,4,0.9369711072365606,1.6463543606119435
54,5,0.9267015013989007,1.651345655332416
54,6,0.914632257570277,1.634808008605333
54,7,0.9320751703608009,1.786724681730389
54,8,0.9221094772494508,1.5666076914586604
54,9,0.9177113243934397,1.6230736809231656
54,10,0.9117400317352644,1.6078104011557146
54,11,0.9056587558299083,1.5976502301362343
54,12,0.8643412047945919,1.0493740765008455
54,13,0.9370756461838675,1.121312304003288
54,14,0.9263004660743106,0.9665733532378837
54,15,0.8546940217906512,1.0689563596007154
54,16,0.8503330357536356,0.9763214058849914
54,17,0.8365282929534917,1.023924605190666
54,18,0.8449963127413518,1.055069295707451
54,19,0.8753281418217438,1.0290111053899214
54,20,0.9068554986040758,1.011292780296496
54,21,0.9295412908081684,1.0726128203328553
54,22,0.9355436963309002,1.2959923769655513
54,23,0.9319589910628703,1.2448096400095205
55,0,0.93926333969867,1.119831378163184
55,1,0.9550553937529378,1.29260848993792
55,2,0.9579779196203632,1.4877047010105038
55,3,0.9464495488799999,1.623157064247537
55,4,0.9391935446290159,1.6738279992091512
55,5,0.9292143995649143,1.6847077463191082
55,6,0.9175621643652159,1.669983292515191
55,7,0.932652543117512,1.7909896635849338
55,8,0.9276734526993122,1.6664767829930254
55,9,0.9225217931868901,1.7172264942196929
55,10,0.9161584516781051,1.689522180087443
55,11,0.9101935335955799,1.6822745519910658
55,12,0.863449016429034,1.0397333292981537
55,13,0.942401189510795,1.1718164166103069
55,14,0.9323935972872646,1.0220347944703008
55,15,0.8608591416916321,1.1285399849945574
55,16,0.8420424464648626,1.1028879791958737
55,17,0.8407921096388079,1.0420253193144706
55,18,0.8513523278019035,1.0739682468901104
55,19,0.8780450633534655,1.026090047643039
55,20,0.9101234676378606,1.0100766327863948
55,21,0.9310389250412973,1.0655149852287749
55,22,0.9381388219769634,1.2970582588505355
55,23,0.9301738587959889,1.2419039644418408
56,0,0.9359861234970339,1.1030985029378941
56,1,0.9548948140320271,1.3059997822402503
56,2,0.9610804016472649,1.5301309883000913
56,3,0.9475115618055763,1.6245096168724178
56,4,0.9399128093847464,1.6715474481671473
56,5,0.9294027767523568,1.6810043774148964
56,6,0.9177655817343628,1.6748066611044967
56,7,0.9320626244221704,1.7864305084398127
56,8,0.9339689680038841,1.7090475881942542
56,9,0.9218828036714033,1.8773594116478254
56,10,0.9207491378185019,1.74362603176868
56,11,0.8871836914974847,1.516971513480946
56,12,0.8635283304839922,1.040337370652737
56,13,0.9475398719060596,1.174680134410175
56,14,0.9340206044470962,1.0079443822684153
56,15,0.8613104989718275,1.1385495121477063
56,16,0.8300206295798386,1.1261405678930165
56,17,0.8462668190136896,1.0584581365276846
56,18,0.8563813696608126,1.0939123226239575
56,19,0.882199954698487,1.048727557278309
56,20,0.9150002961058041,1.0497043939266109
56,21,0.9278598340997992,1.0349896619318535
56,22,0.93882171767957,1.2891116448757813
56,23,0.9359992115494384,1.3051987214065166
57,0,0.9415112137087741,1.1710172074225396
57,1,0.9606096944100843,1.368704813214757
57,2,0.9666176267659107,1.5873611962432106
57,3,0.9486630648131505,1.638411942067803
57,4,0.9412465744171992,1.6888658187221361
57,5,0.9306649788219084,1.7023299972118906
57,6,0.918531802670059,1.68665429632098
57,7,0.9328076056439151,1.792648723794742
57,8,0.9390276171182945,1.7759721204108212
57,9,0.9230337510903955,1.8881525181964824
57,10,0.9251903211290721,1.830628003842314
57,11,0.9190567169256759,1.819113302752955
57,12,0.8636903017684789,1.0427292055082118
57,13,0.9517549684422743,1.2196454745140128
57,14,0.9367196746296359,1.0395808570815364
57,15,0.8616114187785888,1.1645646395715352
57,16,0.828412782304132,1.1463717463534775
57,17,0.8472789727492213,1.1035872529508972
57,18,0.8612366679051444,1.1622530333195262
57,19,0.8884280444709932,1.1159128202464361
57,20,0.920147165715797,1.0920476160118662
57,21,0.9329837824139484,1.0794088766548444
57,22,0.9426216726633905,1.3122179274479806
57,23,0.9396104181561317,1.3517642946953532
58,0,0.942588388874798,1.2064799752899145
58,1,0.9605859737659528,1.392853867798583
58,2,0.9611064922041912,1.5893378975992345
58,3,0.9517597845292569,1.6561582078126378
58,4,0.944004571925336,1.7023217301638196
58,5,0.9340392083326262,1.7197830391400526
58,6,0.9224450584509287,1.7046612046892529
58,7,0.9328345196916895,1.7919710694967699
58,8,0.9387506889099295,1.800107135157849
58,9,0.9312594637469763,1.842902093921949
58,10,0.9249643264788863,1.854032899841875
58,11,0.9176370150642813,1.8257837951764353
58,12,0.8632714620867107,1.0375985180879046
58,13,0.9504392422676865,1.192674287679238
58,14,0.9347741786349517,1.0308040607477924
58,15,0.8587208174817599,1.1308929999909338
58,16,0.8259868882939482,1.1088457359859238
58,17,0.8448647345762463,1.0840796425154609
58,18,0.8579858232785195,1.1441130240353674
58,19,0.8875623337561545,1.1124728350227344
58,20,0.9205761175372819,1.0699933269509148
58,21,0.933211162376586,1.0527495346427929
58,22,0.9443319315750113,1.3248084732683223
58,23,0.9410148619946025,1.3458022533985563
59,0,0.9444423571059604,1.2114394902051648
59,1,0.9623262142347456,1.389090235747548
59,2,0.9697448758503354,1.612631744326488
59,3,0.95179995236044,1.6578460595012041
59,4,0.9442108293124134,1.707262161542336
59,5,0.9333112463575491,1.7177518610049667
59,6,0.9213853083353609,1.696464743677124
59,7,0.933279004436848,1.7948880663429994
59,8,0.9377091887908219,1.7914899266331226
59,9,0.923845164828516,1.8940863044605005
59,10,0.9210851758326606,1.8128461364452697
59,11,0.9126130744232327,1.7693621834329978
59,12,0.863382007406509,1.0379008388058457
59,13,0.9464810521529945,1.139504967890792
59,14,0.9302388985696122,0.9799480927320925
59,15,0.8530217867974481,1.0851988736679106
59,16,0.819717862661205,1.0723507669630652
59,17,0.8393609482436829,1.060392786655052
59,18,0.8528588315506808,1.1204165833588373
59,19,0.8805736172937316,1.0917665125296834
59,20,0.91725358117356,1.0533256757831286
59,21,0.9360553085820946,1.0495335128735608
59,22,0.9433792802155613,1.319159452050136
59,23,0.9416834594917378,1.357202415261018
60,0,0.9448436472348319,1.213242343788251
60,1,0.9629016242259373,1.3640777393764374
60,2,0.9708468280758316,1.5867445068233357
60,3,0.9536232336333509,1.646714491630525
60,4,0.945462371725789,1.6930811148726397
60,5,0.9349641371494476,1.7136496605517264
60,6,0.9225228702294596,1.6890206998127049
60,7,0.9299302078468105,1.614254556416424
60,8,0.9370822217076817,1.789036901430701
60,9,0.9295170698589126,1.8348633430561812
60,10,0.9214734442904617,1.8271723710384533
60,11,0.9140463761545681,1.7816403887746661
60,12,0.8627591455684226,1.031621140778984
60,13,0.9514051112085155,1.1466351740592966
60,14,0.93455347953204,1.0124792436870447
60,15,0.856664646352224,1.115586150837557
60,16,0.8297231528744319,1.0996946945785058
60,17,0.8513284444874976,1.0889416655891806
60,18,0.8644232698656998,1.1440236964114867
60,19,0.8900021675054378,1.1115540365718592
60,20,0.9270394073768227,1.0648292004406081
60,21,0.9493118816410541,1.06173576967992
60,22,0.9605539248488367,1.3551648687906737
60,23,0.9490619945148475,1.3842877518188623
61,0,0.9489124485562014,1.2348601790753424
61,1,0.9645657643168869,1.3832950124667045
61,2,0.9721269122692483,1.6011081870848392
61,3,0.9524564030041366,1.6342717486745464
61,4,0.9461379484570688,1.6955873706766615
61,5,0.9355111310569462,1.7122009278366752
61,6,0.9237079178526295,1.6875648219831643
61,7,0.9321752463250107,1.6190128872124534
61,8,0.9377501782101653,1.8133866919954595
61,9,0.9137357476418319,1.6328711768298145
61,10,0.9182557897595095,1.838100879592722
61,11,0.9099770088637759,1.778086084896425
61,12,0.8630649823754304,1.034700012515966
61,13,0.9498157426278024,1.1224948637873
61,14,0.9322056164049168,1.0103231926222973
61,15,0.8453655649253954,1.1168355015018467
61,16,0.8238993015570583,1.1131941777788608
61,17,0.851695330644253,1.1232371355416448
61,18,0.8690264879497029,1.1967192590073938
61,19,0.8898903736637421,1.1808581401128189
61,20,0.9222757185091933,1.0743986351581691
61,21,0.9435963343737697,1.0453102727783796
61,22,0.9570816538325134,1.3451951387190997
61,23,0.9444869783477758,1.3826255669709675
62,0,0.945047233764704,1.239523612489657
62,1,0.9633553005769412,1.390093090739236
62,2,0.9716710863114157,1.587143035247193
62,3,0.9502778551681289,1.6314497904143233
62,4,0.9449290314175876,1.702674571888461
62,5,0.9349771674711079,1.7229305794898364
62,6,0.9210519028688015,1.67655321468005
62,7,0.9284221950120076,1.5922928065326536
62,8,0.9190100611981784,1.6140524823916689
62,9,0.9104928411750304,1.6102916735262127
62,10,0.9204591904881402,1.8442444702740612
62,11,0.9113862275468655,1.777068509653608
62,12,0.862644163783951,1.0292327712340743
62,13,0.9536277940081735,1.1155933739286894
62,14,0.9265982033021769,1.0042523344365666
62,15,0.8594619371354649,1.014808314161605
62,16,0.8350444661005583,1.0213437006682349
62,17,0.8584330751638506,1.0879143671463067
62,18,0.879212394653225,1.2879240048607437
62,19,0.8992010272414765,1.2650657492475799
62,20,0.930593766853202,1.1420730130353425
62,21,0.9507503352148248,1.0933337018035727
62,22,0.9586800005127565,1.3749532780440994
62,23,0.945174025875199,1.429965222928688
63,0,0.9430762654385336,1.2891522529812947
63,1,0.9564678450826064,1.4007604655829153
63,2,0.9647887901408527,1.58551421867777
63,3,0.9500911500335616,1.6277789125616708
63,4,0.9447923521458206,1.6968100445209657
63,5,0.9354357681660215,1.7230998203700638
63,6,0.9218543087061424,1.6789239910674745
63,7,0.9303330621230127,1.594998344272084
63,8,0.9196623034110467,1.6135737404266566
63,9,0.9104359603966465,1.6060674556486578
63,10,0.9191779274077625,1.8411118267571718
63,11,0.9093152715001067,1.7615707313555005
63,12,0.8626573451048122,1.028111373136379
63,13,0.9526653401378882,1.0871393968806133
63,14,0.9251364097602423,1.0054856342706442
63,15,0.8587795532967795,1.016098869287
63,16,0.8239651719700284,1.2193036313990835
63,17,0.8642775947150235,1.1056626709348762
63,18,0.8869822785906504,1.329140012450265
63,19,0.9081753420057284,1.3169143998955744
63,20,0.934307632643798,1.185927312428067
63,21,0.9520090381794742,1.1131014337737504
63,22,0.9600190758929635,1.4057870345782886
63,23,0.9471179566829911,1.4767733124367393
64,0,0.9432321778694993,1.3244219963182
64,1,0.9562538642741607,1.431691288816137
64,2,0.96258714033993,1.599332037361986
64,3,0.9515575023272678,1.6377116811212202
64,4,0.9456094968180385,1.7016585694897648
64,5,0.9361364962393226,1.7270225426917243
64,6,0.9224282328249512,1.6720838887692642
64,7,0.9313035914404003,1.5901523684120349
64,8,0.9196007118299943,1.5984367877311438
64,9,0.9101052639074764,1.5840495152877327
64,10,0.9060559355602816,1.5918112242083895
64,11,0.8993374009860118,1.5344816295995711
64,12,0.896477994062752,1.2238820513502153
64,13,0.9540255123120165,1.0829087559776713
64,14,0.9273557559872373,1.0609384016556538
64,15,0.8586297778700601,1.019400763753164
64,16,0.8396412070324648,1.0302063241871662
64,17,0.8652964981421515,1.0975194921053562
64,18,0.8908350865245774,1.3382055953575471
64,19,0.9151462800739716,1.3292255014332555
64,20,0.9368621830917704,1.1643339559779695
64,21,0.9513725578372864,1.0885248623737351
64,22,0.9595234142992751,1.3744549090653753
64,23,0.9500379474788053,1.5031976650615544
65,0,0.9448054108888878,1.3488758992821208
65,1,0.9597122859023649,1.4807978611210366
65,2,0.9676084211022006,1.6802283317179483
65,3,0.9527807009029998,1.64993766848231
65,4,0.9465917162708831,1.7100794790913243
65,5,0.9371259132494739,1.7332135165260576
65,6,0.9227799130572663,1.677523318335357
65,7,0.9306797970181354,1.5787046121345476
65,8,0.9187056280007889,1.5833255550637446
65,9,0.9086662216157229,1.5722614111536108
65,10,0.9046155809254198,1.5776487203862022
65,11,0.8980990084111851,1.513985671739687
65,12,0.916281040581443,1.5543303860571127
65,13,0.9518821066486948,1.027056336247524
65,14,0.9248661649779626,1.0558378641912256
65,15,0.8588505781823336,1.0201560281783353
65,16,0.8413217666161347,1.0363444291860697
65,17,0.8675885881296602,1.0951028664189888
65,18,0.89837132876071,1.3300645984535662
65,19,0.9259451557682078,1.341438437094498
65,20,0.9462806026546073,1.201924729639046
65,21,0.9557620524627211,1.107528415724739
65,22,0.956915827901604,1.3650160779595035
65,23,0.9446381251339334,1.4876203479961971
66,0,0.9419846957752761,1.3436273368888174
66,1,0.957232878923371,1.4670391191134189
66,2,0.9635412504717145,1.641973871542246
66,3,0.9516413946600959,1.653070503660187
66,4,0.9462347544395782,1.7127918239406883
66,5,0.9367850520314238,1.7315744871751333
66,6,0.922098892039074,1.6705168626293476
66,7,0.9307643795739479,1.5868116862714778
66,8,0.917967575746122,1.5838897666780154
66,9,0.9073451731219737,1.5673134244490416
66,10,0.9024296361763808,1.562646892786506
66,11,0.8856483828821283,1.4905577312712013
66,12,0.9121541843371705,1.4886890768826726
66,13,0.9460324034284893,0.9598441616957061
66,14,0.9181054705783281,1.0182137645381055
66,15,0.9331347197219139,1.3792064433105713
66,16,0.8365263543710437,1.0251755358888888
66,17,0.8622742244001754,1.0819733539783098
66,18,0.8998718773169273,1.3896343098046493
66,19,0.9295100295427271,1.4157600394455248
66,20,0.9504728748450013,1.2594246836523815
66,21,0.9610060910697897,1.1404297205640064
66,22,0.9620235677428247,1.3946984346049258
66,23,0.9444821936574014,1.4899159572042993
67,0,0.9403364260703175,1.3326334503879957
67,1,0.9569116754272191,1.4722439020350913
67,2,0.9625831266470837,1.6504204735717867
67,3,0.9457258106805385,1.6466816906380228
67,4,0.9475022521907313,1.7382920565304838
67,5,0.9395445739223628,1.9130157192898607
67,6,0.9238080201070088,1.701148205602049
67,7,0.932820532095199,1.6141784759251392
67,8,0.9195573118498162,1.6065571127265326
67,9,0.9082124806702156,1.5862555681747512
67,10,0.9030798825340042,1.575970596156929
67,11,0.8858596228835096,1.492139151736482
67,12,0.9109682427039982,1.478670539165173
67,13,0.9394203925845405,0.9104053346971996
67,14,0.9153170756930548,1.00845603265335
67,15,0.9332223053863471,1.3794783816569907
67,16,0.8378825154471936,1.0490735343346942
67,17,0.8639332532841597,1.104300920751093
67,18,0.9114121041545634,1.4362080490922504
67,19,0.9174118068596031,1.2099935313936854
67,20,0.9596633347400774,1.2870197635618839
67,21,0.9705275723074448,1.1651385191230814
67,22,0.9677848900256343,1.4193951475910493
67,23,0.945970670477064,1.508442030722646
68,0,0.9407610352184567,1.3444110937035525
68,1,0.9578964200510907,1.4814062556049796
68,2,0.9644802031717666,1.6723336358574095
68,3,0.9504549562511712,1.6995474809320155
68,4,0.9501384675270588,1.7687934781977033
68,5,0.9433477999909138,1.8248780101138777
68,6,0.925826113780095,1.759336020802194
68,7,0.931614649525476,1.6229831739564817
68,8,0.918238866728993,1.6095080847453627
68,9,0.9067601538030462,1.5889604182778845
68,10,0.9008295131773437,1.5748596994657449
68,11,0.8854835038760334,1.4875109128450326
68,12,0.9136014854606236,1.4609306323105482
68,13,0.9398382421855359,0.876714966058918
68,14,0.9161266167279756,1.0269070813699477
68,15,0.9339606837125445,1.3817107796395955
68,16,0.9422127066482602,1.471683212528684
68,17,0.869644612124032,1.1266087343934315
68,18,0.9128360537006172,1.4196767392092973
68,19,0.9406128156059226,1.4342252960823767
68,20,0.9632763047019975,1.2963733966421003
68,21,0.9723502571781779,1.178408052170585
68,22,0.9679219233022373,1.4270124960758617
68,23,0.9440487677024032,1.5049819893552836
69,0,0.9374094992144044,1.3298901858498162
69,1,0.9541140560442474,1.4627732487989107
69,2,0.9624182034519881,1.6233716306351402
69,3,0.9553658988687789,1.6944179188495
69,4,0.9495346023106433,1.7388431131560558
69,5,0.9395558563947974,1.9109703204517996
69,6,0.9202502047843395,1.721325636198923
69,7,0.9313706158152805,1.770830266152618
69,8,0.9208115401185516,1.61128547686382
69,9,0.9090610871596846,1.5895550915591752
69,10,0.9037940667936364,1.581045893565972
69,11,0.8856202805191926,1.487446293249045
69,12,0.9135863222326495,1.4468595806875957
69,13,0.9415092950754885,0.8672941403570951
69,14,0.9162757150354846,1.027468972603466
69,15,0.9350049553280971,1.387110002223765
69,16,0.9432810255447248,1.4751115509642472
69,17,0.8741961304313324,1.1417266802445065
69,18,0.9106739689398734,1.4377709390759774
69,19,0.9376264873408756,1.451921256564485
69,20,0.9583023920657658,1.2970937663678814
69,21,0.968816433076886,1.1718565426123781
69,22,0.9646349336419457,1.423666183176201
69,23,0.9420436470433335,1.5283679800047392
70,0,0.933156778228904,1.3453982776387203
70,1,0.9516528380195372,1.4712490080541398
70,2,0.9611002010623659,1.609136354550901
70,3,0.9534684278559005,1.7623149770477808
70,4,0.9559726872600691,1.86118607006093
70,5,0.9395931719951094,1.9120443306058021
70,6,0.9317465349510938,1.8490741802901791
70,7,0.9420772453233948,1.7782228365815467
70,8,0.9378800550001125,1.8628632185250087
70,9,0.9233754295362026,1.8831420443690965
70,10,0.9001885676994255,1.5433681198555265
70,11,0.8856748481163399,1.4880764529179928
70,12,0.9166607993341606,1.4830048773719362
70,13,0.941352662492432,0.8690123382428077
70,14,0.9190717569786887,1.091991439529731
70,15,0.9341091184888025,1.38053853874276
70,16,0.9428149724483983,1.4715156906031863
70,17,0.880842114253696,1.3535301426576143
70,18,0.8995932237289392,1.4073977760956864
70,19,0.9311071766067508,1.4221108323544684
70,20,0.9526363599307303,1.2557557283048957
70,21,0.9628416154420204,1.123018218200906
70,22,0.9615050411022648,1.3958824173111037
70,23,0.9403017815780053,1.537234086795869
71,0,0.9308294484135358,1.353011407525818
71,1,0.9470165479290453,1.4629734338362863
71,2,0.9556087139495123,1.6713400778796013
71,3,0.9501016077433448,1.777443701170431
71,4,0.9501856851486427,1.8517294887387563
71,5,0.9418072515206164,1.9042980920608699
71,6,0.9270017889159953,1.86810421672204
71,7,0.939879279086561,1.810114505947416
71,8,0.9312471369299398,1.851211724872548
71,9,0.9230672599055512,1.8803059593118119
71,10,0.9001126951631635,1.5331257800388745
71,11,0.8851029324901785,1.4822442555111768
71,12,0.8611554556216057,1.015060981877068
71,13,0.9317232983628754,0.780939449597402
71,14,0.9090077812934126,1.0396762246123257
71,15,0.9346447319332933,1.3831809886060165
71,16,0.9434521276524594,1.4742227952149074
71,17,0.8705840526357587,1.2960419029783141
71,18,0.8913922588644692,1.3627181822429004
71,19,0.9268949269536715,1.3952285932600859
71,20,0.9485928418494894,1.248981552355221
71,21,0.9589628733632017,1.1067541340839717
71,22,0.9573363399872014,1.3867244695778531
71,23,0.9395523860172393,1.5517172148932605
72,0,0.9330181236441901,1.3859810603698115
72,1,0.9515279280305246,1.5115066849608505
72,2,0.9600305534409057,1.6048133443577086
72,3,0.9550896517900881,1.8191472626350569
72,4,0.9550940417065374,1.8885196931391417
72,5,0.9461947182696777,1.9453144510131555
72,6,0.9300054085657007,1.885495388578569
72,7,0.937945139726286,1.7706489555652523
72,8,0.9273788873759853,1.8295758739265
72,9,0.9227900893993308,1.87763731038885
72,10,0.901819591077857,1.5767715207534936
72,11,0.8849308822147681,1.4801658766931638
72,12,0.8610485107297738,1.0135220371167935
72,13,0.9328360571184104,0.7548324061251437
72,14,0.9059995632018454,1.001164056054551
72,15,0.934591096303704,1.3821751460004854
72,16,0.9435444905287347,1.4732542954534962
72,17,0.9519269471963648,1.546746328589618
72,18,0.9662782698253505,1.535803103935958
72,19,0.9871261428641336,1.4155280955047886
72,20,0.9544765237417357,1.2374088577534983
72,21,0.9630264349004689,1.0991850953577296
72,22,0.9594421191692208,1.3875687262265641
72,23,0.941411395455381,1.562017205920561
73,0,0.9336502536627113,1.3869737958091495
73,1,0.9532840464241992,1.5147932980074446
73,2,0.9597294972744767,1.6052544099790587
73,3,0.9611443188759495,1.8434699454383838
73,4,0.9617852467862998,1.9152657576531755
73,5,0.9530271264998886,1.9695800837977901
73,6,0.9365659766489443,1.9137052118085474
73,7,0.9420716128857699,1.7939635323074645
73,8,0.9308759572186796,1.8151437754686794
73,9,0.906895150356487,1.586452813264831
73,10,0.898329943066087,1.551329751139935
73,11,0.8842361405382035,1.472654951234022
73,12,0.8600033935476438,1.0040978065028607
73,13,0.9316967321704792,0.7256916652223948
73,14,0.9036811283532741,0.9663002712175528
73,15,0.9351323747521707,1.3861003069532958
73,16,0.944366722672316,1.477188475037328
73,17,0.9528847647090453,1.5492277900349305
73,18,0.9673726063792145,1.537959943830777
73,19,0.9882957557943157,1.417226773126938
73,20,0.9570049460642039,1.2405622606497935
73,21,0.96641902779715,1.1064216818962052
73,22,0.9621355994447032,1.3941769121822896
73,23,0.9400702225137993,1.5605844301856096
74,0,0.9333980870459165,1.369843396968012
74,1,0.9534669199521628,1.4948884081559703
74,2,0.962921048352351,1.6994458348180905
74,3,0.9618568264877285,1.8328411647725766
74,4,0.9620596887337235,1.9057169539781103
74,5,0.93775002878309,1.8951521385331593
74,6,0.9323419818808627,1.8888283602708569
74,7,0.9380687016304023,1.767524822412747
74,8,0.9269292183543301,1.823569829943456
74,9,0.9224183024782802,1.8722661512681882
74,10,0.8998509914036441,1.5926011998438607
74,11,0.8842429808495427,1.471921305025544
74,12,0.9091288414926991,1.2655606867873068
74,13,0.9277021898208915,0.6461673503153644
74,14,0.8958909368160222,0.9006251361361381
74,15,0.9356289065342073,1.3878551610307939
74,16,0.9449554247042579,1.4790125141527604
74,17,0.8761954981698195,1.2156172834547725
74,18,0.9681155977322052,1.537781887229332
74,19,0.9884952746450427,1.4158190214177067
74,20,0.955064551972983,1.2293030803260603
74,21,0.9655442879581662,1.08912732399194
74,22,0.9623484912621982,1.3682199599757312
74,23,0.941662086850507,1.5617998437959157
75,0,0.9325220206860388,1.3850049092677008
75,1,0.9512024811482686,1.4961123936090774
75,2,0.9601528503957838,1.696477153938615
75,3,0.9562095838981589,1.7973318498498174
75,4,0.9540914487403009,1.8440009616425312
75,5,0.944915762556958,1.9032730086436076
75,6,0.9251085128149095,1.8379582280513902
75,7,0.9320808613188368,1.723443378688772
75,8,0.9264301629522964,1.819302416751368
75,9,0.9221748477229138,1.870046879387687
75,10,0.9008921700720718,1.6107843000815167
75,11,0.8837840884143813,1.467098788772718
75,12,0.9051837421780247,1.1629224419609567
75,13,0.9220029232508099,0.5637607003972218
75,14,0.8886041964818656,0.8462860381268178
75,15,0.9354654827330243,1.3863697968036317
75,16,0.9449544523330196,1.4781482757225728
75,17,0.8661285913769455,1.1501214959296902
75,18,0.9681506806392953,1.5368016579961705
75,19,0.9885440551089273,1.4147565724940705
75,20,1.0075388009295008,1.3999556329859646
75,21,0.9555687748730587,1.038592409927235
75,22,0.9557273466470791,1.3138443334590884
75,23,0.9392342909457648,1.5429785944053314
76,0,0.9281277362813692,1.3717332929779475
76,1,0.9439966728371837,1.4677765977237995
76,2,0.9545015053381074,1.6687205830277607
76,3,0.9525902829592291,1.7796915039208887
76,4,0.9531187893232524,1.8615559484541033
76,5,0.9437483557834261,1.9149788000508212
76,6,0.9254004972252692,1.8483676008410455
76,7,0.9370725864619005,1.7551181172069854
76,8,0.9264679492234454,1.8198883044222511
76,9,0.9221538881989965,1.8700235948177897
76,10,0.914001112305391,1.8397600389740885
76,11,0.8833123850359408,1.462264234086781
76,12,0.904010244068028,1.1499121365881146
76,13,0.9237033746461012,0.5845712446053168
76,14,0.8889189397250137,0.8603825744653659
76,15,0.9355154584633313,1.386034143304893
76,16,0.9451944441307469,1.4783011915507638
76,17,0.9541166901142729,1.5505658653964125
76,18,0.968541832419136,1.537393726158407
76,19,0.9881196615157802,1.4130571264996528
76,20,0.9411223028370311,1.2443569568876707
76,21,0.9570821502946402,1.0749595787467525
76,22,0.9592839649788845,1.3458007403021703
76,23,0.9395414811847762,1.561160740871704
77,0,0.925041643005975,1.3864249721185693
77,1,0.9400456120845311,1.474904890274823
77,2,0.9522939027525256,1.6761311391996234
77,3,0.9526556308046835,1.804587629185094
77,4,0.9553882534271371,1.9044881490442682
77,5,0.9506656955847691,1.9846574897310858
77,6,0.932443286850441,1.8965206673188693
77,7,0.940970834256994,1.7560057762353813
77,8,0.924414537975607,1.709191800310605
77,9,0.9221347803153875,1.8706901382280083
77,10,0.914031186397818,1.8408408793021005
77,11,0.8831765155783645,1.4608929918007676
77,12,0.9035623712445916,1.1094364586898244
77,13,0.9230505894277348,0.5463791975187546
77,14,0.8852853553329801,0.8437203672950346
77,15,0.9351558421116783,1.384307997835825
77,16,0.9449103554565608,1.4772656624166576
77,17,0.870927973473335,1.1448667222596298
77,18,0.967979029873175,1.535603573819298
77,19,0.9873170706852664,1.4108284816430228
77,20,0.9444215626697255,1.2321630410029891
77,21,0.9605582346767896,1.070446829118159
77,22,0.9646485691785851,1.3511685990180466
77,23,0.9421997197776079,1.5795703823853249
78,0,0.9235535140025937,1.403839938705345
78,1,0.9378524194952284,1.4781957308298515
78,2,0.950739310863197,1.6772137477376576
78,3,0.9512291140760347,1.815585208578304
78,4,0.952379735901231,1.9091108232803786
78,5,0.9459844042816908,1.9926916173097293
78,6,0.9260287744948775,1.9013794197168359
78,7,0.9378457961702681,1.7551203951583232
78,8,0.9263139813985373,1.8195849988911612
78,9,0.922245454254919,1.8721470915923377
78,10,0.9140950124324242,1.841669603812464
78,11,0.8828673484696996,1.4577026014620593
78,12,0.8754198425437668,1.031194120157461
78,13,0.9234961632806267,0.5392292489020702
78,14,0.882547995947987,0.7997415500447882
78,15,0.9348654128300055,1.383521640543112
78,16,0.9447455180984203,1.4770985252059883
78,17,0.8830065925450442,1.1400381213262052
78,18,0.9680948768080996,1.53619495528587
78,19,0.9872160382867722,1.411256168939965
78,20,0.9547581734842797,1.222348589005985
78,21,0.9675048295017973,1.0863943046739084
78,22,0.9686606746134732,1.3463563938067962
78,23,0.9457846176885955,1.5917669857185934
79,0,0.9755706009388547,1.5472435395372743
79,1,0.9814536216934518,1.5833755312644704
79,2,0.9531067998193233,1.7014614997669828
79,3,0.9485451208508796,1.8139752977213195
79,4,0.951296191620332,1.920717033961727
79,5,0.9444107787172604,2.0025988415749914
79,6,0.9252629300504297,1.9163300658128373
79,7,0.9400349623455768,1.7928288532004935
79,8,0.9263621248050798,1.8208858198865836
79,9,0.9222151888411586,1.8727544975618922
79,10,0.9141275615275325,1.8425872316408713
79,11,0.8828994522656143,1.4581350707109615
79,12,0.8984243276205013,1.0342625963808283
79,13,0.9193313150781892,0.5149473131496314
79,14,0.8795904209923638,0.7896677593085903
79,15,0.9341195687602185,1.381875982362387
79,16,0.9437379831840393,1.4751470415411467
79,17,0.9520199783933035,1.547786640758531
79,18,0.9664493983706332,1.5359878018210162
79,19,0.9860075741185959,1.410373945235433
79,20,0.9606005497168203,1.1939739466832886
79,21,0.9721377164279387,1.080114343340762
79,22,0.9718652142484246,1.343938289231338
79,23,0.9431671613185142,1.5827576184226977
80,0,0.9762144359684114,1.5362792046871765
80,1,0.9386661062161256,1.5057151789881988
80,2,0.9490462339686907,1.7019666829679776
80,3,0.9455882863935109,1.8152731139986233
80,4,0.9491842748710727,1.912343546545944
80,5,0.9401194255042712,1.9933639663257736
80,6,0.9219736200113147,1.9100022333216233
80,7,0.9374590865351797,1.7736770751023028
80,8,0.926303473204954,1.8202797767419403
80,9,0.9222966071865701,1.8733852281451562
80,10,0.9143381723871943,1.84415668703503
80,11,0.883091358931044,1.4592115818146905
80,12,0.8924345467104831,1.0510753541277542
80,13,0.919100157684653,0.4879690689694205
80,14,0.877462398149261,0.7782794329519305
80,15,0.934452870131637,1.3845620343495328
80,16,0.9441512582321178,1.4765133862694069
80,17,0.9522699765387249,1.548169035325123
80,18,0.966373610566779,1.5346841130766533
80,19,0.9856891216054398,1.4099510952993297
80,20,0.9641004986522499,1.2047686591096318
80,21,0.9781552133956058,1.0875492754033627
80,22,0.9760104739411528,1.3492784479345514
80,23,0.9433897953035769,1.5963618462636493
81,0,0.9779909748926779,1.5477881578473083
81,1,0.9824131357812836,1.6248351494616469
81,2,0.9772128525971794,1.7474110300856496
81,3,0.9432090823325894,1.6901068268340251
81,4,0.94023609344382,1.797620093674586
81,5,0.9360372208110241,1.8798272535046092
81,6,0.9143789276846104,1.8622630172260068
81,7,0.9343619502883811,1.7499357474561457
81,8,0.9266493404908575,1.8233679698990586
81,9,0.9226008466484951,1.8761327633776297
81,10,0.9146523304221109,1.8467875893421706
81,11,0.8831896989221301,1.4588657341543312
81,12,0.8899112551285242,1.0372674082876152
81,13,0.9199761921800741,0.45670532401633857
81,14,0.9438920685245553,1.036693360042892
81,15,0.9345575989429744,1.3854363203756623
81,16,0.9439858515949466,1.4768790038988788
81,17,0.9515116315678592,1.5481438835753458
81,18,0.965193686046962,1.535138950953331
81,19,0.984400018023156,1.4098142164487575
81,20,0.9758429352939565,1.1879594983021464
81,21,0.99358107670724,1.069576210538417
81,22,0.9908776032645176,1.3453424062151402
81,23,0.9517960153169396,1.5952592020347138
82,0,0.9787808275190991,1.5563789052316448
82,1,0.9813929718119913,1.6211783309293473
82,2,0.976064071375285,1.7405366577719577
82,3,0.9429799589157717,1.6889538289467596
82,4,0.9400571907110598,1.7966359997473476
82,5,0.9358595414431704,1.878538679399541
82,6,0.9293000378493409,1.929005120680312
82,7,0.9287218990200294,1.7479479078788582
82,8,0.9267828944261118,1.8244596746398731
82,9,0.9229279691247525,1.878887772361297
82,10,0.9152282346297588,1.8515826618214943
82,11,0.883449914813354,1.4608651120762595
82,12,0.875016538161916,1.0077259342743972
82,13,0.9201328217472872,0.4546700080972874
82,14,0.9457525186791322,1.1338504484758727
82,15,0.9346998724470618,1.3867093846981162
82,16,0.9443363123414017,1.4782482561637362
82,17,0.9513102451742792,1.547912075296134
82,18,0.9644970547674865,1.5341165412649058
82,19,0.9834822741838504,1.4088122560502425
82,20,1.0120918745797656,1.3202283137870374
82,21,0.9998242961264147,1.1119084104984003
82,22,0.9963970254970667,1.3743288414400574
82,23,0.9588973748735741,1.6346672551368928
83,0,0.9849718414020455,1.572368032648029
83,1,0.9813954699510871,1.61749093426485
83,2,0.9764413415120502,1.7356905492880341
83,3,0.9420687718433186,1.6835560356645147
83,4,0.9393898633271657,1.7925437887808977
83,5,0.9352512571844919,1.8743340070885126
83,6,0.9286915392917364,1.9245889768274558
83,7,0.9281920663029175,1.7439464851523805
83,8,0.9264324723939782,1.821889268908437
83,9,0.9224885799224266,1.875561311268703
83,10,0.9147402450014293,1.8475643942366604
83,11,0.883008963624585,1.4562939065570126
83,12,0.9028345846983561,0.929565124706341
83,13,0.9182212978731799,0.45348338336564
83,14,0.9465128583382282,1.136134661570017
83,15,0.9340735504024912,1.3839897262206713
83,16,0.9435384231741725,1.4750438458607271
83,17,0.9506808839476152,1.5451694178166786
83,18,0.963796346692112,1.532514760983343
83,19,0.9829863194706194,1.4083520726095724
83,20,1.0150479824040906,1.381658509836066
83,21,1.0055678715837906,1.0701271273172934
83,22,1.0044210831840907,1.3389853359782706
83,23,0.9684118200504812,1.625005100611456
84,0,0.9859650953642205,1.5935858336206894
84,1,0.9812326301008368,1.611106343628504
84,2,0.9758105883149388,1.7252312901597584
84,3,0.9414660595955197,1.6793242520830756
84,4,0.938995566374966,1.7895692063968873
84,5,0.9348488687780309,1.8711974740290582
84,6,0.9284736692373422,1.9226192016463135
84,7,0.9279730724792297,1.7416703812616354
84,8,0.926155475511131,1.8189203100737312
84,9,0.9223513770295937,1.8739693116017537
84,10,0.9144654231682984,1.8446968220486164
84,11,0.8826020200699598,1.4518619306707317
84,12,0.8898987824610924,0.9973029382904075
84,13,0.9189581576040514,0.4195113353731652
84,14,0.9465807835636559,1.126069438086281
84,15,0.9333353143057965,1.3802753964422911
84,16,0.9428961398623072,1.4725356968192074
84,17,0.9500601944717602,1.5432079819055273
84,18,0.9629433536234875,1.531042720439804
84,19,0.9820668694017752,1.407275787001069
84,20,1.0149078303030943,1.3748365558086055
84,21,1.014125981438197,1.0653162524227364
84,22,1.0135993904934073,1.3374247194550963
84,23,0.9791733344086898,1.6344176426077772
85,0,1.0045422730599547,1.6633901225812395
85,1,0.9800226782619209,1.5992664366696439
85,2,0.9744288775240417,1.7150159331258112
85,3,0.9410777246611454,1.6757839525112361
85,4,0.9386854269131413,1.7864726789228957
85,5,0.9345867700822101,1.8683218791306007
85,6,0.9282764305982283,1.9201163946438198
85,7,0.9278242632969743,1.7396023294467744
85,8,0.9261101179972886,1.8178320224637414
85,9,0.922414829372048,1.8737753809813316
85,10,0.9146711854069346,1.8458683902837896
85,11,0.8826543718382824,1.4515146656309188
85,12,0.8962605522613667,0.7601650669072035
85,13,0.9175985790334208,0.3910623767535386
85,14,0.946468525063633,1.1098957853067617
85,15,0.9337424417337811,1.382285255677223
85,16,0.9434392860070822,1.4746509298109847
85,17,0.9504033551363669,1.5443670372941982
85,18,0.963601171809006,1.532694974665417
85,19,0.9825601987100607,1.408156444295372
85,20,1.015458994518596,1.3626088524785658
85,21,1.0279118432757364,1.015600206361155
85,22,1.0271631936556467,1.2939044049622652
85,23,0.9862405439388072,1.6116721434334893
86,0,0.9434215669563637,1.487733597724259
86,1,0.9798255301704347,1.584589142217419
86,2,0.9738089925914734,1.697497177367118
86,3,0.9406472587751045,1.6730317642025656
86,4,0.9385060537591948,1.7852675878231494
86,5,0.9343458653887213,1.8662850983778108
86,6,0.9278960072309206,1.9168196152182602
86,7,0.9278108690953031,1.7393436912456144
86,8,0.9261754132035718,1.8184134488056227
86,9,0.9226075116166202,1.875559184330449
86,10,0.9147392090806908,1.846459802994685
86,11,0.8822962736155223,1.4482697436925216
86,12,0.8883059198507323,0.6628797762234169
86,13,0.9133921148598297,0.3602278735816091
86,14,0.9468800597328538,1.099415496173069
86,15,0.9335958005318453,1.381154018299544
86,16,0.9434040879292988,1.4741054570670777
86,17,0.950644874028725,1.5443082971642337
86,18,0.9634101807315084,1.5319292068693704
86,19,0.9823028965944517,1.4073425481286126
86,20,1.016624773328948,1.3562475355380408
86,21,1.0309083198111608,1.0155411430635461
86,22,1.027981620270273,1.2977022831147067
86,23,0.9908780433386122,1.6300155728671053
87,0,1.0076553988994574,1.679260516499181
87,1,0.9779745310726102,1.5722431729165116
87,2,0.9728044280238264,1.687763029799012
87,3,0.9403157049864204,1.6703852305800282
87,4,0.9380973530649842,1.782321245021206
87,5,0.9340718453268113,1.8641799748121908
87,6,0.9277970009972053,1.915982065499165
87,7,0.9278082814296508,1.7393676114197678
87,8,0.9262460419330136,1.818846897390633
87,9,0.9226939062073939,1.8764039954185738
87,10,0.868811264338629,1.400274790469862
87,11,0.8821518478276522,1.4464355780363087
87,12,0.8951912051743038,0.6756688665333046
87,13,0.9293043523665646,0.7390679960867185
87,14,0.9456990406467218,1.0896446439688376
87,15,0.9336955211936826,1.3816856175964034
87,16,0.943439846645178,1.4739898069166166
87,17,0.950108926514714,1.5440518332538407
87,18,0.9629396246542223,1.5317224812815171
87,19,0.9814621762814911,1.406475822010833
87,20,1.0154963220534314,1.3531477401266985
87,21,1.0394796106854312,0.9851461738325966
87,22,1.0348498714328502,1.2763738869465018
87,23,0.9946358914409719,1.6174797860820576
88,0,0.9431558164662625,1.4962811328843717
88,1,0.976795267271446,1.5607899955355953
88,2,0.9718434847004994,1.67781650652293
88,3,0.9397811405537035,1.6669797186650663
88,4,0.9374830692657857,1.7780799468380815
88,5,0.933174275052948,1.857820293153094
88,6,0.92697775350316,1.909846494928854
88,7,0.92706534851944,1.7337979413085445
88,8,0.9256712710114711,1.814542722574204
88,9,0.9224251042624892,1.874736956335161
88,10,0.8577682453082859,1.3380202528334633
88,11,0.8819993922620851,1.4448169519870824
88,12,0.8904558574829003,0.6275678595781256
88,13,0.9311242239495615,0.7458488848274109
88,14,0.9461015728580199,1.079777168529016
88,15,0.9326679001774583,1.377487162121823
88,16,0.9423917395540159,1.4709151655864399
88,17,0.9488642780937899,1.5423951115277896
88,18,0.9616031128092728,1.5311347109981739
88,19,0.9800122807063615,1.404790388454395
88,20,1.0152523411167393,1.3587096465284434
88,21,1.0079413152373287,1.3001918281343774
88,22,0.9909698510995093,1.5070433501317284
88,23,1.0259585247828815,1.7458242744545893
89,0,1.0125978692685915,1.6898885539944057
89,1,0.9749564119891015,1.5561856789126465
89,2,0.9704055134927112,1.669397392702436
89,3,0.9393794501670022,1.6641658912362447
89,4,0.9369359596271305,1.7739548653732609
89,5,0.9326555511611807,1.8533169884100569
89,6,0.9266290679661499,1.9065237191682107
89,7,0.9267904377241024,1.731016567949187
89,8,0.9256224474877985,1.8133271974479535
89,9,0.9224609718425337,1.8740295170489514
89,10,0.9145823666341806,1.8445018247477185
89,11,0.8820872658639887,1.4448757168015465
89,12,0.9011543930814905,0.6483750419265917
89,13,0.9309028543109324,0.7391534584019834
89,14,0.9460711871258716,1.0773929965832152
89,15,0.931711364403586,1.3739790321802414
89,16,0.9418184044208475,1.469798896540774
89,17,0.9481247254767954,1.5414784606155836
89,18,0.9610700360985829,1.5311637197213912
89,19,0.9793276618671064,1.4050039859226287
89,20,1.0144284173153562,1.3530898216428797
89,21,1.0360568878245295,1.2323558307216596
89,22,0.9898231269084509,1.4964525555164934
89,23,1.0230656764308967,1.7470346800305256
90,0,0.9891174469590799,1.594205143462437
90,1,0.9747180014968578,1.54676819368529
90,2,0.9702113701922979,1.6537813535230264
90,3,0.9387219805728232,1.660894573694399
90,4,0.9364496839184776,1.7714807431075184
90,5,0.932264822743967,1.8508046111239074
90,6,0.9260741339447689,1.9024824599652117
90,7,0.9263312198515192,1.7275176897135056
90,8,0.9248978663259039,1.8076363117550995
90,9,0.9217586062588329,1.8682983725025404
90,10,0.9139359512547341,1.8390754753905971
90,11,0.8819131897641463,1.443554256902389
90,12,0.8877397625365019,0.9537080900100965
90,13,0.9319798057427078,0.7279163790723367
90,14,0.9459008845309,1.0621273340093358
90,15,0.9315771344090457,1.3738789304085257
90,16,0.9416561734443566,1.4703830235979476
90,17,0.9481885465081655,1.5427792237329134
90,18,0.9605674166944045,1.5304380832171072
90,19,0.9782085895779252,1.4033339419509474
90,20,1.0135375104063047,1.3472881774431524
90,21,1.040922401447486,1.1916871832221858
90,22,1.0273302146094545,1.4544596467665514
90,23,1.0269079386149167,1.7283115253505956
91,0,0.9878420740086093,1.5857225322829898
91,1,0.9738904402744679,1.5404441431752178
91,2,0.9693313237363445,1.6474977922810614
91,3,0.9374772811304993,1.6536846034904993
91,4,0.9353796285754211,1.7648100098838968
91,5,0.931372194251173,1.8450249092204145
91,6,0.925506660729835,1.898346057400341
91,7,0.9258101171650578,1.7238293184845663
91,8,0.9440888442845272,1.8289029314295888
91,9,0.9213560766665712,1.865179653126451
91,10,0.9136058389493225,1.8362559795855342
91,11,0.8819397024913848,1.4433467337965094
91,12,0.908895988321332,0.9235123193788779
91,13,0.932647311128888,0.7267096282650937
91,14,0.9463862090700831,1.0569521461155493
91,15,0.931889558461308,1.3755562164361947
91,16,0.9426190284710185,1.4732322754489697
91,17,0.9486896614706379,1.5434747332913314
91,18,0.9607784856703525,1.5301621568645363
91,19,0.9778107457986087,1.402230532678975
91,20,1.0130761627557945,1.3427563045658832
91,21,1.0407315553606644,1.1794568327219688
91,22,1.0258028792305052,1.446083935951377
91,23,1.026203521502554,1.7240708466707084
92,0,1.0125262678784488,1.6847759197427443
92,1,0.9725508785153776,1.5315248633877483
92,2,0.9676658082612203,1.6400883204947785
92,3,0.9371002026628807,1.6565674690306638
92,4,0.9352072075523526,1.768389534623715
92,5,0.9311929462703515,1.849305435995589
92,6,0.9254293363786706,1.902739433216027
92,7,0.9254026758520005,1.7267110502878928
92,8,0.9432039621775473,1.8351898111643996
92,9,0.9387293850368998,1.8926147135541396
92,10,0.9134207651459268,1.8365815199044024
92,11,0.8820571375819243,1.4442182093481672
92,12,0.8887788696685449,0.9380572074742437
92,13,0.9335194895455641,0.7066106423324952
92,14,0.944394778543013,1.0527090063561024
92,15,0.9319156815782458,1.3729923310464778
92,16,0.9421784277131212,1.4731637745612929
92,17,0.9476849325382296,1.5424175398634334
92,18,0.9596188900536358,1.5280355378434773
92,19,0.9765325933065522,1.4011796381970232
92,20,1.0130454518489875,1.32854275220431
92,21,1.0577572154266324,1.067702520331181
92,22,1.0272571129334003,1.4419480214810743
92,23,1.0271176613537278,1.7267770712145447
93,0,1.0122538250941053,1.694489001155699
93,1,0.97093211506267,1.5277771497298325
93,2,0.9664386659960035,1.6334175665182635
93,3,0.936675815784048,1.6520109486731285
93,4,0.9351767037597765,1.7638385114870883
93,5,0.9312276920767646,1.8433279062683927
93,6,0.9254733836450129,1.8970030983761066
93,7,0.9492273508279979,1.7598545822291085
93,8,0.9441065972554149,1.830062100456387
93,9,0.9218549193654525,1.8654573956536629
93,10,0.914465966014164,1.8365814776565723
93,11,0.8830809314665037,1.444922844070606
93,12,0.8880327469034699,0.939881044097642
93,13,0.9344365631702483,0.7094797262617467
93,14,0.9440195624800615,1.0508206924058534
93,15,0.931511516073366,1.3660878297857426
93,16,0.9421543163710265,1.46650577262651
93,17,0.9482786449899612,1.5296688023614688
93,18,0.9599913898618446,1.516708089950975
93,19,0.9767731576157626,1.3920964969536982
93,20,1.0124326932542165,1.3208389221975292
93,21,1.0452946729348354,1.1644937677915683
93,22,1.027272713853189,1.4432587294115353
93,23,1.0280190027270395,1.732229359829513
94,0,1.0140958452248658,1.702783619835927
94,1,0.96967563719704,1.520710035660148
94,2,0.9657882486653423,1.6277735505180388
94,3,0.9368116318889518,1.6427799956471738
94,4,0.9353152842387089,1.756310984928727
94,5,0.9315421467000812,1.8360846718812192
94,6,0.9257977858774963,1.8909780059562287
94,7,0.948405097639539,1.7450061335746652
94,8,0.9433024708482213,1.8170602750606581
94,9,0.938699025279184,1.8714870504925722
94,10,0.9311033882568643,1.848367209744609
94,11,0.8827917521420894,1.4438977535524864
94,12,0.9222127897308283,0.6705317391376663
94,13,0.9355131141156899,0.7095903937373287
94,14,0.9439198893300995,1.0385034119495498
94,15,0.9319670336218401,1.3730731128871767
94,16,0.942304235305584,1.4729764316124232
94,17,0.9486850959032661,1.533880379636705
94,18,0.9598042116671909,1.5249173333250754
94,19,0.9764970341145971,1.3973730235100774
94,20,1.0121930242274746,1.2991795677029634
94,21,1.0453835977645347,1.141411218071612
94,22,1.0280119404453338,1.415592858280847
94,23,1.0268324003166869,1.7091091383151107
95,0,1.0125274570243932,1.6863864987551904
95,1,0.9686429410269703,1.5159545719295748
95,2,0.9648262649356826,1.6232196971370323
95,3,0.9363902479271793,1.6422221464514044
95,4,0.9352109207975619,1.7546918604880024
95,5,0.9317177284642654,1.8338193669815077
95,6,0.92608928655974,1.8905326263596263
95,7,0.9479708333992171,1.7390063231769908
95,8,0.9425652135786514,1.8114328651105316
95,9,0.9373900433527008,1.867411155405801
95,10,0.9299533864529116,1.8439747738347225
95,11,0.8991843512524383,1.4474211995544544
95,12,0.9338662322473852,0.6677700105200874
95,13,0.9356698395305237,0.6892884014260058
95,14,0.9430362005664297,1.0347579146305732
95,15,0.9322084232448621,1.3730352640878638
95,16,0.9426843016109969,1.472915927719023
95,17,0.9488643026329177,1.534563518913739
95,18,0.9599031948072656,1.5273552574897318
95,19,1.0941542586098758,0.6457639322186948
95,20,1.0125035510589873,1.2957859680290875
95,21,1.108623068271628,0.716018866505741
95,22,1.0260341014682548,1.4072576106640886
95,23,1.0252534725577405,1.7024962061165794
96,0,1.0122328473224225,1.6833685140768166
96,1,0.9663580186096348,1.5229471297116766
96,2,0.9625700908674477,1.6269561104780133
96,3,0.9356301260909157,1.6402831624471759
96,4,0.934475089429032,1.7498374963934409
96,5,0.9313394571828417,1.8292608271574706
96,6,0.9257263827305225,1.8860536809749222
96,7,0.9475138925237522,1.7385152630405685
96,8,0.9422309457883384,1.8151064658717262
96,9,0.9368576240451487,1.8697084461557067
96,10,0.9291778860398249,1.8427869815270987
96,11,0.8977978080463201,1.4423089407281255
96,12,0.9433484422256819,0.6497751182322302
96,13,0.9344109338596092,0.6746114943563797
96,14,0.9428647183063775,1.0310970659959868
96,15,0.9323204932419396,1.3703378396903907
96,16,0.9430059955169758,1.4719344632637146
96,17,0.9492828009589978,1.5324003783146551
96,18,0.9601291601537519,1.52594929723446
96,19,1.089209077630074,0.6210376033897012
96,20,1.0106454806110345,1.2979492213135186
96,21,1.0728129578830743,0.9480966417711878
96,22,1.0251346368524583,1.4057999450360228
96,23,1.0232381073945238,1.7009571455985966
97,0,1.0102924913436944,1.6813303912993303
97,1,0.9658656335979906,1.5177451707997278
97,2,0.9622445869747663,1.6211247517876228
97,3,0.9352527843321007,1.6376562090848532
97,4,0.9339706403779922,1.7495469333256213
97,5,0.9308636257198311,1.8284672502599049
97,6,0.9252924893326492,1.8852870683138965
97,7,0.9471171176919607,1.7377480076674647
97,8,0.9422790320811758,1.8161469638527319
97,9,0.9365331549651682,1.8721796251705123
97,10,0.929178450558879,1.84466052456905
97,11,0.8845233924241367,1.4352297387315314
97,12,0.9542007285862419,0.6388985542053588
97,13,0.9328030744626374,0.6818530996091804
97,14,0.942032847538096,1.030806121867137
97,15,0.9327238741674228,1.3727768590624256
97,16,0.9430913534693085,1.4742088904569126
97,17,0.9489923858965402,1.5351376272672166
97,18,1.1051713149530515,0.3053000390645071
97,19,1.1049191386022694,0.46184206057882893
97,20,1.0463033548250127,1.175005212221076
97,21,1.076364584051627,0.950004075443668
97,22,1.067688290821854,1.2415072713121722
97,23,1.0223779274861982,1.6925292279261597
98,0,0.9744500422036371,1.555675961957557
98,1,0.9637220824311153,1.512121947815184
98,2,0.9603406976224175,1.6153687175588307
98,3,0.9341880663259536,1.6402006418212882
98,4,0.9333411014111632,1.7500147808208348
98,5,0.9304874336812647,1.8277342775671233
98,6,0.9249802480665144,1.883426907757105
98,7,0.946237924363432,1.7387964921881136
98,8,0.9412700167395148,1.8158670340064968
98,9,0.9351474375227425,1.8695423271564588
98,10,0.927633682294167,1.8427435428093168
98,11,0.8848771981099866,1.4258095928607852
98,12,0.9558192245307231,0.6472524190369358
98,13,0.9348334388020549,0.6696771940964004
98,14,0.9421439814287035,1.0226394380149513
98,15,0.9326250903232806,1.3666325571830935
98,16,1.1154997261937598,0.24898578153343998
98,17,0.9490583429523721,1.5242095729913094
98,18,1.127867625216567,0.10840697080959405
98,19,1.1151882522693672,0.3726476521024873
98,20,1.0462317452142578,1.1847170454209692
98,21,1.0818624075933065,0.9143624985769447
98,22,1.0730853521346273,1.2073618041256111
98,23,1.0202219789490476,1.6905878510358945
99,0,0.972716902575411,1.553476731032506
99,1,0.9630887484814399,1.5071446435913172
99,2,0.9599910852787668,1.61421568336126
99,3,0.9338990221513206,1.63791874736888
99,4,0.9331341804218672,1.747701071239139
99,5,0.930371402075265,1.825309827437024
99,6,0.9247548347988029,1.8818309083734814
99,7,0.9258419691144728,1.7085792335158834
99,8,0.9432852932134071,1.813420524780402
99,9,0.9373747520785837,1.8701798594363932
99,10,0.9299020356309915,1.8425398585162398
99,11,0.8842655817266419,1.4303614208639277
99,12,0.96146272301757,0.6324169002504925
99,13,0.9342844630007998,0.6519112945146825
99,14,0.9436012097420596,1.017198800189628
99,15,0.9319770161699527,1.3688618971009463
99,16,0.9425874741499843,1.4704670751918876
99,17,0.9490956039500046,1.5205563463073846
99,18,1.1401961302123063,0.10093780846752143
99,19,1.0657869531835507,0.9640755245875647
99,20,1.0439125111393968,1.1940794550908693
99,21,1.0839324031822604,0.9012769456609719
99,22,1.0743938106357582,1.1964669490118176
99,23,1.0173433746358087,1.695393986722093
100,0,1.0051972506919347,1.6757013595096213
100,1,0.9618839939495404,1.499716998609168
100,2,0.9319267265588717,1.4979057029932408
100,3,0.9330052981669924,1.6360680885065375
100,4,0.9323748335967175,1.7477932126063662
100,5,0.9297407838563758,1.82557642250705
100,6,0.9243095269233643,1.8821293450646328
100,7,0.9256269648116211,1.709937865744349
100,8,0.9432542462976273,1.8210450097846111
100,9,0.9370377086268982,1.8761755266720468
100,10,0.9297231248729414,1.8459293897109874
100,11,0.8837621985359576,1.4324721379714669
100,12,0.9752141920759597,0.608422351582499
100,13,0.9306671632899437,0.643939909199462
100,14,0.9426530776415082,1.0136570224925756
100,15,0.9311766405590285,1.3733304665614998
100,16,0.9419080695916178,1.474967499536545
100,17,0.9484259429171544,1.5210493140224068
100,18,1.1429287307203229,0.07606376097731982
100,19,1.0676278190847937,0.950441795370284
100,20,1.0438504453981068,1.1661748146740836
100,21,1.0852089495518524,0.8785616910390273
100,22,1.077518840163188,1.169120323201363
100,23,1.0676457474697976,1.5833079931955902
101,0,1.0045355078151095,1.6684803143766445
101,1,0.9596626224534168,1.4969171252793645
101,2,0.9311720275652244,1.497517461488738
101,3,0.9325636521443479,1.6355246107085613
101,4,0.9323591130435491,1.748657866941526
101,5,0.9298825917922484,1.8281764364610444
101,6,0.9247220380807902,1.885445803013798
101,7,0.9263610607359117,1.7118458570417439
101,8,0.9441088945031435,1.811429057155318
101,9,0.9378163062282435,1.868223661854456
101,10,0.9297609616457492,1.840113351019435
101,11,0.8842726173892366,1.4332953254304497
101,12,0.9944407761789491,0.5626690870185482
101,13,0.9283516450005891,0.6418636659940029
101,14,0.9432555541114673,1.0047287100471785
101,15,0.9308117088540135,1.373789636560037
101,16,0.9418901454293355,1.4726631421317498
101,17,0.9483018618793098,1.5216150312351715
101,18,1.1447085220984925,0.0626147008318263
101,19,1.0689784596052272,0.957555822714534
101,20,1.0437512350312421,1.164385901422266
101,21,1.0859625511741249,0.8794961717640968
101,22,1.076778838538737,1.1700423159194449
101,23,1.0692986416188204,1.5794259131416704
102,0,0.9682774214846789,1.5392795674981512
102,1,0.9587572063203693,1.4956535541879838
102,2,0.9305761213086527,1.4975995983994106
102,3,0.932349832091152,1.6372180581772335
102,4,0.9322087370078894,1.7517505169545995
102,5,0.9296536327270492,1.829943262285124
102,6,0.9245968321809696,1.88769546127023
102,7,0.9263974097522383,1.7151825437440387
102,8,0.9431109091964084,1.81345422711327
102,9,0.9228327387795217,1.8693930174146332
102,10,0.9285232305692144,1.8465000359023296
102,11,0.8843946312744616,1.438214909240954
102,12,1.0038422707477452,0.5540728987225683
102,13,0.9276444335389802,0.631946640451102
102,14,0.9433670594137361,1.0012194027065044
102,15,0.9298193061105907,1.3783003229982738
102,16,1.1346614996425244,0.19190363458336623
102,17,0.9479329553893738,1.5185569527869553
102,18,1.151869769516961,0.048615858043499216
102,19,1.130936723750976,0.3271342610085366
102,20,1.041601887402804,1.1567507287610468
102,21,1.0905519263563608,0.8348028309926034
102,22,1.0794501700573171,1.1321063603418065
102,23,1.1495578906689892,1.1317317567826821
103,0,0.931995741468486,1.3819755713246011
103,1,0.9291910700264464,1.3744225408065565
103,2,0.9305319132101881,1.4947959914005389
103,3,0.9326004590119736,1.6348321901232186
103,4,0.9327500886428758,1.7485758415883381
103,5,0.9299872466915852,1.8289533671075127
103,6,0.9246190336145746,1.888750940519613
103,7,0.9265034717691307,1.7177097741453453
103,8,0.9418615269752673,1.8136444928429298
103,9,0.9223661274724372,1.8758357208883913
103,10,0.9271165691813641,1.843294891867167
103,11,0.8843532011325056,1.444294462549927
103,12,1.0015517593703342,0.5406571540967458
103,13,0.9264264025963492,0.6202475384877677
103,14,0.919567546437051,1.0835699391195694
103,15,0.9291246626305518,1.3847024604430596
103,16,0.939986084296554,1.4909980642639908
103,17,0.9471290499036588,1.5313891456415982
103,18,1.1409926477167707,0.11547649567063978
103,19,1.1300333957803663,0.3248696884537621
103,20,1.0427288703172088,1.134460033822081
103,21,1.0930069639492674,0.8118485384146163
103,22,1.0803094111088993,1.1066169412403575
103,23,1.0742827323314432,1.5211022174694513
104,0,0.9309838579717775,1.388719137842625
104,1,0.9286844747243106,1.3795609342138833
104,2,0.9302722168414822,1.4980590925539694
104,3,0.9324135622335158,1.6380476212971788
104,4,0.932409572005406,1.750457011682321
104,5,0.9296167633652651,1.8292702255861062
104,6,0.9245297145567674,1.886447265227051
104,7,0.9263613094747745,1.7145090016282793
104,8,0.9250298046440922,1.8046204963113965
104,9,0.9222165053420215,1.8730494552643024
104,10,0.9158184211429735,1.8418962218450727
104,11,0.8846537798133433,1.4390208144176535
104,12,0.9201817367810526,0.7002820874310839
104,13,0.9278860227661899,0.6057432591531153
104,14,0.9194928625987246,1.0707021146374989
104,15,0.9289869631984953,1.3786869759928395
104,16,0.9396984301716768,1.486268014975228
104,17,0.9470125003789494,1.5237110443823045
104,18,1.1384736507304618,0.1377128263114411
104,19,1.1337038714515142,0.312858800836886
104,20,1.0406163087868279,1.138645366257819
104,21,1.094246930820457,0.8084494695722659
104,22,1.075064955710973,1.1229722687256354
104,23,1.1540349047576695,1.092505895721538
105,0,0.930574335071859,1.386468154318674
105,1,0.928329200349887,1.3783197869470465
105,2,0.9297170639958949,1.4947678277615095
105,3,0.9321775124176215,1.6336751527834656
105,4,0.9324434598057788,1.7434613745732455
105,5,0.9300869820228943,1.8187067934662131
105,6,0.9252089611938302,1.8766242145610874
105,7,0.9273491198229136,1.7044197061649813
105,8,0.92621064317669,1.7941988565565798
105,9,0.9233159774405638,1.8643757912010188
105,10,0.9170028740723891,1.8337294245467333
105,11,0.88559652442214,1.430273503647231
105,12,1.0204149818865076,0.5059012403395469
105,13,0.9272495718315502,0.5859954251389254
105,14,0.9190702821524096,1.064802376077981
105,15,0.9278174093385928,1.3772950452361226
105,16,0.9381691873900104,1.4880295417252425
105,17,0.9464071757930316,1.515579037385045
105,18,1.130700071897195,0.1639107046735333
105,19,1.1333335488801137,0.32840844021983706
105,20,1.0401932746668605,1.12122680952925
105,21,1.0936812811067183,0.7908225375346634
105,22,1.0734478944287138,1.116589766825074
105,23,1.153472279732348,1.0975657084454253
106,0,0.9308715796996968,1.3809805247753015
106,1,0.9289329222456516,1.3711089596593338
106,2,0.9303985072854007,1.4865286437782292
106,3,0.9330780837935898,1.624811631722864
106,4,0.9335631127376068,1.7353824277364334
106,5,0.9316571968456703,1.8069849500445465
106,6,0.9273218199711392,1.8622981206203222
106,7,0.9299564898667388,1.689358830132526
106,8,0.9286320130663591,1.7813898249490756
106,9,0.9259039474891557,1.8511726928967
106,10,0.91916494370452,1.8211028442120625
106,11,0.8876060475281018,1.4179588711976994
106,12,1.0244686490572663,0.4966380137414472
106,13,0.9267827927082054,0.5886530168714552
106,14,0.9201489644954871,1.0581837900511575
106,15,1.1081125421317852,0.3761438665839698
106,16,1.1396409957033844,0.17954656910498024
106,17,1.1541865892134413,0.049274251011746095
106,18,1.146856195390671,0.08708118983994062
106,19,1.1518176516493452,0.23884394271718357
106,20,1.1602366022444255,0.33318263470683895
106,21,1.1594603833194115,0.39239909091101843
106,22,1.159468283450676,0.6683959572881522
106,23,1.1630862857259776,1.0572296829091545
107,0,0.9309154246370118,1.3714112683124418
107,1,0.9292669505585677,1.362974013268138
107,2,0.9309198693448163,1.477896863501742
107,3,0.9339221853271537,1.6162052090030405
107,4,0.9343317795559211,1.727992705898405
107,5,0.9325868666291022,1.8003999776652624
107,6,0.9285389454808808,1.8553969404710513
107,7,0.9314543549748365,1.6820652680073958
107,8,0.9301490032051005,1.7736005696460864
107,9,0.9276199164420131,1.8427711695984414
107,10,0.9209501212950832,1.8115517174845317
107,11,0.8891868390650911,1.4084622507880347
107,12,1.0323824772662242,0.4621956818611246
107,13,0.9553885160017758,0.508816469370148
107,14,0.9201264430544607,1.050273819538881
107,15,1.1169664083852713,0.3051694292885072
107,16,1.1408252472624325,0.11923379142477764
107,17,1.153749722867458,-0.004803485123547446
107,18,1.151179924169832,0.018999856688632022
107,19,1.1550911289561727,0.1944558577636002
107,20,1.1684294793543668,0.26096090393137494
107,21,1.1664506658397218,0.3341961959948385
107,22,1.164734519934023,0.6150138438636681
107,23,1.1772680057213134,0.9723044324415735
108,0,1.1051413151304843,1.3708431435963044
108,1,0.9290396608481423,1.357489260138478
108,2,0.9308422486856678,1.4734109798403852
108,3,0.9336174241621065,1.6170813456249684
108,4,0.9340920190758282,1.730444605416463
108,5,0.9324859754552816,1.8039414648068237
108,6,0.9283941504793992,1.8599656883548614
108,7,0.9313939718709704,1.683577438216947
108,8,0.9299020646199533,1.775665248241963
108,9,0.927380473797272,1.8450786928798122
108,10,0.9206686058927568,1.8151557115688681
108,11,0.8890846851190797,1.4113005535011198
108,12,1.0360063651788982,0.4307895504249215
108,13,0.9597768908430881,0.487405523337614
108,14,0.9194388252408671,1.0488945031935355
108,15,1.115361459026215,0.30800849711894696
108,16,1.1372795269010516,0.13279787526267572
108,17,0.9463179477659658,1.5164346961844242
108,18,1.1474280523268687,0.04323718272095611
108,19,1.1525574736499828,0.19155108439520419
108,20,1.164252956787969,0.2733087454973031
108,21,1.1642150224504788,0.33678586230046115
108,22,1.1645013621398415,0.5831815835453789
108,23,1.1759008148153929,0.937936991584988
109,0,1.0967321622190274,1.3734456459674602
109,1,0.928938156033157,1.3493644481407454
109,2,0.9311834180621291,1.4644901684101619
109,3,0.9339728143899116,1.611001383068381
109,4,0.9342646464642048,1.7259789174204
109,5,0.9325529240219476,1.8001340325390773
109,6,0.9282221477032687,1.8570236939240996
109,7,0.931122886625815,1.6807469646671267
109,8,0.9296370812764947,1.775092143541149
109,9,0.9269751573950178,1.846519313134025
109,10,0.9203543272460573,1.8171229613503797
109,11,0.8891073456940395,1.413533745064761
109,12,1.0314779226188993,0.41924858708942025
109,13,0.9600352244306669,0.48811040512638293
109,14,0.918680130495348,1.0465064462960498
109,15,0.9259606621682831,1.3817576211979414
109,16,1.0839561035862484,0.4870085692755577
109,17,0.9452796740623475,1.5212105851615867
109,18,1.1452894981379953,-0.0024612439265006003
109,19,1.149406800671337,0.15729987363714493
109,20,1.1600582213447812,0.24264441162355688
109,21,1.160606390052705,0.30358576641325286
109,22,1.165812620664582,0.5350371301707497
109,23,1.1778422939219368,0.8868341240466897
110,0,1.0997634965376297,1.3413292707481244
110,1,0.9283073952029898,1.350118324624077
110,2,0.9306410148514417,1.4648456226832112
110,3,0.9332938502405189,1.610834585278655
110,4,0.9337743880394734,1.725105076253747
110,5,0.9323030125944146,1.8004955591923646
110,6,0.9279835375597043,1.8580625363526617
110,7,0.9309443042574677,1.6804011386704196
110,8,0.9295149455426688,1.7736710302033933
110,9,0.9268222572235433,1.8446003438271608
110,10,0.9198775914215855,1.817033104237306
110,11,0.8888080917420992,1.4138559214065796
110,12,1.0314050271559612,0.42508855317662464
110,13,0.9578378030192695,0.4876072567066454
110,14,0.9184722378459328,1.0430733635695102
110,15,1.1110815227483968,0.3079287440250891
110,16,1.1356062480030362,0.10971955804695277
110,17,0.944878675686415,1.521402086196474
110,18,1.1464001941452164,0.023255264759775685
110,19,1.148176556671149,0.14909030392843015
110,20,1.1574809070214076,0.2488797508118914
110,21,1.1609269882395645,0.26225843446087715
110,22,1.1643881362284316,0.5061781303741046
110,23,1.1752587163298658,0.8772240790340602
111,0,1.099292751199215,1.3256280845856958
111,1,0.9273918312256666,1.3497768986385195
111,2,0.9297028795867261,1.4645671309627417
111,3,0.9324620881375213,1.6106290892998563
111,4,0.9333995457270324,1.724849643400184
111,5,0.9320104866951444,1.8021624220154995
111,6,0.9280052051974131,1.8582955025887897
111,7,0.9311011585409482,1.6797047064143569
111,8,0.9298221146285044,1.773071889206691
111,9,0.9270551745580821,1.845575438586333
111,10,0.9201002790810997,1.8187943804892626
111,11,0.8889718824460623,1.4129660254368268
111,12,1.0193089077555992,0.4506273621602195
111,13,0.9558935258979371,0.4743696216611184
111,14,0.9189801755052726,1.036153260814042
111,15,1.1148682519932602,0.25432943425842147
111,16,1.1384762759646598,0.06465445949183568
111,17,0.9459512140777293,1.5081596944548652
111,18,1.1514756524568355,-0.017542397339070703
111,19,1.1528196616490571,0.08775899787017671
111,20,1.160132575102192,0.18021956206763257
111,21,1.162681036446294,0.18778586978558742
111,22,1.1652314542810813,0.43539602454734627
111,23,1.1786550843867198,0.7984176100857026
112,0,1.1072453802800817,1.2910544104646275
112,1,0.9263032809951376,1.3519563472239522
112,2,0.9289289907259889,1.465260238812275
112,3,0.9317770193440472,1.609771032210098
112,4,0.9327210519727859,1.7221680263495558
112,5,0.9313650205709486,1.8016631760723354
112,6,0.9274264482226755,1.8596660064130466
112,7,0.9303165859882236,1.6833282083802124
112,8,0.9291364922490001,1.7750048460472505
112,9,0.9264450659056445,1.8451344097991036
112,10,0.9198772203465115,1.816864788194854
112,11,0.8889485809058749,1.4094789326296329
112,12,1.0098118199327153,0.4643497800390364
112,13,0.9569303958313099,0.46372325335652675
112,14,0.9193883403648079,1.0262100839925514
112,15,1.1080119619612057,0.318820967568052
112,16,1.1316027940655686,0.1152459967193824
112,17,1.1514348194055728,-0.05258233242347998
112,18,1.1502417940683798,0.02533195753044204
112,19,1.1518661881006484,0.11831513177421726
112,20,1.1581279690842865,0.20166546928839857
112,21,1.1639561805851064,0.1857843103305843
112,22,1.1648620961523586,0.42368887260822063
112,23,1.1765531499608717,0.8096275387647136
113,0,1.104931748788183,1.3234342922742925
113,1,0.9254050712551043,1.3529418995149012
113,2,0.9282545244030375,1.4627570560938392
113,3,0.9315558637806006,1.604833501789937
113,4,0.9326616968384969,1.7153485898085128
113,5,0.9314278500774692,1.794317589669952
113,6,0.927650113802892,1.8517670214255948
113,7,0.930742633053156,1.6739700494136147
113,8,0.9297179810851043,1.7660892981292526
113,9,0.9270846456907162,1.8371491398742488
113,10,0.9204084457835159,1.8101812632593943
113,11,0.8892555485195175,1.4038974985218293
113,12,1.0017643944018662,0.4731456418755724
113,13,0.958158898582958,0.46406368523719
113,14,0.9192888232488207,1.0280950885482545
113,15,1.1098149167304376,0.29315982889091163
113,16,1.137759474977649,0.07755970734059225
113,17,1.1557934239650105,-0.06942698325301855
113,18,1.155808812330841,0.0034587080393357894
113,19,1.1584498441040516,0.06845911633107882
113,20,1.1646403841976094,0.14730424064676484
113,21,1.1710547488368743,0.10884093643620751
113,22,1.1689918969961492,0.3696688158942578
113,23,1.1823798724327246,0.7328127217978189
114,0,1.112798974778847,1.2561543925797256
114,1,0.9251832756857551,1.352298665112854
114,2,0.9280126986833896,1.460464011875029
114,3,0.9311939962847536,1.6012353141844846
114,4,0.9326180806838026,1.7106891771578843
114,5,0.9315348895961273,1.7899189007932783
114,6,0.9277929910260592,1.8477038285743372
114,7,0.9306829872774508,1.6714516491296245
114,8,0.9295675258969948,1.7641113303511637
114,9,0.9270273263157728,1.8338666886955288
114,10,0.9204547872511354,1.8053323254351175
114,11,0.8896662759473689,1.3992788419211093
114,12,1.0016580699894133,0.41509672597779934
114,13,0.9557352075298265,0.4585682023804676
114,14,0.9196456561874582,1.0232240219385131
114,15,1.1096856780987714,0.2675907400399007
114,16,1.1331973190190117,0.09103142530086217
114,17,1.0987947046665558,0.3009121168380027
114,18,1.148007913607064,0.074046315681489
114,19,1.1593462292473884,0.049555606818405096
114,20,1.1643271197358749,0.14078146103180167
114,21,1.16884460745088,0.10952176819371395
114,22,1.1655418444033372,0.3786082188657218
114,23,1.1840979015888387,0.6971618628636964
115,0,1.116749643623616,1.2139975659629387
115,1,0.924884479509675,1.3493757691384767
115,2,0.9275036300247567,1.4592594831867798
115,3,0.930709851977543,1.5991294868388288
115,4,0.9321771169194222,1.7058695103874655
115,5,0.9310478670799851,1.7840310977055318
115,6,0.9274619551967482,1.8431555907816364
115,7,0.93058583461299,1.6681851592999424
115,8,0.9295304918390854,1.7613238206807749
115,9,0.9268754005119189,1.8313334410262652
115,10,0.9204521460993135,1.8028230939609682
115,11,0.8899917964122658,1.3981889899607804
115,12,0.9891617233439749,0.45320540684267296
115,13,0.9501564286067203,0.4543893018840359
115,14,0.9200158765872595,1.0131769193623823
115,15,1.1066170432407703,0.29988190301014406
115,16,1.1313800747789045,0.11775822772868061
115,17,1.0948395082888398,0.31271103308979065
115,18,1.1432620503829163,0.12582463621450124
115,19,1.1577281411236309,0.0505476777136078
115,20,1.1636508645509682,0.11980259687192074
115,21,1.1713499585672384,0.044076200831812073
115,22,1.1718664279087887,0.2902733342781971
115,23,1.1939558148959108,0.5998065771313126
116,0,1.1258016784666234,1.1774782309132812
116,1,0.9247038478102809,1.3396823558612878
116,2,0.9274401741625325,1.4490284786552978
116,3,0.9305835101943183,1.5902315828110476
116,4,0.9320245705363368,1.6986367384161092
116,5,0.930713518379826,1.7798591060551572
116,6,0.9270666941649697,1.8399341250188228
116,7,0.9300818934244344,1.6651998728097523
116,8,0.9289354806794714,1.7580499694931375
116,9,0.926284143689006,1.8277952361854621
116,10,0.9200515303360155,1.8000511612995216
116,11,0.983240826145016,1.3406080855393028
116,12,0.9829263822090942,0.4895019668904941
116,13,0.946351505347242,0.46528214703350734
116,14,0.9196461059411527,1.003661546367125
116,15,1.1000655227584415,0.3622812622106366
116,16,1.1249940432325483,0.1924225043643979
116,17,1.0928420838979442,0.30686721946329065
116,18,1.1086636636674199,0.24259243113357876
116,19,1.1509191341188076,0.14138090829434624
116,20,1.1561139242124978,0.19670195332793128
116,21,1.1614268510916306,0.13618079871553057
116,22,1.1573587014359712,0.4027745242192733
116,23,1.186053645823701,0.6551163337376629
117,0,1.1162523191045293,1.2496015389084194
117,1,0.9246397802616212,1.3388770646116201
117,2,0.9274049552915696,1.4481142402532239
117,3,0.9303885961435112,1.591215682330862
117,4,0.931506677842408,1.6993143358839826
117,5,0.9304643344451222,1.783145721707096
117,6,0.9270894145654783,1.8444997726663193
117,7,0.9300539049220882,1.6706282467018045
117,8,0.9290588818725591,1.7592802566509462
117,9,0.9262797612477323,1.8313211850983389
117,10,0.9202183264002146,1.8035953813052596
117,11,0.8906201452302677,1.396363611041994
117,12,0.9700411876952637,0.5247342197434479
117,13,0.9403371366975098,0.5022752273331914
117,14,0.9196432309203976,1.0006594924802368
117,15,1.0838180635895,0.46112934887076484
117,16,1.1076781720065432,0.29422427143400576
117,17,1.0844184347978028,0.3601135055142386
117,18,1.0996538737947075,0.3138784250135025
117,19,1.1424831975816307,0.22377081844458324
117,20,1.1495358463175305,0.2650911533478819
117,21,1.1547757869605402,0.18313368816765063
117,22,1.1513488622058694,0.42092371347777835
117,23,1.1816421100336618,0.6559945135730025
118,0,1.125643312656654,1.194892647369442
118,1,0.9242418472112841,1.336686317704296
118,2,0.9270651886558052,1.4464291454101428
118,3,0.9302742715464146,1.5882598262450358
118,4,0.931630559202538,1.6952237969463515
118,5,0.930752119811739,1.7770714975723738
118,6,0.9277130904269725,1.8364310008529512
118,7,0.931073520433064,1.6621355017226387
118,8,0.9302733402641873,1.7523308243218674
118,9,0.9275925185691242,1.8235689496802734
118,10,0.9215868112481591,1.798474339973764
118,11,0.8916709541547806,1.392074876615971
118,12,0.9687210488211052,0.5079548807826946
118,13,0.9678281789567249,0.5674385033079767
118,14,0.9192165250740925,0.9932286509220667
118,15,1.084500526443795,0.44886709930568003
118,16,1.112797018114384,0.2423215088487929
118,17,1.0788787620681137,0.39373676423590886
118,18,1.0963509951121897,0.33271120073452565
118,19,1.1449679522082374,0.21004325672434554
118,20,1.1513483780187554,0.2564065002647453
118,21,1.1520781221286245,0.2020349982939571
118,22,1.1446645082140512,0.44928821571969735
118,23,1.1732945666370942,0.6923563372202004
119,0,1.118809242365949,1.2325806374882697
119,1,0.9232894432136137,1.3416134490749156
119,2,0.9265423062847453,1.4476816264351262
119,3,0.9301202847312723,1.588435736134338
119,4,0.9316014471982949,1.695864364440812
119,5,0.9305427576259806,1.777685157217264
119,6,0.9277292684838738,1.8360572297392306
119,7,0.9309192007204687,1.6619406477336525
119,8,0.9298980390632483,1.7539282763714734
119,9,0.9271303312311812,1.8237215014015375
119,10,0.9212596895280285,1.7997088291109509
119,11,0.8915665176328369,1.3936877501240392
119,12,0.9648820543625471,0.49897996736400607
119,13,0.9750203087599355,0.5349555365130625
119,14,1.0403185230375263,0.5993562714144511
119,15,1.0910220396737365,0.3858209713717109
119,16,1.1181138923969896,0.19909521881805148
119,17,1.0760812740883396,0.40546804102529244
119,18,1.0932195811840961,0.3449563521564656
119,19,1.1461329728747724,0.21953356088424414
119,20,1.141282549987997,0.3568174952017422
119,21,1.1423038657954616,0.28462434585976126
119,22,1.1197320344768167,0.6225588901911081
119,23,1.1459598844448826,0.8553806760226585
120,0,0.920785374191005,1.380193460412901
120,1,0.9232470132367524,1.3394929673010347
120,2,0.9269719532569474,1.4403383408212482
120,3,0.9309812387068509,1.5773494660794505
120,4,0.932328776791073,1.6850372381201497
120,5,0.931292641901408,1.7671436151753364
120,6,0.9286268488838203,1.8269829308177146
120,7,0.9320092353159812,1.654367423329837
120,8,0.9312018298324278,1.7465316286384316
120,9,0.9287054154943593,1.8116619734051094
120,10,0.9228514806320337,1.7881003937234858
120,11,0.9832409087099409,1.258737867073377
120,12,0.9543150930469964,0.5423925556267726
120,13,0.9632701573168195,0.5797480785864844
120,14,1.026710466053519,0.6487087644175578
120,15,1.0802345103529498,0.40341234842274254
120,16,1.1103889636328559,0.20241358965878753
120,17,1.1088607297367228,0.28822706057238356
120,18,1.1132936110066611,0.3994110331622771
120,19,1.1453851396825638,0.1832188882301402
120,20,1.139590683934196,0.3213250814320183
120,21,1.1402053443851277,0.26842639867581575
120,22,1.120802022876802,0.5896644732517213
120,23,1.1428530688676821,0.8487543864066591
121,0,0.9198507362130565,1.3820049362481521
121,1,0.9225074084452624,1.3394857326049037
121,2,0.926283318129173,1.4399426841265122
121,3,0.930610787661303,1.5756688245662493
121,4,0.9321963446678653,1.6823086453651879
121,5,0.9313579358049691,1.7639806468795198
121,6,0.9290152894371111,1.8225734522966803
121,7,0.9326001948884778,1.6483464832130235
121,8,0.9318850526920563,1.7411517117147706
121,9,0.9290977539342186,1.8093813387335271
121,10,0.9231533787849157,1.7873706729879406
121,11,0.9894104826019814,1.2423282559650222
121,12,0.9579754565306953,0.5414147304133587
121,13,0.9616190526615183,0.5812870015310265
121,14,1.0235824787390801,0.6572813565917919
121,15,1.0730416038477146,0.43651792561365355
121,16,1.1034161480879348,0.23045606501696447
121,17,1.0996387137449957,0.3435443672917149
121,18,1.0854690770259774,0.4210476731002526
121,19,1.1320242170358215,0.2357140565420952
121,20,1.1305691082623235,0.3551830417154207
121,21,1.1283821714043742,0.3260010294183342
121,22,1.1049239556630865,0.6606271123045353
121,23,1.1311503631631352,0.8759993118927714
122,0,1.0904498907151392,1.3056535830810105
122,1,0.9211199417546908,1.3416988065936177
122,2,0.9245284943993506,1.4436560868185326
122,3,0.928825943839582,1.579708209640815
122,4,0.9305367164071502,1.685786422710085
122,5,0.9297783318489012,1.7659026168763456
122,6,0.9273591627170388,1.8266246839918123
122,7,0.9310851293116966,1.6535581873243888
122,8,0.9305808723411677,1.7474569421815258
122,9,0.9278662751282755,1.816815796479767
122,10,0.9220290185275486,1.79695739349618
122,11,0.9819401747561192,1.202481032079728
122,12,0.9426287423249945,0.5627508526796943
122,13,0.9489806266343386,0.6182817421862277
122,14,1.0215569902124124,0.6454339788717274
122,15,1.0774265545141162,0.36274265359113933
122,16,1.1057349720866718,0.17113639396601066
122,17,1.107670126144303,0.23102731417983868
122,18,1.0809980263136845,0.4469357163407768
122,19,1.1370292011631928,0.1488643596174093
122,20,1.131850582620403,0.29375299102358277
122,21,1.1277454758964676,0.2924128144385456
122,22,1.1030357510331563,0.6387520335880463
122,23,1.1226032962880679,0.9074794728888094
123,0,1.079981629295334,1.3586884473490084
123,1,0.9196916870736953,1.3474373193009246
123,2,0.9233625264485125,1.4450484015127465
123,3,0.928083993639228,1.5782338247275813
123,4,0.9301163284598165,1.6827968844690284
123,5,0.9295048223764417,1.761346297251725
123,6,0.927268533437484,1.8213163270243928
123,7,0.9314338772282765,1.6460193424367868
123,8,1.0041989084709304,1.785408434480353
123,9,0.9279342099265787,1.8104494231574142
123,10,0.9223883486482559,1.7903278108798033
123,11,0.9940692177751493,1.1223532350814933
123,12,0.9454554200377697,0.5215551783421049
123,13,0.9554666910603435,0.5639179986196554
123,14,1.0213068482849812,0.6290888090902786
123,15,1.0805878200716246,0.3045322815279903
123,16,1.1075620998912363,0.12270930601676966
123,17,1.1074444267687278,0.2106380543347779
123,18,1.073430045300105,0.5110996125347143
123,19,1.1352116871081812,0.15015425678465633
123,20,1.12988398343771,0.2982640473922
123,21,1.126003770856593,0.27858008101738463
123,22,1.096796073685536,0.6618099770445021
123,23,1.1169547877084345,0.9205927860377354
124,0,1.0795308340477696,1.345267863560931
124,1,0.9189381069917079,1.3485936757884858
124,2,0.9229844920467094,1.4456663358979007
124,3,0.9279849131633745,1.57906466962267
124,4,0.9298837455708175,1.6819339588491937
124,5,0.9292019304494482,1.760192872566881
124,6,0.9271877817321823,1.816247405299194
124,7,1.0171009224464906,1.561182534190248
124,8,1.0099331572050732,1.723307490496372
124,9,0.9911402601083275,1.8759203097197399
124,10,0.9228598454898852,1.7877667248534936
124,11,1.001466316630115,1.0287359631566386
124,12,0.9443018340632621,0.4996152824281328
124,13,0.9519250984979453,0.5838548843514157
124,14,1.0165396743605115,0.667518619834329
124,15,1.0754440751000907,0.35030998643599
124,16,1.1086815678049,0.09915319261763678
124,17,1.1060985020518397,0.23931952542176482
124,18,1.0711079078035062,0.5078604605644568
124,19,1.1236859791964056,0.2554877511919518
124,20,1.1218317568682918,0.33711993621150427
124,21,1.114225423852801,0.3599137632750029
124,22,1.086763813927952,0.7168323085550767
124,23,1.1033730307164018,0.9727302259076378
125,0,1.064222875992249,1.4208052251262657
125,1,0.9176795667775107,1.351411326856395
125,2,0.9218739967426838,1.447309080952012
125,3,0.927206608603276,1.5767502653031604
125,4,0.9293979302871217,1.679583152965706
125,5,0.9287887000371402,1.7552541451469095
125,6,0.9266778605747746,1.813329980548728
125,7,1.0114368131272673,1.5741576037379659
125,8,1.0024768320286053,1.7444119190636647
125,9,0.9272169096167566,1.8076208024651113
125,10,0.9217580760263877,1.786932712388284
125,11,0.9908777348668983,1.0261417448754635
125,12,0.9395033961356686,0.5028717844085415
125,13,0.9498708828064052,0.5822588178920531
125,14,1.0056046165398969,0.7366203978647405
125,15,1.0596213229984075,0.4649963979577194
125,16,1.0923682954179181,0.24042040035191725
125,17,1.0994981676136393,0.301174799233463
125,18,1.0655048356738355,0.5719038160340677
125,19,1.1167896258753145,0.31426240113718684
125,20,1.1144019091156965,0.3976865704412411
125,21,1.1030702911686592,0.4512358480197207
125,22,1.072975204299659,0.8545823042224754
125,23,1.090243214052841,1.0771244078674442
126,0,1.0559253307718046,1.4863446568902727
126,1,1.0190174156935208,1.4912955804114159
126,2,0.9200748040610541,1.4610695458409104
126,3,0.9258048514739149,1.5859577337051247
126,4,0.9284034091811666,1.6840892063201442
126,5,0.9279046451594649,1.7569873511997853
126,6,0.926012397255158,1.8131449262350317
126,7,1.0047251223158966,1.5720074046440171
126,8,0.929375604702549,1.7392456787875101
126,9,0.926521572330481,1.8117888099918371
126,10,0.9211501205754984,1.790330204919464
126,11,0.9795929297757255,1.044393492006673
126,12,0.9294929787027455,0.5317806485132168
126,13,0.940533403922085,0.6252806048493129
126,14,1.0017478421197357,0.7492535317154605
126,15,1.0545593741615038,0.5021935398180286
126,16,1.080725634969157,0.3598277785959212
126,17,1.0936574681147855,0.37486861572621244
126,18,1.0649490977672011,0.5645706739162346
126,19,1.1101628168158022,0.38954841374054716
126,20,1.1052907793817999,0.49079309187075637
126,21,1.0873254874878415,0.600441253204929
126,22,1.0646415877556108,0.9132912773809743
126,23,1.076011723363976,1.1742097642212084
127,0,0.9119147733677995,1.4295198124990351
127,1,0.9151116600019256,1.369065733612251
127,2,0.9195668570140658,1.4600389711692703
127,3,0.9254671166345436,1.5843025494559777
127,4,0.9279939047761668,1.683491893646206
127,5,0.9271156649426651,1.7597961011529906
127,6,0.9253274999032639,1.8153177821599753
127,7,1.0058658756888814,1.540759145914099
127,8,0.9957749110570072,1.7164905232686696
127,9,0.9260519892322208,1.8146675729150146
127,10,0.9207699270132754,1.7916030045004732
127,11,0.9953235169111719,0.9406038134153709
127,12,0.9305947712796098,0.5120233218193011
127,13,0.9373560891056877,0.6444716357136739
127,14,1.000404801834433,0.7520623571036502
127,15,1.0518008037491198,0.5243136582356485
127,16,1.0788669987390709,0.37709320158494997
127,17,1.092530227090178,0.38509474931174736
127,18,1.0613699215736856,0.6195532134989801
127,19,1.1138426745010375,0.35506629282057744
127,20,1.103421792307382,0.5093951893807738
127,21,1.0842154914623217,0.6095554200095794
127,22,1.0591222901954813,0.9409677048259706
127,23,1.0653944240916426,1.241186340798805
128,0,0.9108744949590538,1.4394348756547721
128,1,0.9142140864949058,1.376988818061454
128,2,0.9189351019222414,1.467019002703303
128,3,0.924691694219957,1.5899721915250948
128,4,0.92719704530291,1.687675443400857
128,5,0.9262518500012241,1.7632050325561206
128,6,0.9248391293509602,1.81830002616487
128,7,1.0022710588913424,1.5607555016758097
128,8,0.9286291212653868,1.7447769022645718
128,9,0.9256198345524111,1.818611210415174
128,10,0.9202364914588443,1.7965375616921593
128,11,0.9890081214711641,0.9584038423485994
128,12,0.9238653915224847,0.5600798268226983
128,13,0.9324797032587642,0.6854947266083942
128,14,0.9956159335197985,0.8014378850505395
128,15,1.0532591215330283,0.5364749667566606
128,16,1.0812959981484216,0.3656174630728035
128,17,1.0904203973828392,0.4325585803512144
128,18,1.10335946984613,0.43890226167383695
128,19,1.1124451159518887,0.37086555468707694
128,20,1.0990110151556178,0.5582285594851761
128,21,1.0785093418961529,0.6492439808231829
128,22,1.0514841834082442,0.9794606341426633
128,23,1.0566745902070622,1.2744623252812097
129,0,0.9097420207134066,1.4471217243025531
129,1,0.9136172570729484,1.3779980276741393
129,2,0.9182789231818046,1.4690573819033066
129,3,0.9244026796351238,1.5904967393106446
129,4,0.9276589868280413,1.6816102423486878
129,5,0.9270277796790062,1.7552834783806244
129,6,0.9250232459961207,1.815841010968379
129,7,0.9941565014895279,1.5742115544579773
129,8,0.9293663626718286,1.738174838787912
129,9,0.9264712706197372,1.8134292861508428
129,10,0.9214562485318182,1.7924543973661278
129,11,0.9812033580607251,0.9559804203723647
129,12,0.9166300796591718,0.5615337862130518
129,13,0.9273429588565822,0.6929806349237335
129,14,0.914989694885623,0.9879878677973082
129,15,1.0450123690154047,0.5648695654685021
129,16,1.07376520089157,0.4008520950036907
129,17,1.0834122808811384,0.4821126363949535
129,18,1.0955205231932748,0.5044927080764499
129,19,1.1107241325427566,0.3489435154338274
129,20,1.0979264811198441,0.5125438919173
129,21,1.0764245408464417,0.6012020986057571
129,22,1.0492713494880388,0.9354242451399841
129,23,1.0551710031859214,1.216851387862068
130,0,0.9093677721931763,1.444614869218733
130,1,0.9132414945186788,1.3780017056682752
130,2,0.9178164922230082,1.4706237779320146
130,3,0.9237742800762925,1.593126474171691
130,4,0.9271030587587266,1.6846862108712388
130,5,0.9264729865244574,1.7605573830596715
130,6,0.9242876763306608,1.8228369746313353
130,7,1.0035493157422402,1.510001051866686
130,8,0.9289477621238135,1.7432673780245818
130,9,0.9260037188047174,1.8187538445769191
130,10,0.9212662212324682,1.7956588468496184
130,11,0.990813088238799,0.8619056285287297
130,12,0.9130267958859128,0.550978309350266
130,13,0.9170801424602789,0.7294060997568081
130,14,0.9820349807657599,0.8228399957571
130,15,1.0354123288193113,0.5849307061443803
130,16,1.0638449519959035,0.4316992967368609
130,17,1.0765662809527632,0.4796575408461834
130,18,1.09090626269296,0.46455247649003795
130,19,1.1066744655743284,0.3254908330293631
130,20,1.0890379783788517,0.5588230357298798
130,21,1.0653212186320564,0.6784213632992699
130,22,1.0403768264887168,0.9878337223508016
130,23,1.0488061510946056,1.223656968132607
131,0,0.908647128170725,1.4553640994337673
131,1,0.9126021107206702,1.3862721133853197
131,2,0.9172034411877882,1.4766105096556723
131,3,0.9233128955320432,1.5974290234794433
131,4,0.9268758654738009,1.686481560575908
131,5,0.990887089200084,1.848953556381904
131,6,0.9243788298838795,1.8200612206505742
131,7,0.9965386780534524,1.4986964552202764
131,8,0.9834579200085309,1.7027309749420994
131,9,0.9267353768270656,1.8133694657557409
131,10,0.9217747810024544,1.7955150501418187
131,11,0.9912199964123222,0.7996849743209928
131,12,0.9127414262209819,0.5256394841674465
131,13,0.9129817497145923,0.7517468756979273
131,14,0.9782816981010666,0.827872953889571
131,15,1.0269510259635153,0.6472937836326889
131,16,1.0568871456191269,0.5051489041615582
131,17,1.0655567736127447,0.6148788192347059
131,18,1.0820421595452174,0.5789320611202378
131,19,1.0978870094410802,0.41834652802108785
131,20,1.0825665757166392,0.6293366217559271
131,21,1.0583754784315667,0.7310673741613183
131,22,1.024208004064168,1.13735369596038
131,23,0.9029348830743534,1.597503498740254
132,0,0.9076295415225775,1.4656145954810125
132,1,0.9118128464272691,1.3938414813425428
132,2,0.9872335671361384,1.5062196025997014
132,3,0.9223722959373124,1.6044948101102543
132,4,0.9260034683866054,1.6942900566361478
132,5,1.00006935495418,1.727665796157173
132,6,0.9928254098134317,1.8196256450126747
132,7,1.005747803057259,1.3989816421015027
132,8,0.9914853951081004,1.623159544537871
132,9,0.9261065621892599,1.8217871176343152
132,10,0.9211107742954265,1.8067670505606106
132,11,0.9943736151397046,0.7477410448881905
132,12,0.9116931754456258,0.5135985452319529
132,13,0.9028029709399292,0.8410186373589958
132,14,0.9597689276390653,1.0051396096737246
132,15,1.002857757091129,0.8987396006881117
132,16,1.0383466219637725,0.6982686292457743
132,17,1.053211159606887,0.7369255325560129
132,18,1.0726941945719284,0.6504591803591371
132,19,1.083855243214586,0.560760229914333
132,20,1.070511108512616,0.7460984184604662
132,21,1.0425716860036014,0.9259725627765256
132,22,1.0028960093704975,1.3776712638124895
132,23,0.9021455238524401,1.606862577940218
133,0,0.9069324308344995,1.4721794382540416
133,1,0.9111042197194263,1.3978221417150225
133,2,0.9795371267688814,1.5421714395265838
133,3,0.9217081432611386,1.608793276795632
133,4,0.9252094771340259,1.6972892571037619
133,5,0.9911800286900029,1.7480269004527207
133,6,0.9854300213055255,1.8299139364825283
133,7,1.001038550882833,1.4078488352884238
133,8,0.9845966443982881,1.6537030663664138
133,9,0.9254329771831206,1.8270379830548
133,10,0.9206327888824659,1.8116999581437518
133,11,0.9851846442370277,0.7798887037986528
133,12,0.9124365576988311,0.4654425749400355
133,13,0.9043731355079481,0.7807825752932889
133,14,0.9668151738207894,0.8722922845279584
133,15,1.0079321088302613,0.7875179366111649
133,16,1.0372188090958214,0.648019735252209
133,17,1.053102233201501,0.6670184308063121
133,18,1.0727727071312614,0.6084981284191908
133,19,1.0818796612405233,0.5555739311528853
133,20,1.068931474619704,0.7330112157053907
133,21,1.0388835562092211,0.9404718850463496
133,22,0.9969943283086732,1.402738241916655
133,23,0.9015107283344019,1.6134659579824966
134,0,0.9061831517261797,1.4803741312055223
134,1,0.910625390890682,1.4015190428436366
134,2,0.973973470162156,1.5622895720669359
134,3,0.9214579168108256,1.611392583204263
134,4,0.9250160335148672,1.7013896210409003
134,5,0.9905592655331509,1.7209990825942274
134,6,0.922103579362651,1.8424124337961505
134,7,0.9982047362031464,1.4223631775227963
134,8,0.9829496111052336,1.6670256556428624
134,9,0.9249463739256428,1.833607697049355
134,10,0.9201737727220237,1.8193483674209698
134,11,0.9865487417931735,0.7325478421286746
134,12,0.9140539602244834,0.44504737732710176
134,13,0.9067940445360161,0.7676564131244188
134,14,0.9713277240505395,0.8248140829252453
134,15,1.0151167243869776,0.6837464799560049
134,16,1.0416696824788947,0.5506589875674042
134,17,1.0575029262836937,0.5579544021421974
134,18,1.0777809590531158,0.48225500264884147
134,19,1.0820609197967352,0.4882638858272621
134,20,1.0682815201499236,0.6672854802483101
134,21,1.0371960302955945,0.8856471138309452
134,22,0.996310405754375,1.3427408327449566
134,23,0.9003308155758687,1.6291732905104688
135,0,0.9051682325637451,1.4921110798612087
135,1,0.91025087255441,1.4045803632123022
135,2,0.9772851425944192,1.4770625796589893
135,3,0.9215648956050442,1.6093652954805444
135,4,0.9934508095091673,1.564190722660424
135,5,0.9925686128586478,1.6608327593805008
135,6,0.9221442328829526,1.8404382565970225
135,7,0.9951731734781836,1.4064444784050973
135,8,0.9803451544497147,1.6476207034764325
135,9,0.972827495800327,1.7957093777385449
135,10,0.971116777347093,1.721275331255101
135,11,0.9901331111476058,0.6396652135990202
135,12,0.9082443359670813,0.44839969991993023
135,13,0.8965338727851292,0.8533946811869679
135,14,0.9630110145350783,0.8959837440264558
135,15,1.0087673427797985,0.7312971583658374
135,16,1.0336816348933289,0.634077599634356
135,17,1.0556319886870946,0.5504579682283808
135,18,1.0757077034428397,0.45508056300410615
135,19,1.08064155906473,0.4344734257813023
135,20,1.0645020950179156,0.6673429126926287
135,21,1.0313313426979684,0.9039364651391129
135,22,0.9922513646673331,1.3364419733878616
135,23,0.899912824185246,1.6327348051960016
136,0,0.9042334396701794,1.500457887403508
136,1,0.9092588764918519,1.4139926343931934
136,2,0.9779967540581818,1.4314943788237589
136,3,0.9208880760083908,1.6115018931345393
136,4,0.9888871791856729,1.555318419221173
136,5,0.9858750430606608,1.685768299914928
136,6,0.9213637972112739,1.8431645638806424
136,7,0.9863762136328512,1.4691707275019876
136,8,0.9713336304135327,1.7209956805092483
136,9,0.9612996588819784,1.8748443480424344
136,10,0.9648670777232522,1.7554617507371884
136,11,0.9889425259061871,0.6308533262619562
136,12,0.9084829779724628,0.4542338879083463
136,13,0.8936185094148128,0.8963330400647394
136,14,0.9623877140015717,0.8925700512503116
136,15,1.0118900733752454,0.6608923940798022
136,16,1.032854925390541,0.6139923931651197
136,17,1.0471572472381525,0.66380307172534
136,18,1.0665833189274039,0.6007684391784167
136,19,1.0749738044534118,0.5040963384498909
136,20,1.0616462306160026,0.6734245092052475
136,21,1.030660116775302,0.868294295320327
136,22,0.9917571649903915,1.2725658569236025
136,23,0.8979707389185773,1.656471953212705
137,0,0.9023425764931905,1.5236696868759942
137,1,0.9077913417808527,1.4306419754972648
137,2,0.9832430205709877,1.3264924070828563
137,3,0.9201524407701331,1.6180295193277088
137,4,0.9245134403180132,1.6969448640111926
137,5,0.923609376213948,1.7746380702175593
137,6,0.9215593039736274,1.839022483581119
137,7,0.9925845414288093,1.395452760184992
137,8,0.9789193427230595,1.643489731795169
137,9,0.9685572020672306,1.7992405395947806
137,10,0.9723583198412489,1.6764836451857112
137,11,0.9970909106843125,0.5204398104683063
137,12,0.9124663993806035,0.3769347612232963
137,13,0.8926567558602366,0.8665088850864908
137,14,0.912248054743512,1.0081189659141128
137,15,1.0068001659774666,0.6828294968655815
137,16,1.0267451151800757,0.6594346858575744
137,17,1.0389924903381376,0.7445572218488063
137,18,1.0584600705447962,0.6873353902450106
137,19,1.067566525032939,0.5719719299913848
137,20,1.0554968054871159,0.7258037900418124
137,21,1.023699513202933,0.9377498519327059
137,22,0.9860295184370914,1.3144755765825131
137,23,0.8963147730154536,1.6788746466899216
138,0,0.900415729732494,1.547173384836979
138,1,0.9059715560693208,1.451110132124784
138,2,0.9814109020984283,1.3071275166160898
138,3,0.9186839721576191,1.6330494146024872
138,4,0.9230211164671833,1.7100235460205457
138,5,0.9222724817501715,1.7859805775144633
138,6,0.9204861906155096,1.8464132586719133
138,7,0.9912763108410323,1.3926555099259899
138,8,0.9778466046783454,1.6315985724684614
138,9,0.968157319592157,1.7756514113679893
138,10,0.971215951310017,1.6495234712895295
138,11,1.0002854378916037,0.44215572220661503
138,12,0.9127699357003427,0.35770622948109754
138,13,0.889203212878914,0.8956898640729953
138,14,0.9116496206452531,1.0156330372569649
138,15,0.9887467547107744,0.8126688792372576
138,16,1.0151214100006298,0.6873394169394995
138,17,1.0256105208254382,0.921084786223858
138,18,1.044956985254295,0.854636996929262
138,19,1.0556837085895387,0.6972917281499669
138,20,1.0486015021089607,0.7717561125588439
138,21,1.0183512563527346,0.9641404675361898
138,22,0.9818373823177695,1.3139530070887968
138,23,0.8953876678283595,1.6933676721661577
139,0,0.8994864730539778,1.5580818242843986
139,1,0.9049146787830028,1.4618748375224566
139,2,0.9761374886725767,1.3360945134670903
139,3,0.9174998650491085,1.6418387941773114
139,4,0.9220828583839649,1.715877344387133
139,5,0.9409679177586606,1.8898265984558185
139,6,0.9197938432543266,1.848778957038732
139,7,0.9816476562387526,1.4315097415762699
139,8,0.9693074631442608,1.6568281585547178
139,9,0.9604515145869923,1.795775031193302
139,10,0.965325291751992,1.6580737878474592
139,11,0.9985529928945869,0.42091333614775195
139,12,0.9127745635901977,0.34486199907073356
139,13,0.8866970616856954,0.9194132213662289
139,14,0.9110934632050297,1.0227428033412913
139,15,0.9796187076770625,0.9181565460463528
139,16,0.937240724892744,1.4169152019377993
139,17,1.016811408958721,1.0534105629020711
139,18,1.0365089610283609,0.9660335795247725
139,19,1.047423275716441,0.7972693400979587
139,20,1.0443752996898783,0.7834573273593577
139,21,1.0140221901025517,0.9675581817379975
139,22,0.9747059713350392,1.3668274778913059
139,23,0.8950311912945803,1.6947245499763035
140,0,0.8989073197033762,1.5621280468254888
140,1,0.9045903567800684,1.4625074656066026
140,2,0.9743281572940313,1.3246035442893405
140,3,0.9878194553883233,1.3144096345229634
140,4,0.9854019303470484,1.4315949390139124
140,5,0.9815270357940938,1.5788269988898342
140,6,0.919873943620277,1.8465089787372664
140,7,0.9813338733984919,1.4211942909292592
140,8,0.9674319770715465,1.6497212515314805
140,9,0.9302959579878068,1.8343369100699647
140,10,0.9638270767935855,1.6452983327531134
140,11,0.9986237985779414,0.37742800226767415
140,12,0.9114705338815206,0.32304330527869496
140,13,0.8852011459255213,0.9182108577351364
140,14,0.9102224483510015,1.0318522379770911
140,15,0.9767892467509859,0.9670941403216364
140,16,0.9382203644967793,1.3936956643223333
140,17,1.0087022375275674,1.1790378954525345
140,18,1.028043152490625,1.0975667943048322
140,19,1.0417163512989849,0.902719485854
140,20,1.03861596794204,0.8758165334048869
140,21,1.0057854592863997,1.0814558513636197
140,22,0.9639649050393932,1.487409888871694
140,23,0.8938873090608405,1.708384280180761
141,0,0.8978704255309868,1.573023053288031
141,1,0.9460600137803992,1.6069957121106508
141,2,0.9688411707044607,1.3215769610065156
141,3,0.9865844549775014,1.267694624966209
141,4,0.9834419603890813,1.3872297865682963
141,5,0.9802669888403469,1.531347024346239
141,6,0.9722847767581632,1.6736676829151236
141,7,0.9789148300711037,1.3977272351139103
141,8,0.9657924437733916,1.63982959301363
141,9,0.9317259328628672,1.8218456461095842
141,10,0.9261108376018643,1.7760410866942786
141,11,0.9996564858923616,0.3384689380219097
141,12,0.913857965001194,0.2747743821529891
141,13,0.8852858756062028,0.9009223098974495
141,14,0.9097289765196234,1.0347212873691785
141,15,0.9742250570352491,0.998762906276859
141,16,0.9373162292132995,1.408360463672853
141,17,1.014310127933454,1.0428578178757668
141,18,1.0330042687757335,0.9673291797600427
141,19,0.9590245104774869,1.4292080530725126
141,20,1.0350764013486538,0.8765719664941969
141,21,0.9978933736735102,1.1411471073389396
141,22,0.9583526763058048,1.5095042994905068
141,23,0.8928358686324989,1.7201477744012124
142,0,0.8969218344408629,1.5829878710781475
142,1,0.9439125459863258,1.606112662527936
142,2,0.9675594660525072,1.307198928011946
142,3,0.9835180660636246,1.277636394609818
142,4,0.9805315993090326,1.400410022846561
142,5,0.9779041796076929,1.5346275222779617
142,6,0.9706441075589591,1.6632136396580801
142,7,0.9757736860679012,1.409964558680409
142,8,0.965986175624298,1.6315692504113226
142,9,0.9568746081923214,1.7620473089368351
142,10,0.9654159240997018,1.5953999695962278
142,11,0.9993123286126202,0.3278685994124011
142,12,0.9122630698175899,0.28896401067462385
142,13,0.8820606780160312,0.9337842877629274
142,14,0.9089454998989037,1.042450146210836
142,15,0.9729402120515833,1.0145820832997643
142,16,0.9381738945735602,1.3983688948648858
142,17,0.9492535209456522,1.3755085506955176
142,18,1.0364703403049342,0.8600832500115203
142,19,0.9589643383692604,1.4267917037434632
142,20,1.0354037683624786,0.8269430929176345
142,21,0.9983329972682237,1.0908299708615203
142,22,0.9576537765974079,1.4663412731087693
142,23,0.8918594997781992,1.7320297154218878
143,0,0.8961620253669447,1.5921000777213443
143,1,0.9448175309600597,1.511155506870665
143,2,0.9678724173848705,1.244200732680973
143,3,0.9854318950864159,1.203317070502397
143,4,0.9840283197329187,1.3196872268006743
143,5,0.9824015152895605,1.4582713545524513
143,6,0.9740556293433588,1.5981501824902722
143,7,0.9786160974443091,1.3653973978103693
143,8,0.9670384923471499,1.6004813176452029
143,9,0.9535838645173763,1.770644408326345
143,10,0.9342606244380701,1.8098902894803448
143,11,1.0001168673329488,0.2794639428640071
143,12,0.9092657788661347,0.27783376503013457
143,13,0.8828181630268858,0.8821471748016503
143,14,0.9082892380342853,1.0472846136283032
143,15,0.9675407205337344,1.0823078061455078
143,16,0.9385120871614833,1.3892636181975444
143,17,0.9493161750803243,1.375304707159838
143,18,1.037120645345339,0.8035774669113778
143,19,0.9581591934008967,1.44012847641131
143,20,1.0388031364192425,0.7125584327823873
143,21,1.000988071303317,0.9668287067666519
143,22,0.9571857089868152,1.4147420663140355
143,23,0.8910124698579275,1.7448843345055547
144,0,0.8953928769061399,1.6030109064215559
144,1,0.9485297688289801,1.4304164902833225
144,2,0.9728962852569857,1.1601771955147822
144,3,0.9903785850342695,1.1119731175474996
144,4,0.9863054050681982,1.2717394086035565
144,5,0.9860006920166279,1.4090125952178543
144,6,0.9781073825725892,1.5541399846266675
144,7,0.9828836473291421,1.3227355004204693
144,8,0.9728284991471068,1.5440772229319144
144,9,0.9612969851087633,1.7102539434006507
144,10,0.9304699778356404,1.8297521177921574
144,11,1.005285647078934,0.20393975620726046
144,12,0.9148069964333237,0.21661297687999514
144,13,0.886327570684733,0.8390828391701426
144,14,0.9084270703890363,1.0477048427370494
144,15,0.9647006412905182,1.0945764737958292
144,16,0.9383811792398427,1.3921514889721962
144,17,0.9487157179368799,1.3837984756181392
144,18,0.9544545558598062,1.4204249384376144
144,19,0.9570000331199924,1.4586349139773063
144,20,1.0448863808811957,0.5368392136567444
144,21,1.0022182056175826,0.879521139633237
144,22,0.9552208294927516,1.389581961110407
144,23,0.8901248413968625,1.7627613836562155
145,0,0.8945550644547595,1.6190396027875913
145,1,0.9475657048772724,1.3929010461045017
145,2,0.9704109345663884,1.1514963626719705
145,3,0.9852326614728645,1.1466268699947548
145,4,0.9808786558083664,1.3257643853545247
145,5,0.9806368549299034,1.471222373217051
145,6,0.9688265721732884,1.6544263463606672
145,7,0.9763106836959113,1.3969336450743732
145,8,0.9672199996222496,1.6158916610484209
145,9,0.9559053875024954,1.7705876370409808
145,10,0.935121449038313,1.7850753952851504
145,11,1.003233434937613,0.22021797096834383
145,12,0.9088243612437855,0.3104772542124241
145,13,0.8809164884031904,0.9114798578767971
145,14,0.9418706449325883,0.9759521891309539
145,15,0.9667268959954728,1.0477715203155356
145,16,0.9921779744304624,0.9328246554608004
145,17,0.9992316747302404,1.0053548383956272
145,18,1.0498701462974884,0.45659099019663074
145,19,1.0099301153086404,1.113735643059119
145,20,1.047504274723316,0.4488678585557828
145,21,1.0021535549701857,0.8366419489018817
145,22,0.955923509538086,1.324359657838306
145,23,0.8897899663099581,1.768805280679933
146,0,0.8940293059826396,1.6262543569377534
146,1,0.9416421312126716,1.4181454592815275
146,2,0.9649173301650361,1.1696847906225258
146,3,0.9805152629232018,1.1559190133574404
146,4,0.9774758711863577,1.3235578991739683
146,5,0.9777163406846918,1.4620597443497267
146,6,0.9317978342815431,1.9360475394464505
146,7,0.9503871237905673,1.5520762639194494
146,8,0.9674763137069371,1.5890801227766218
146,9,0.9569872519475702,1.7361655335150488
146,10,0.9386927209236727,1.7394125445764086
146,11,1.0059508278662228,0.1540811294372606
146,12,0.9047461433533857,0.34441530355944217
146,13,0.8778417288270233,0.9331145509214558
146,14,0.9395033231408416,0.9885672435475819
146,15,0.9661539943511349,1.0439577303669179
146,16,0.9905745750517434,0.9476686462201229
146,17,0.997826103395247,1.0253890533406746
146,18,1.0515338988450533,0.3830403742848034
146,19,1.0094833810452248,1.1056193897789441
146,20,1.049021483535138,0.38797640628958163
146,21,1.0006607685759883,0.8217047152839037
146,22,0.9541362529507846,1.2999880010579723
146,23,0.8882797156464333,1.7875765867300721
147,0,0.8926260452156817,1.6424494297992283
147,1,0.9452798689817289,1.3244446274380977
147,2,0.9690447549309077,1.0802937416376075
147,3,0.9848077957855221,1.0575682356748732
147,4,0.9840976854313708,1.2067487202158365
147,5,0.986449820068171,1.3175682830351274
147,6,0.939062957450001,1.841319629404678
147,7,0.9563552383732664,1.4750368726344671
147,8,0.9725150316189453,1.489930754896795
147,9,0.9424036850473113,1.8086289820879307
147,10,0.9424084564779068,1.6940603809943209
147,11,1.008246200852976,0.09857569727311066
147,12,0.9091583090752684,0.2760114540669889
147,13,0.8855375940184762,0.7986125586326729
147,14,0.9472997137206517,0.8208763191515995
147,15,0.9621366549612609,1.1119088666862869
147,16,0.9887168773096737,0.9741663630960762
147,17,0.9945979604311544,1.0639390422262451
147,18,1.0571349746941405,0.2282393464774124
147,19,0.9581667042676985,1.4363051898098878
147,20,1.048978416994221,0.31887765026614545
147,21,0.9282109419678115,1.4251543153611497
147,22,0.9568235705207716,1.1844847089258312
147,23,0.8874918633837218,1.7982650837363376
148,0,0.8918959722565061,1.6512092751335263
148,1,0.947999692058722,1.2411108414568197
148,2,0.9714945670039549,1.0063515067577846
148,3,0.9846392391102106,1.0346462776493723
148,4,0.9851353222475739,1.1698050133631348
148,5,0.9864410867697255,1.2908430140691038
148,6,0.935314711822292,1.8564910812152924
148,7,0.9836944331121199,1.2240536230346013
148,8,0.9748377328207356,1.436425249142168
148,9,0.9371487703124307,1.8491377827128446
148,10,0.9369382535478832,1.7402463613499624
148,11,0.9443147419539296,0.7434859998530801
148,12,0.902808328821429,0.32281306446570746
148,13,0.878716622495384,0.8804726437758053
148,14,0.9417757330847096,0.9040099958763115
148,15,0.9610287391158437,1.0881594912474775
148,16,0.9869837332562572,0.9578239009723291
148,17,0.9904322480284187,1.0878144368304987
148,18,1.0564839905516428,0.23299462147652505
148,19,0.959106598922321,1.4167023322704608
148,20,1.0472675350883796,0.2993321872960202
148,21,0.9966079756919098,0.7673635746188978
148,22,0.9505761375300931,1.2373027921662203
148,23,0.9318973368008994,1.5801813050769713
149,0,0.9264320365841839,1.6254150400876455
149,1,0.9494376783918776,1.1756826676893635
149,2,0.9751806400344589,0.92959260914167
149,3,0.9870546664013409,0.9765818925900955
149,4,0.9851769439850735,1.133989050069232
149,5,0.9892404770946014,1.2168699333852437
149,6,0.9352864891431564,1.8422238411794503
149,7,0.9862997796747095,1.1568209655736759
149,8,0.9458329909108106,1.6940696788975647
149,9,0.9363001308284296,1.8547460085982035
149,10,0.9363467015403337,1.7377999269640965
149,11,0.9471586077866696,0.7009328107301247
149,12,0.8748557844566981,0.666728593892314
149,13,0.8811451211073098,0.8132839233675391
149,14,0.910263173273409,1.3231490623638322
149,15,0.9571382967208447,1.1285504797978554
149,16,0.9844136840897935,0.9844763780926584
149,17,0.9876600725986132,1.1098694442655948
149,18,1.0625406886914197,0.06883004576811302
149,19,0.9585006645158323,1.4275853227165918
149,20,1.050365371698218,0.20409915164159287
149,21,0.9261388475030209,1.4501073624083443
149,22,0.9467262018023554,1.267452377563897
149,23,0.8852696210962969,1.8299309157331702
150,0,0.9261735725783138,1.5781014748356057
150,1,0.95109504596947,1.114540771875319
150,2,0.9760035119164508,0.87548610077876
150,3,0.9872916741713448,0.9310433145779431
150,4,0.9865549660718029,1.0689391867274214
150,5,0.9906321025805177,1.15554735570068
150,6,0.9809942677744152,1.308631082356479
150,7,0.9821668071956672,1.168273486372584
150,8,0.9774106129648168,1.3509790211815353
150,9,0.9356859246872006,1.8318592356418026
150,10,0.9357237573530705,1.712460721682259
150,11,0.9498460157447092,0.6416848262902537
150,12,0.875821078610407,0.6511435079246599
150,13,0.874961906069307,0.8851015476845578
150,14,0.9423545324964206,0.8165524055449342
150,15,0.9532023691739056,1.1866633816699217
150,16,0.9791396610809141,1.0666203460492554
150,17,0.9865072564603705,1.1242426150308589
150,18,1.073080484526677,-0.18336910063246137
150,19,0.9582306506170002,1.425548227961455
150,20,1.05642510289772,0.047254008180598106
150,21,0.9255091205222259,1.4526483557403633
150,22,0.9531929503650124,1.1207442631136857
150,23,0.937376360608141,1.4124107235879766
151,0,0.9328265233693314,1.4434296180362054
151,1,0.9557279831951759,1.0291791308823512
151,2,0.9811376419333483,0.7871846462620571
151,3,0.9961412843123921,0.8049261749008103
151,4,0.9950830121885397,0.9541286272687479
151,5,0.9991765209473616,1.0349877263060527
151,6,0.9913059804521951,1.1798813304733464
151,7,0.9866196812074883,1.1110331696611642
151,8,0.9811195937387509,1.3143346123468334
151,9,0.928682315961981,1.8973762919845534
151,10,0.9315054639471846,1.7461373446696946
151,11,0.950186585163992,0.6289990404495285
151,12,0.8767599602963491,0.6473077105227585
151,13,0.8737124556000717,0.8839184998958078
151,14,0.905477963256267,1.38866326768267
151,15,0.9556463310767669,1.1427896757111622
151,16,0.9818266970988084,1.0341557890508781
151,17,0.9846236508517943,1.1663004830902857
151,18,1.0684657254529295,-0.09885826463633052
151,19,0.9561816409942067,1.458937586549741
151,20,1.051243723875239,0.10180780173832105
151,21,0.92363142875788,1.4797605816779562
151,22,0.9491328857205023,1.1410282723749603
151,23,0.9365031061435917,1.3701926005326985
152,0,0.9306954961351572,1.4290719793978326
152,1,0.9523262905174068,1.0487412306964234
152,2,0.9815101959907657,0.7374640620460546
152,3,0.9987657045918581,0.7301975564677026
152,4,1.0018568556281573,0.8309772261379145
152,5,1.008491968497814,0.8673862161526902
152,6,1.0011280409024836,0.9940669177943491
152,7,0.9893993346793809,1.0196260556744434
152,8,0.9837098613481724,1.228798260853294
152,9,0.9317558209584672,1.8528957873979035
152,10,0.9346542190758207,1.7018496975220057
152,11,1.023872499599499,-0.2653832196752379
152,12,0.8803132933582103,0.6036091558007257
152,13,0.8673842263239595,0.9355406496833734
152,14,0.9032381551490326,1.424758332291173
152,15,0.9532615268558191,1.1720320187694622
152,16,0.9762543181656904,1.1164248464042892
152,17,0.9766541043365371,1.2789507642053586
152,18,1.0630510482289546,-0.009666192247834715
152,19,1.053989445976577,0.11520597552065581
152,20,1.0459184739625036,0.1708567158166403
152,21,0.9223228451891502,1.4966788998722933
152,22,0.9471606242960265,1.1369146814509996
152,23,0.9344828883972585,1.3454884434197094
153,0,0.9321433047720799,1.3378801832680782
153,1,0.9554537903369348,0.9544120101586895
153,2,0.9841547060602509,0.6611453448762088
153,3,1.000677131755942,0.6638517590875761
153,4,1.0024194014530965,0.7908131718338733
153,5,1.0093594204824419,0.8350218062674539
153,6,0.998411325389287,1.0027339634515116
153,7,0.9871332519070491,1.0357489376753577
153,8,0.982020556676141,1.2402859425986232
153,9,0.9315072363724626,1.8512553030044057
153,10,0.9353538454469505,1.6900646325141668
153,11,0.958665094404358,0.5096559245602243
153,12,0.8812117548658656,0.6005160176448161
153,13,0.8477952293843344,1.3065952834508394
153,14,0.8975220368956948,1.4988803163995712
153,15,0.9452846916000636,1.2751730932428256
153,16,0.967970596351236,1.2431011633637183
153,17,1.0414088085493607,0.10277165861953819
153,18,1.0529593755903073,0.1333719023883546
153,19,1.0466815226263615,0.20668110543784834
153,20,1.0341193773696733,0.3490405026650407
153,21,0.9772757281695555,0.8842248680592633
153,22,0.9254660543356199,1.445203839110258
153,23,0.9124187155418039,1.6223063712437717
154,0,0.9151897508156783,1.5229242436692694
154,1,0.9482685395244755,1.0023163222234537
154,2,0.9838994859291139,0.6244760157383009
154,3,1.0042231438092117,0.5747457231250248
154,4,1.007448759799702,0.692948466468648
154,5,1.0118851946558713,0.7584006405461512
154,6,0.9996540936495291,0.9498487028069089
154,7,0.9822722436123289,1.0720233850722867
154,8,0.9356488287266335,1.7323794638408607
154,9,0.9298730326392673,1.863191682602709
154,10,0.9343854073179827,1.6961332069956434
154,11,0.9578939022191465,0.49767809749457115
154,12,0.8817491806012349,0.5775733091886437
154,13,0.8477365696216272,1.3098770518222036
154,14,0.9073997082501276,1.2228353309254523
154,15,0.9436497505965048,1.3105733970647098
154,16,0.9657071384460382,1.2859785654371763
154,17,1.0216153992817032,0.3735174718943881
154,18,1.0327992735795488,0.3968865321637125
154,19,1.0353845383480513,0.33632530939281935
154,20,1.0187345821099187,0.5484056588769874
154,21,0.9598310956110081,1.1081122076476753
154,22,0.9122274446796491,1.596610715803461
154,23,0.9019624434549596,1.7051814523308515
155,0,0.9076754727123605,1.5540057130041518
155,1,0.9449319267842169,0.9832475911637353
155,2,0.9877922670124998,0.5197762969640163
155,3,1.0083583841837356,0.4799793155088423
155,4,1.0076246666374782,0.6574673021681487
155,5,1.015010664077324,0.691120269090721
155,6,1.0023124183975114,0.883820223087401
155,7,0.9795873824685131,1.0700449586260277
155,8,0.9366598836103109,1.7220560236740265
155,9,0.9311748086696952,1.8514426140664408
155,10,0.9360500605226928,1.6811550305719773
155,11,0.9602294504086852,0.45749751485231904
155,12,0.8816625894234943,0.5646932912838203
155,13,0.8328543290439366,1.3691431313562354
155,14,0.900657196710348,1.3213085314608044
155,15,0.9645357852987577,0.8345935303429997
155,16,0.9454678001030297,1.2366645200349762
155,17,1.0230476471878514,0.304191633718947
155,18,1.034088534405591,0.3106833240828557
155,19,1.0339517337652582,0.3463146234524146
155,20,1.0133633478901343,0.616884139166963
155,21,0.953537992104365,1.1920793877748679
155,22,0.904644013878811,1.6883189113204118
155,23,0.893807203643012,1.8064730621998581
156,0,0.9010069524466704,1.6236118028009443
156,1,0.9460172181747392,0.9477693402225764
156,2,0.9913472564354917,0.4513352533927222
156,3,1.0126550319822345,0.4150768425455116
156,4,1.0125811129745677,0.6045039865423583
156,5,1.0184788607519373,0.6545630750365703
156,6,1.0040931822313857,0.8699420384305778
156,7,0.9785981611914739,1.0904172609732115
156,8,0.9712884177855966,1.328396413788223
156,9,0.9276171339434546,1.879658561513713
156,10,0.9345085927972111,1.6938548983905903
156,11,0.9619664959084352,0.426272177057168
156,12,0.8820201812641123,0.5375332259333625
156,13,0.8420253755824048,1.3646709659823095
156,14,0.9010061574108963,1.3299810493738686
156,15,0.9648227818648654,0.8527519073915641
156,16,0.9467165002590981,1.2185855602717393
156,17,1.0141624257950854,0.4318754581232618
156,18,1.0221856320597595,0.48604795700486036
156,19,0.9576798526710939,1.4155670288629896
156,20,0.999671710415111,0.808678357216035
156,21,0.9421531932873242,1.3440722768548667
156,22,0.8956887418191241,1.7922543377041507
156,23,0.8851695885415716,1.892802880311228
157,0,0.8965927975612228,1.638061581322825
157,1,0.9431341511980706,0.937031726486099
157,2,0.9901530654680075,0.42966631839470715
157,3,1.0119543514212483,0.39266223749806706
157,4,1.014311304304315,0.5573019797782681
157,5,1.0176512113366167,0.6474763598618196
157,6,1.0001504526872336,0.9072407546772006
157,7,0.9750280652390526,1.1382427328032048
157,8,0.9698244558711084,1.3599265793378539
157,9,0.9316300559150167,1.8425988578332877
157,10,0.9384301995520782,1.6555660162676595
157,11,0.9632419613844332,0.40345250888461415
157,12,0.8820935632771282,0.5283520163904267
157,13,0.8413760093545903,1.3709246201196201
157,14,0.9006250701187448,1.3424253958507002
157,15,0.9635663462995078,0.8589348033012421
157,16,0.9972281812231055,0.5474855478660352
157,17,1.0136972344671444,0.37964204093009357
157,18,1.0191777238146704,0.45960432439022014
157,19,0.9569492996797404,1.4314882355184881
157,20,0.9917114570520481,0.8789720544259723
157,21,0.9415253550617039,1.3238676939802758
157,22,0.8901965493652861,1.8351930999896542
157,23,0.8814367943410459,1.8938992266242476
158,0,0.8936952769844595,1.6321103192449442
158,1,0.936315774769561,0.9877248275012729
158,2,0.9833873031830829,0.4828829530529024
158,3,1.0043669329648894,0.44427186819489073
158,4,1.0092527311800192,0.5688508108664934
158,5,1.013055405826994,0.6562400068194147
158,6,0.9975168088717441,0.8916068810912812
158,7,0.9721308259659562,1.1317839406384973
158,8,0.9688349223928491,1.3360335733353885
158,9,0.9317287035780062,1.8318316053897377
158,10,0.9392665435093864,1.634950717812897
158,11,0.9651932084928804,0.35684681992610123
158,12,0.8683665957405263,0.7832907462602758
158,13,0.842353628836956,1.3452692440707175
158,14,0.8964567697840824,1.3738304882046553
158,15,0.9588196422654208,0.8872100284507596
158,16,0.9481104640312253,1.186089031787258
158,17,1.0124321216123904,0.3383414481288405
158,18,1.0136023648076016,0.485376599067731
158,19,0.9572571335115221,1.4157121198405989
158,20,0.9861010130625493,0.938748541063724
158,21,0.9327885235439543,1.4501254989407037
158,22,0.88392565804157,1.8958783642197865
158,23,0.8775894836065514,1.9126126720955092
159,0,0.890767053478883,1.629964899400603
159,1,0.9348961339983979,0.9683305841371954
159,2,0.9840005702090485,0.4336617855211511
159,3,1.008600985433044,0.34042394090243455
159,4,1.0141443295227461,0.472586691016577
159,5,1.013569492879934,0.6113742417382397
159,6,0.9955376310501404,0.8866581702588121
159,7,0.9738775404902219,1.080352340529167
159,8,0.972175481502184,1.2600774027111505
159,9,0.9626974692261361,1.4330135200590508
159,10,0.9802402256359136,1.1007008109812304
159,11,1.0256905021034035,-0.47129598237113157
159,12,0.8682373106314876,0.7843354526048572
159,13,0.8441983731175667,1.3008725069890108
159,14,0.8919952285445628,1.4156913870253511
159,15,0.9560118274488462,0.8631953238979762
159,16,0.948097479758797,1.184209939786946
159,17,1.011592431539719,0.27842400120308497
159,18,1.01108108571717,0.4474585064038372
159,19,0.9570946324342198,1.4205999370935434
159,20,0.9411481637723997,1.5462146689232803
159,21,0.9303172420580449,1.4541164944776312
159,22,0.884295181299368,1.8471817935853991
159,23,0.878147002065377,1.860640883026262
160,0,0.8953441788444928,1.5135439588205948
160,1,0.9418806069753362,0.8480663010492169
160,2,0.989750117284444,0.3445036853711656
160,3,1.0095695112948238,0.32098710771270156
160,4,1.013287060181369,0.4851728826512698
160,5,1.0132836280139206,0.6148551003781808
160,6,0.995195132705532,0.8906363513915743
160,7,0.9742486338803616,1.0685353718827084
160,8,0.9746602219695264,1.2261778150405807
160,9,0.9668025160494548,1.380719525280254
160,10,0.9864977130218202,1.0204516410733433
160,11,1.0259705873536125,-0.48389338059900133
160,12,0.8685055411794034,0.7817319192910226
160,13,0.8362497767181182,1.4277985951780874
160,14,0.895239540639714,1.3854367165212267
160,15,0.9587751197286285,0.8462419629731954
160,16,0.9912689056386041,0.5517247063285957
160,17,1.0121399137380283,0.27822669682031886
160,18,1.0108743770165232,0.4811796986205792
160,19,1.004689867595625,0.6779849797026003
160,20,0.940976369980421,1.5470364845140665
160,21,0.9272356187371713,1.5361805443760694
160,22,0.8800251583968488,1.9190577363754215
160,23,0.8739225643306486,1.909308683204058
161,0,0.8914168702427719,1.5615038321681922
161,1,0.9394565058399165,0.8732928937692783
161,2,0.9862892514421475,0.38566508895917906
161,3,1.0067581981193021,0.34443447415493544
161,4,1.0097624788227986,0.5211286137067344
161,5,1.0110919663263902,0.6234132638092102
161,6,0.9921285372321459,0.9001131180400908
161,7,0.974079314536856,1.0504437392085393
161,8,0.973360871967325,1.2254274036176174
161,9,0.9669946348468099,1.3645513072021664
161,10,0.9892671435325457,0.9624689724724735
161,11,1.0216573493762173,-0.4643452057830242
161,12,0.868522373984788,0.7691175652927065
161,13,0.8403870589171022,1.345302947060821
161,14,0.8962528746129713,1.381102893431068
161,15,0.9589946056424151,0.8420096759529585
161,16,0.9909003123289641,0.5547141324406049
161,17,1.0112586957621028,0.29106746960404806
161,18,1.0072419072554921,0.5340587475679506
161,19,0.9986664215938514,0.7851492243607581
161,20,0.9794154161689631,1.0161700370387763
161,21,0.9231501609322909,1.5809373101010955
161,22,0.8742996353960067,1.9756625627427127
161,23,0.8684768288639625,1.950801564572993
162,0,0.8858409857629326,1.5951022316776413
162,1,0.9341548613677556,0.9212457401438279
162,2,0.982206676538913,0.42578006337864416
162,3,1.0061069297129557,0.3406967061995605
162,4,1.005291370375909,0.5638365027936327
162,5,1.0107468314706187,0.6215719006688243
162,6,0.9935169545131441,0.8870867699883114
162,7,0.9786089322019348,1.000829275200724
162,8,0.9801166672360635,1.1489492153608776
162,9,0.9697768844096232,1.3336715816088294
162,10,0.9912180553416766,0.9335818400500937
162,11,1.0208953386902786,-0.47752890699748995
162,12,0.8870470785673814,0.653170583244151
162,13,0.8386723507138908,1.375544980614631
162,14,0.8931197293534673,1.4237885880708667
162,15,0.9583286482299341,0.8549074038685944
162,16,0.9894218149211478,0.5528266471348928
162,17,1.004458622437944,0.37262315168182525
162,18,1.0025721859132934,0.5684592290255317
162,19,0.9953330672196197,0.7911076841329603
162,20,0.9746770320458369,1.049058480431981
162,21,0.9150309677692037,1.6684951540339839
162,22,0.8690274420995563,2.026307094711136
162,23,0.866330513863354,1.9460818792846464
163,0,0.8852650147000818,1.573691327620395
163,1,0.9332477396348238,0.9141432443670006
163,2,0.9787955469309458,0.4544054008791196
163,3,1.0003573912361594,0.38949302083165627
163,4,0.9977548070952872,0.6224747410537752
163,5,0.9996356881923916,0.7086122447312189
163,6,0.9850800944786374,0.9399112910764238
163,7,0.9701340980305527,1.0513824385179102
163,8,0.9714217627043158,1.2065574041615186
163,9,0.9629845123831499,1.3722130253634024
163,10,0.9863469464649014,0.957988514374259
163,11,1.0223219867863378,-0.5386445563433764
163,12,0.88787036594503,0.6484561109376266
163,13,0.8380165805925159,1.376795766172842
163,14,0.8925290978342411,1.4032781804563061
163,15,0.96150171968936,0.7875363934316795
163,16,0.9909714953602777,0.4992847317611506
163,17,0.9981146596224687,0.4548465271640971
163,18,0.9952035041935404,0.667999302118659
163,19,0.9558860445153463,1.418233746232394
163,20,0.9385480671322803,1.567253184656419
163,21,0.9073282719656439,1.783426810804574
163,22,0.8633298544703759,2.1306017108611464
163,23,0.8626288640311011,2.0216480723883574
164,0,0.881100919148106,1.654585706907378
164,1,0.9290933152189192,0.9728375643947533
164,2,0.9760376739080562,0.4787688670595358
164,3,0.9991151742420121,0.400109770048207
164,4,0.9952489873510555,0.6440921569805642
164,5,0.9992219969501199,0.6989917295863872
164,6,0.9827534195544494,0.9585778895201962
164,7,0.9682520195475418,1.0551196861059005
164,8,0.971196930082158,1.1991319756430237
164,9,0.9643026106306538,1.350996024286406
164,10,0.9827020217646717,0.9884224940090114
164,11,1.0185697453516287,-0.4973552514858337
164,12,0.8888955845152365,0.6363357589876095
164,13,0.8350980758579127,1.4316957999093987
164,14,0.880017106588961,1.6048290492100428
164,15,0.9466938130239734,1.0046241251325654
164,16,0.9824905956188429,0.6373645501198482
164,17,0.9843829001448783,0.6945605334756451
164,18,0.9809826426143804,0.9145549920007525
164,19,0.9836514039128129,0.9360587122915014
164,20,0.9374485686869358,1.5885828328197515
164,21,0.8886392694012214,2.1203997498621305
164,22,0.8429822176727997,2.500811555764038
164,23,0.8438613869372975,2.3499201536871688
165,0,0.8656427259089201,1.9011344567214241
165,1,0.9154462518348021,1.1761158961147817
165,2,0.9616864348216223,0.6777238679029072
165,3,0.9840847716318156,0.5946112768172895
165,4,0.9801599198614058,0.8330164078010434
165,5,0.9867080427355114,0.8441416513943683
165,6,0.9689640527182235,1.101036832568198
165,7,0.9608791191357471,1.111614734434335
165,8,0.9618197072092526,1.2661518939254233
165,9,0.9545835346739594,1.414591809529444
165,10,0.9711361221517516,1.0805746842377744
165,11,1.0113636155926506,-0.4269075709837509
165,12,0.8719408989183182,0.7134102536065665
165,13,0.8325072395110069,1.47784915601558
165,14,0.8686499277132541,1.793234102136072
165,15,0.9340105279064781,1.2247228252204287
165,16,0.9669853439523706,0.9368087804387315
165,17,0.9704607171636199,0.9766873911577711
165,18,0.9688145222952665,1.1391574408085816
165,19,0.9732638665961112,1.102459845011154
165,20,0.9499665843285178,1.432257650387303
165,21,0.8829363036681068,2.2327884972079524
165,22,0.8347432386792197,2.643627337584567
165,23,0.8365238996600286,2.462414051407059
166,0,0.8603532429649292,1.974018623115004
166,1,0.9064926052429622,1.2918963316573802
166,2,0.9562954629018894,0.7334521610369116
166,3,0.972626516238782,0.7116414860006159
166,4,0.9697453594660008,0.9382527992361247
166,5,0.9771838344769989,0.9392537758664918
166,6,0.9661034650947125,1.1211945120907334
166,7,0.9560273292517582,1.1631490689095454
166,8,0.9573357041275777,1.3154007944646704
166,9,0.9483020867491858,1.4724237157829396
166,10,0.9659527812494524,1.1227681591356653
166,11,1.0093862366962325,-0.41508567230288484
166,12,0.8703076661504497,0.7354441222068449
166,13,0.8294171791887823,1.5258432943816622
166,14,0.8631794889899151,1.9087084206891856
166,15,0.9298495095912935,1.3352869025488125
166,16,0.9704553126707702,0.9197821737984953
166,17,0.9724451700310357,0.9535840945006875
166,18,0.9687677902045871,1.1550179894443282
166,19,0.9715327783565684,1.1288117975902203
166,20,0.9410597628181386,1.5772771528325933
166,21,0.875253133976034,2.369046756061646
166,22,0.8275583074945817,2.7565811072493727
166,23,0.8302997570344763,2.549545580612337
167,0,0.8548803851859925,2.03917095311583
167,1,0.9044019327639858,1.3006305594029612
167,2,0.9564630475706446,0.7171591721869532
167,3,0.9748886649868128,0.681979535543908
167,4,0.9711217980796576,0.9321937874038877
167,5,0.976187452870883,0.9588284757945598
167,6,0.9651464758591399,1.136310679681145
167,7,0.9516606056975049,1.2097204350267763
167,8,0.9548501997226387,1.3331629719652316
167,9,0.94604602238315,1.4943984987162136
167,10,0.9622756616122786,1.1573180200046682
167,11,1.0101018067500813,-0.4396461625664525
167,12,0.8721989420785464,0.7650109354111141
167,13,0.8269626845541642,1.5523471578603854
167,14,0.8688092707209623,1.805192111241924
167,15,0.9294660390501337,1.3242606789154685
167,16,0.9620692128521352,1.0626558169846199
167,17,0.9641078311787388,1.0665294604514912
167,18,0.9612117990000605,1.2488487775050956
167,19,0.9630027891369165,1.2431518651366353
167,20,0.9310422666691524,1.7373936255700535
167,21,0.8684145294758113,2.480181777280528
167,22,0.8199922412684553,2.8872280593310773
167,23,0.8217268853394074,2.718684422693933
168,0,0.8476170061768554,2.1833409622138884
168,1,0.8962497521165746,1.4357678853003222
168,2,0.9452775695650263,0.8879132531098026
168,3,0.9583743951765055,0.9194400427735285
168,4,0.9567323062543571,1.1368497972982592
168,5,0.9586734926547793,1.1921534539680358
168,6,0.9526631000374586,1.281447572171313
168,7,0.94934278593753,1.214793589648636
168,8,0.9534502329907488,1.3292494454144066
168,9,0.9473554897172302,1.4743323804594812
168,10,0.9626837397792024,1.1508761542759807
168,11,1.0091441163546735,-0.426760836332841
168,12,0.8697438930447984,0.7260320154275632
168,13,0.8246860563173066,1.5898071337349435
168,14,0.8534527239838582,2.084525649418275
168,15,0.9151162056116313,1.575501276299974
168,16,0.9483786561763073,1.325722226955147
168,17,0.9522581092134463,1.309711395838555
168,18,0.9519901042856678,1.4427066791346341
168,19,0.9583775462245601,1.3466429758713048
168,20,0.9260785826914337,1.8482487980108253
168,21,0.8607114327681981,2.6420470497119837
168,22,0.8116902486580222,3.0464679520970357
168,23,0.8119827936315078,2.894441484882451
169,0,0.8429532335847597,2.2639372757889547
169,1,0.8947956549621809,1.4510939435614638
169,2,0.946217893299424,0.8587881656935732
169,3,0.9572537992615562,0.922759586202158
169,4,0.9546374606470859,1.1564871735102003
169,5,0.95612599931708,1.2158229895434562
169,6,0.9504065832964207,1.2942045648766012
169,7,0.9459133906017139,1.2449346047779635
169,8,0.9489453956926596,1.372206705261764
169,9,0.9396808418845776,1.5698814698263188
169,10,0.9556515009024249,1.2411272586299358
169,11,0.9970871321579181,-0.28251658132557367
169,12,0.8734588858100855,0.7478904379018534
169,13,0.8226176058892135,1.6149332831099148
169,14,0.852327717311698,2.1219947153856253
169,15,0.9177776733895084,1.5515931880569447
169,16,0.9496639542037797,1.3487551842577687
169,17,0.9482143102264591,1.4358962618769198
169,18,0.944600364494495,1.6334955102213975
169,19,0.956670682604253,1.4179469723178997
169,20,0.9229313839598557,1.9356211804707577
169,21,0.8577742157194234,2.716037899129663
169,22,0.8038621059606745,3.20688152429104
169,23,0.8062292687494587,3.0054553624753577
170,0,0.8402206785003521,2.308792459334592
170,1,0.8946026279451084,1.4469977856616634
170,2,0.929544948166274,1.1238610341739061
170,3,0.9609272532810614,0.8510160229467161
170,4,0.9582128772388802,1.0976210095789316
170,5,0.9585530284836852,1.1802091195445286
170,6,0.952483468428429,1.2772976863690317
170,7,0.9481309747342007,1.233856577066268
170,8,0.9514038887251404,1.3635539263537808
170,9,0.9405934222411964,1.5877154793667358
170,10,0.9569666359385044,1.2514442353878348
170,11,0.9998603120832416,-0.3262381893506312
170,12,0.873780581205166,0.7520351111020585
170,13,0.820735733519318,1.6314484375612874
170,14,0.8427919284791381,2.311525947722547
170,15,0.9129444901180698,1.6647480943382185
170,16,0.9470899216813738,1.4248800837786284
170,17,0.9444735487145541,1.5252900364083999
170,18,0.9405189635378696,1.7400637298309007
170,19,0.9553342625352013,1.3983149244234987
170,20,0.9339454877068836,1.6241098410258168
170,21,0.8383654202792439,3.1415602064561696
170,22,0.7905913252553562,3.483259155229401
170,23,0.7945478510804795,3.218692783406089
171,0,0.8270111871751358,2.527630670584564
171,1,0.881834574134896,1.6312027068653538
171,2,0.9302381900629785,1.0937601316845935
171,3,0.952813417102526,0.9433289565981973
171,4,0.9479735832546676,1.2104387161689711
171,5,0.9546924563410711,1.211503873511612
171,6,0.9448152859916377,1.3673008305376815
171,7,0.9411554576523788,1.3196069757689592
171,8,0.938201285838351,1.5291304674051673
171,9,0.9283795401868317,1.7485557741207067
171,10,0.9509203470152151,1.3379965194247045
171,11,0.999502459079781,-0.3132542442221524
171,12,0.8940469078514668,0.5867486527563042
171,13,0.8400424962568195,1.3355899594703828
171,14,0.8335979578500324,2.4986815133391413
171,15,0.9071772935688812,1.7884715932660242
171,16,0.9461299684858461,1.443077275806239
171,17,0.9433386472496046,1.5447459982067038
171,18,0.9357893819968576,1.8451164824199608
171,19,0.9559889050194745,1.3808445415947261
171,20,0.934666342841518,1.6041684887565868
171,21,0.8424757397046602,3.0667102666511994
171,22,0.7936848571080953,3.427659170823336
171,23,0.7968762461835284,3.1820754354135357
172,0,0.8298273073405662,2.482687553516568
172,1,0.8798892015721075,1.6469569176277776
172,2,0.9323133873309156,1.037991795941089
172,3,0.9478185403498798,1.0211962563889418
172,4,0.9395580753824397,1.3391866814635254
172,5,0.9451803282534662,1.3371914290485751
172,6,0.9367916993335916,1.4674895554126977
172,7,0.938656526251867,1.3583965732257006
172,8,0.9395069700392406,1.5215462775905912
172,9,0.9326519918744633,1.7204614635841402
172,10,0.952256837314676,1.3446802317698783
172,11,1.0032578951745077,-0.3743808258814809
172,12,0.8749547549438789,0.7434504974636624
172,13,0.839296001270783,1.3464582134977672
172,14,0.832529171535965,2.5286749010784693
172,15,0.9047589753667991,1.8685558149339663
172,16,0.9406850234223704,1.5579603577216083
172,17,0.9402954386441179,1.4878043965794383
172,18,0.9310696002244251,1.948809061499972
172,19,0.9575237154907933,1.3475727947005396
172,20,0.9357468988679626,1.5773441827452217
172,21,0.8404919899886689,3.139600087800801
172,22,0.7918081914582177,3.4968329746428797
172,23,0.7945601457451923,3.250576852655062
173,0,0.8283369886728371,2.522370203023698
173,1,0.8789091691067901,1.6561577227156246
173,2,0.9300422558819323,1.0529181002412482
173,3,0.9520954089483049,0.9627389821644012
173,4,0.9454797949098735,1.2423277891386562
173,5,0.9516594901806102,1.2392130876202554
173,6,0.9431299614302733,1.3710442764040014
173,7,0.9419479298448207,1.302990210124893
173,8,0.9380193216480041,1.5216139585418755
173,9,0.9319245833697358,1.7156547591655364
173,10,0.9497666556508515,1.3603218826832073
173,11,1.0097877280145413,-0.5032238078159352
173,12,0.8732164017248567,0.7747205893554501
173,13,0.8361777543984641,1.3964165913082383
173,14,0.8273411358723197,2.632700800501139
173,15,0.899520027030965,1.9499082855506558
173,16,0.9235061672776621,1.7089762438045994
173,17,0.9401813520864656,1.4747942820322422
173,18,0.9191239779483145,2.141312296143699
173,19,0.9579560942593474,1.330569346116846
173,20,0.9356175004937767,1.5701652778186208
173,21,0.8281301703651466,3.3670050338320614
173,22,0.7807987476506923,3.7050208766097654
173,23,0.7838947533416869,3.4528840739168434
174,0,0.8213367088892536,2.652978124747019
174,1,0.8859437993698926,1.5873755218404586
174,2,0.9311225359903289,1.018751424149185
174,3,0.9551861701624897,0.8886291110243452
174,4,0.966170907536653,0.9232841015515856
174,5,0.9493204533878771,1.2661894236300668
174,6,0.9415583870823548,1.3869798767346921
174,7,0.941363935060006,1.3074200159741451
174,8,0.9371991421734347,1.5228798703028215
174,9,0.9328428958295111,1.696567273793372
174,10,0.9516720531246673,1.3203350214354455
174,11,1.0105606285627962,-0.5189709540622314
174,12,0.873618221415888,0.7737595953836287
174,13,0.8351523022951464,1.4190169638785992
174,14,0.8130802620473696,2.885733131056769
174,15,0.8881562427098817,2.1345442083095314
174,16,0.9241219132701417,1.8108784635261053
174,17,0.9168343435753346,2.0039754818992073
174,18,0.9107942551966379,2.3120285775027263
174,19,0.9562224861492329,1.3625985434059942
174,20,0.9335395322597009,1.6051249867499742
174,21,0.8175275888349358,3.5847734839084886
174,22,0.7780296831275535,3.752056018215603
174,23,0.7808617535634901,3.4909862671704204
175,0,0.8169206249090947,2.711258667520962
175,1,0.8714887387363185,1.7621302031604564
175,2,0.9328103584857458,0.9793599463964995
175,3,0.9542293064077999,0.8950979041949889
175,4,0.9622043744868275,0.9740485896563591
175,5,0.9451831514733053,1.2980693490254218
175,6,0.9382865188729262,1.4087911518819265
175,7,0.936818284560374,1.360649551512191
175,8,0.9303501550130905,1.5956443434243859
175,9,0.926334258651035,1.7586916250079394
175,10,0.9447363035830616,1.38797727374625
175,11,1.0094810753827301,-0.5198876226546929
175,12,0.8745059347392109,0.7634744304215264
175,13,0.8347955299855687,1.4232483248036711
175,14,0.8087450148540969,2.9289456953431134
175,15,0.8863121169693828,2.1195164358663483
175,16,0.9202889182641444,1.838203989100208
175,17,0.906958820382706,2.1723790065020374
175,18,0.9015884088156241,2.463759768775681
175,19,0.915377043767766,2.24713238569462
175,20,0.8631080755267966,3.1587020762436957
175,21,0.8084451796931137,3.7637438161650856
175,22,0.7741146077044393,3.8231994960770344
175,23,0.7751261920283808,3.5854751929819972
176,0,0.8084216953863463,2.858119303151982
176,1,0.8657074864839958,1.8586294727175598
176,2,0.9316803577434573,0.9883826599165317
176,3,0.9527502752384523,0.9035029600598126
176,4,0.9597550637071554,0.996238765522854
176,5,0.9624740618069096,1.0434250713694215
176,6,0.9554997811002254,1.1713641102808108
176,7,0.9525620391102492,1.1487089806681414
176,8,0.9435076485847786,1.4140494707592097
176,9,0.9350125666299304,1.6361413064839319
176,10,0.9522431912715082,1.2862080144866166
176,11,1.0262598619172036,-0.7738785634724294
176,12,0.8764871751028781,0.734810435360238
176,13,0.8343972556932733,1.4299348297193166
176,14,0.8467066537435186,2.142248802986739
176,15,0.8691873923111167,2.484113482464732
176,16,0.9090273365480398,2.0853535757952955
176,17,0.8909715377675073,2.536925899674827
176,18,0.8886378677823538,2.7573501248752557
176,19,0.9071723243109897,2.45103889420664
176,20,0.852455067380861,3.4055528450026067
176,21,0.7991711357413166,3.9811477472773866
176,22,0.7623048108299355,4.076115092220082
176,23,0.7662371177419391,3.760021946041615
177,0,0.8032093709754834,2.9582725630533666
177,1,0.8663077694418614,1.8594144328490536
177,2,0.9303146836264348,1.0098124987232886
177,3,0.9490448721370186,0.9551600530841124
177,4,0.9572420973524791,1.0220642161442441
177,5,0.9677643796356564,0.9674098362381933
177,6,0.9587668008392394,1.133455426783108
177,7,0.9551820688949778,1.122912657559361
177,8,0.94550921415888,1.43240485259766
177,9,0.9369809351436922,1.6126513735095234
177,10,0.9545155053378723,1.257975377679461
177,11,1.031109467619595,-0.840495059180693
177,12,0.8783279008585289,0.7071328462526534
177,13,0.8326167449218513,1.461289754147277
177,14,0.8594073466382826,1.9097854071736258
177,15,0.8598620119172831,2.628001691058625
177,16,0.9032505577780882,2.154464152819923
177,17,0.8838847664765979,2.642730400619687
177,18,0.8810368249208345,2.8523301695053505
177,19,0.8973485329226372,2.5982990265581662
177,20,0.8437559077257152,3.5391186161077286
177,21,0.7911816012714646,4.125448472907436
177,22,0.7587015750445686,4.139617725359633
177,23,0.7624193029941607,3.8293226044262205
178,0,0.8002559693249724,3.0085768617825472
178,1,0.8655888912227996,1.8624069519254416
178,2,0.9295260110070498,1.0106789124896594
178,3,0.9507981940861308,0.9149353978850208
178,4,0.9570534387759121,1.009819254200579
178,5,0.9706083173288612,0.9198868420314579
178,6,0.9611107348247917,1.0972225407622442
178,7,0.9559403618028848,1.1153131924445336
178,8,0.9470925051989522,1.4040252226501426
178,9,0.9398185451496556,1.5642394753526947
178,10,0.9573067876466421,1.2183780283794317
178,11,1.03506961490188,-0.9104006029183989
178,12,0.8804274373042393,0.6745227228893533
178,13,0.8333447492232048,1.4467618127578845
178,14,0.861148776053748,1.8716857339848278
178,15,0.853314722871772,2.7517506530800695
178,16,0.8941382450423275,2.3316726207522294
178,17,0.8738847682271957,2.865109367049964
178,18,0.873233737825672,3.0451524174254665
178,19,0.8896530913954999,2.7917695609895397
178,20,0.8337520946911752,3.7733156510701207
178,21,0.7810447884709256,4.348377361557869
178,22,0.7461164909152749,4.414698002769059
178,23,0.7512427983929781,4.061331956517419
179,0,0.791960204044499,3.1750786530548805
179,1,0.8580213574269314,2.0135994313889753
179,2,0.9250470532176679,1.079752226867475
179,3,0.9423460656698629,1.062114301899788
179,4,0.9475813984495547,1.1920084831019349
179,5,0.9567643939598292,1.1353360268877175
179,6,0.9493830765765682,1.281216582241555
179,7,0.9444352071990526,1.2842045617599247
179,8,0.9338184275292947,1.5834994646150076
179,9,0.9232224806045337,1.828030186770496
179,10,0.9429011684203433,1.4322668971574881
179,11,1.0248829249191542,-0.7490968566620602
179,12,0.8805906529684479,0.6736625645702876
179,13,0.8314116877025289,1.4816083516261322
179,14,0.7921981763173367,3.2176460959716326
179,15,0.856863502805005,2.6284233666065298
179,16,0.8959522915634464,2.226714807993126
179,17,0.8678968334610254,2.922304623336057
179,18,0.8637441161540538,3.155663870281007
179,19,0.8790431319966272,2.9300550980394107
179,20,0.8239576097423871,3.935107706549502
179,21,0.7718383642543606,4.530890298040841
179,22,0.7346841214243155,4.642585486343508
179,23,0.7417997591354561,4.237522155278031
180,0,0.7852639001559202,3.287611477482578
180,1,0.8509339716345821,2.120493302143558
180,2,0.9157198211632562,1.1948090854197737
180,3,0.9371640008656454,1.1142701966831545
180,4,0.9447443932463345,1.2076953743145573
180,5,0.952102308500896,1.1803653474675517
180,6,0.9445861492742508,1.3345362368781366
180,7,0.9388299522363418,1.3569229264571625
180,8,0.9239439280238756,1.7145310076647604
180,9,0.913185933606549,1.959947830049229
180,10,0.9519574144709098,1.2886554238687502
180,11,1.0212102057536234,-0.7111101788341916
180,12,0.8816307479124779,0.6572837154758773
180,13,0.8291026467502582,1.5214167987497813
180,14,0.7840815156309083,3.334383354152827
180,15,0.8477474961324687,2.7422687027265624
180,16,0.8858590532840023,2.353743541499494
180,17,0.8527901438212689,3.181056647617851
180,18,0.8467000476050176,3.468453533389141
180,19,0.8634874952228626,3.2166516896981463
180,20,0.8128774967312455,4.1280912981241435
180,21,0.7653975176656936,4.63139006428128
180,22,0.7322013121339549,4.684895322462717
180,23,0.7378340876343791,4.316797013634419
181,0,0.7797441871835574,3.404514020075691
181,1,0.8491056609551298,2.161971232105522
181,2,0.9144058205534429,1.2236453276875991
181,3,0.9355700093054936,1.1473679857036831
181,4,0.9427923113118455,1.2558410365801453
181,5,0.950456524426245,1.2226168679021505
181,6,0.9462835897341865,1.3253085955335155
181,7,0.9424141617997372,1.323908435962469
181,8,0.9264252102946984,1.6971641774089594
181,9,0.9148711341427594,1.9487444787052546
181,10,0.9351109729625053,1.552623789892948
181,11,1.027460093835774,-0.8016464240217349
181,12,0.8816310643862021,0.6597645797436122
181,13,0.8276194344653194,1.5468061956215653
181,14,0.8246924894582267,2.549802263036506
181,15,0.8387632174110299,2.9664337041775823
181,16,0.8779359145593747,2.5549673091498946
181,17,0.8482879730417858,3.2894576772935267
181,18,0.8410888620310557,3.6164575491586035
181,19,0.8575577813188365,3.3305256243323598
181,20,0.8055589951065824,4.275748450913163
181,21,0.7573993544607904,4.831807800432593
181,22,0.7287761697877382,4.76814720732215
181,23,0.7366142374544841,4.341084826529345
182,0,0.777930375085714,3.44463416280497
182,1,0.8485374947230405,2.1814414896369954
182,2,0.9183741403530211,1.1542138389908896
182,3,0.9428320665270737,1.0230476377451385
182,4,0.9468710116673198,1.189997400671471
182,5,0.9506280431413193,1.229870216142542
182,6,0.9502245889805547,1.2721413457576656
182,7,0.9429014788953561,1.329771297396782
182,8,0.9302422067596422,1.6479715422892305
182,9,0.9163434917432135,1.9397051177919344
182,10,0.9353451132486162,1.5579607228656709
182,11,1.027370098280115,-0.7944677786085101
182,12,0.8837627938710788,0.6286324392713709
182,13,0.8270948694609939,1.5531079434140587
182,14,0.8246675058808913,2.530067373375486
182,15,0.8278110510243887,3.170550384785834
182,16,0.8700663113958483,2.6981826930639734
182,17,0.8409308837236988,3.425251172683229
182,18,0.8332327044389333,3.7594062883607045
182,19,0.8470850680810513,3.5652735455280933
182,20,0.7899663220184626,4.625168455293469
182,21,0.7419546977388576,5.168050644701562
182,22,0.7149325897536642,5.050687422531157
182,23,0.7253471577492652,4.552737852898888
183,0,0.7725549922080038,3.5483531285786682
183,1,0.8440804554057937,2.264271854874641
183,2,0.9130543856999102,1.2505721461972659
183,3,0.9371635631526117,1.1244784971105428
183,4,0.9427472127150929,1.2619095614249272
183,5,0.949042483558678,1.2698343269076968
183,6,0.948500470270393,1.321874879390247
183,7,0.9404167038920226,1.3870820041115017
183,8,0.9330209802721081,1.6160951998988455
183,9,0.9224835755669799,1.854869131836045
183,10,0.9419818413645314,1.4660472869820573
183,11,1.0316460043516047,-0.8617577538823209
183,12,0.8841258530319119,0.6215188571635828
183,13,0.8254340809187753,1.576380150483784
183,14,0.8159190441010752,2.7085377997389966
183,15,0.8294265282313706,3.143411092090311
183,16,0.8750671471184607,2.6020617520710765
183,17,0.8435738722040644,3.3927719086360426
183,18,0.9055328227124543,2.356644765498693
183,19,0.9488023964994474,1.4806207463272436
183,20,0.8906845885762406,2.5680096252362965
183,21,0.7406490521371364,5.187303801856331
183,22,0.7118324486445649,5.112163187337927
183,23,0.7207412404504852,4.640191373070584
184,0,0.7665712186717843,3.6617003509615547
184,1,0.8376307987665295,2.3871725131891353
184,2,0.9078523110569986,1.34902663918262
184,3,0.9348363092222644,1.1757978681499726
184,4,0.9416932592700228,1.2826030755513482
184,5,0.9539801040204885,1.183554764516737
184,6,0.9545372138763274,1.2121810891299756
184,7,0.939045405839686,1.3640204314275604
184,8,0.9354552554832545,1.5649719149273356
184,9,0.9236724068007612,1.8284807840461603
184,10,0.9436362159309227,1.4354631654429753
184,11,1.032618334146487,-0.8726662665675473
184,12,0.8857512568722282,0.5938679867909258
184,13,0.825277438595978,1.5771405860248677
184,14,0.8116801704150906,2.782697347359319
184,15,0.824709596508701,3.20738429747173
184,16,0.8705806216724502,2.6661773785726695
184,17,0.844428697087974,3.337504616579878
184,18,0.9078431652381798,2.268825980209293
184,19,0.9491486652784301,1.469163081171029
184,20,0.8886367778972158,2.603832154714322
184,21,0.8344036721787268,3.146670987020361
184,22,0.7164574918102466,5.001005956096325
184,23,0.7255792951514268,4.562829365661699
185,0,0.7702279591681045,3.6057088023614945
185,1,0.8414094538202395,2.3146089065122073
185,2,0.9114397277991664,1.273930491113731
185,3,0.9369411366561986,1.1247916405509812
185,4,0.9481044917246103,1.1552516616432111
185,5,0.9645158666765079,1.000796324849011
185,6,0.9665098431777802,1.0140488088037642
185,7,0.9501102993052786,1.2112760891129177
185,8,0.945454619263782,1.4003527445046107
185,9,0.9302075792486127,1.7181291672212868
185,10,0.9486546429357032,1.3425336977149236
185,11,1.0418912654629164,-1.0411165633366224
185,12,0.8879258665307642,0.5565322432323345
185,13,0.8259368681309203,1.5585204236323946
185,14,0.8322074997278993,2.3745352562581186
185,15,0.8817844571427293,2.0434009566611167
185,16,0.911239364333253,1.8283687535135051
185,17,0.9148451324780077,1.940654403259888
185,18,0.909467696531171,2.2156305007053163
185,19,0.9476327371744281,1.498656852192429
185,20,0.87959932328863,2.732477170083474
185,21,0.8308438688291487,3.2178256065493827
185,22,0.7174909841130906,5.0121663451764125
185,23,0.720717666978957,4.678724228036749
186,0,0.766781022025689,3.6788980653273917
186,1,0.8405983477983008,2.3198292489247034
186,2,0.9069107490055835,1.3281925214030537
186,3,0.933447106432132,1.1624545954735481
186,4,0.9501727608398935,1.1156348991779197
186,5,0.9649567993417216,0.9883162267576129
186,6,0.9701222290508698,0.9607471842251272
186,7,0.9571611027600516,1.1093316634484403
186,8,0.9502945280712034,1.3349480665151887
186,9,0.9343510865229125,1.6623397913354605
186,10,0.9499863526965358,1.3238468142069912
186,11,1.0429273981444285,-1.0752858635692846
186,12,0.8902543594377315,0.5236808226062806
186,13,0.8263546228196943,1.5535493220683652
186,14,0.8314489611488586,2.389746281698775
186,15,0.8800595218424113,2.080992265187181
186,16,0.910899291324077,1.837962214931487
186,17,0.9146985015307056,1.942485017361502
186,18,0.9101592186524029,2.194991654514393
186,19,0.9121882603475268,2.2160822068765604
186,20,0.8788462375877623,2.741659651556013
186,21,0.8303291553999131,3.2237688882242423
186,22,0.7080091023437012,5.23866836457889
186,23,0.7144142843581344,4.832525333138591
187,0,0.7640249324916182,3.7468479043572707
187,1,0.8348743742478518,2.418208707048631
187,2,0.8997515979865489,1.4415223150455372
187,3,0.9281940324055536,1.223680564967065
187,4,0.9460437254039136,1.1415750266776463
187,5,0.9634021972349703,0.9808951813227171
187,6,0.9753988801548199,0.857108370955487
187,7,0.9639175896222443,0.984957307485482
187,8,0.9585979747865222,1.1838919084238047
187,9,0.9386692831175337,1.5713022948384694
187,10,0.9520223660377336,1.2694664659521777
187,11,1.033651045702235,-0.9554269585059263
187,12,0.8908065200999795,0.5208200019790059
187,13,0.8261184016886091,1.5579982236005012
187,14,0.831387028031528,2.3805460319201384
187,15,0.8811826891399674,2.048159179011453
187,16,0.9130440113470026,1.787033949608123
187,17,0.9182077068985491,1.853443603412071
187,18,0.9132724286413525,2.110211701264806
187,19,0.9111458171816883,2.2173871139222783
187,20,0.8789675665423994,2.7184985934766175
187,21,0.8299263336130613,3.2125333431008727
187,22,0.7117537709491475,5.166933118820236
187,23,0.7155391900182201,4.821599228524926
188,0,0.7613535330612864,3.7953236941674984
188,1,0.8314422618566599,2.4753765002798893
188,2,0.8950193347109906,1.5012937270893776
188,3,0.9255090412286527,1.2460541037576895
188,4,0.9446352227071629,1.139027635509981
188,5,0.9620261781144652,0.978155139062661
188,6,0.975958365599261,0.8273691580014741
188,7,0.9619534571497208,0.9928607540617289
188,8,0.960298464186566,1.136499536814803
188,9,0.9427658346362849,1.4905777791892874
188,10,0.9540242230936952,1.212097725697502
188,11,1.0350649736292659,-1.0002678637303521
188,12,0.8923332443450005,0.49974152570651853
188,13,0.8273216989849729,1.531991152132921
188,14,0.8305251110452385,2.381734387711372
188,15,0.8801762547094635,2.051118421238648
188,16,0.9117812757277148,1.7998487600541857
188,17,0.9183574557926373,1.8378523413834778
188,18,0.9135098644240588,2.0837933171272844
188,19,0.9100073677396204,2.2206122460201527
188,20,0.8758248869055899,2.7639735947587845
188,21,0.8259833236944814,3.2778341349907087
188,22,0.7129205722575819,5.152357955060234
188,23,0.7170414893861639,4.798651591967795
189,0,0.7638902339210537,3.7534592451318627
189,1,0.8369060039701758,2.3897469123518587
189,2,0.9011250084053277,1.4006861042078
189,3,0.9305596950565199,1.155797977452874
189,4,0.9525747911571208,1.0017267781974226
189,5,0.9673760233734844,0.8905512719597777
189,6,0.9794838369903222,0.7727229696422562
189,7,0.9610856951857952,1.0086889719228473
189,8,0.9613935983311944,1.1165987838585743
189,9,0.9400525677400806,1.5305608576794292
189,10,0.9512644649893636,1.2536848174162216
189,11,1.0269317410523888,-0.8645699050901925
189,12,0.8950738931776274,0.4653302257881613
189,13,0.8289980098305492,1.5070809892316568
189,14,0.7803526228583345,3.481406397650172
189,15,0.8449971095314192,2.7672972837776832
189,16,0.9132246805303856,1.7575950693365598
189,17,0.8541902066182783,3.207331235521142
189,18,0.9166847530196818,1.9945526602878267
189,19,0.9120234516068072,2.1584351401599164
189,20,0.8778230267656273,2.705719930572588
189,21,0.8272190351533998,3.2394545012344587
189,22,0.7955674137409398,3.3840387157091456
189,23,0.7150537029345755,4.84324416710005
190,0,0.7604804466782777,3.826153691227919
190,1,0.8395872590538495,2.340991973669963
190,2,0.9064177536602022,1.2989709336437407
190,3,0.93885746895284,1.000041611087024
190,4,0.957982489183675,0.8864757439476385
190,5,0.9685526557482853,0.8419080793546563
190,6,0.9795640163568037,0.7419012161496426
190,7,0.9563139694652363,1.0730524815027351
190,8,0.9506225734378198,1.2749861492384902
190,9,0.930871903342765,1.655387628855733
190,10,0.9414514753793807,1.3960874104612007
190,11,1.014738349046564,-0.6570211675826254
190,12,0.8383423191819436,1.3224158957512362
190,13,0.7420452623851048,3.2118046004089607
190,14,0.7775318322034805,3.5433899482525444
190,15,0.8800327141872506,2.050380494360926
190,16,0.9121330434682889,1.7849793897547954
190,17,0.851742848840464,3.260923295462856
190,18,0.9155310867848082,2.023463929886283
190,19,0.9116033802169514,2.1701870026303887
190,20,0.8770029464741711,2.722689568769468
190,21,0.8253547980917108,3.2826374418385527
190,22,0.7453630551282203,4.404805059263509
190,23,0.7070958330895684,5.000335736732435
191,0,0.7540573484861686,3.9435478156921935
191,1,0.8337222781192478,2.4248818196274406
191,2,0.9006048158795584,1.3764566320514504
191,3,0.9294450690445795,1.143947275803514
191,4,0.9477921005070171,1.0402908837866072
191,5,0.9556399901826204,1.037116967678985
191,6,0.965770140405062,0.9466596740456499
191,7,0.9414896355966621,1.2905255208084832
191,8,0.9371221042462778,1.4588765633353926
191,9,0.916412961357601,1.8464718704410448
191,10,0.9294105433020922,1.5509381582772246
191,11,1.0005965736072961,-0.44079765162404705
191,12,0.8296673841943063,1.4512984513168519
191,13,0.7344216183566213,3.318204336410588
191,14,0.7750050394425751,3.538093393264065
191,15,0.8219180452880325,3.280263651098945
191,16,0.9116094692886362,1.8011052879939982
191,17,0.8543871985610222,3.214823208460576
191,18,0.9134157029443483,2.068213088014293
191,19,0.9082161047028373,2.24232840593589
191,20,0.8751151384212352,2.76355820900336
191,21,0.823483312666243,3.319653834112973
191,22,0.7370840674905806,4.5873907924531245
191,23,0.7080108130757585,4.99835318135724
192,0,0.7565081843640609,3.910190282879462
192,1,0.8369484949288343,2.3805684913220215
192,2,0.9046335006619144,1.313925039724463
192,3,0.9315948119580779,1.1100745189506007
192,4,0.950744168184816,0.9714856613132596
192,5,0.9565092054550595,1.023264800346782
192,6,0.9646943605643769,0.9811126206160452
192,7,0.9433001642160085,1.2725677310214945
192,8,0.9402950296536882,1.409367770275738
192,9,0.9200711615865573,1.7916435085666134
192,10,0.9318809568731387,1.5220920607981476
192,11,1.0005691756696327,-0.41324398246808336
192,12,0.8284754333053824,1.49124315147154
192,13,0.7297861547673501,3.4157688940408004
192,14,0.7714470429751709,3.6063922526662253
192,15,0.8216728135688534,3.2741138062597237
192,16,0.9121592143796173,1.7778951868651802
192,17,0.8552483573443516,3.1855132108311572
192,18,0.9142669217404678,2.0349872591827314
192,19,0.9094160394454297,2.200751820472277
192,20,0.876883949568096,2.700309470719443
192,21,0.8251137051833041,3.264275502706653
192,22,0.7347234111286859,4.636763298109539
192,23,0.7039958372723615,5.085127496272014
193,0,0.7527744020709681,3.9930417896720325
193,1,0.8340343092859976,2.4369734075973355
193,2,0.9017004323220701,1.3661172419124767
193,3,0.930183296599242,1.1265724796411227
193,4,0.9547599344294193,0.9018850348856589
193,5,0.9586652581083167,0.9808562925338382
193,6,0.9678663297486912,0.9202296428164853
193,7,0.9472704327435137,1.205948089507915
193,8,0.9432314405537172,1.3673772538703801
193,9,0.9259302081989406,1.7052072511889094
193,10,0.9333484103039614,1.5140344097901597
193,11,0.9964019414540645,-0.3254758420531427
193,12,0.8229294823245465,1.605695430759761
193,13,0.7252723045261898,3.5013381784117765
193,14,0.768761502068325,3.6332582202762502
193,15,0.8174280748034782,3.3489181509674566
193,16,0.8523843276818934,3.067124634479484
193,17,0.8480751570649502,3.3343250679840075
193,18,0.8460087261209689,3.5382509657400796
193,19,0.912159353741184,2.1365311100056736
193,20,0.8772713006510015,2.67596463702645
193,21,0.7540383087568957,4.866383451152437
193,22,0.7269664446077093,4.806762897733412
193,23,0.7312363286401931,4.470791155898217
194,0,0.7519705623385755,4.012455896332943
194,1,0.8306732730754377,2.502897354508029
194,2,0.8981630147433664,1.4307612134678536
194,3,0.9280595743849894,1.1731404799347125
194,4,0.9550171522068686,0.9149078513219635
194,5,0.960459911925846,0.9740440056682367
194,6,0.9416630652350316,1.326832135614744
194,7,0.9393386892940222,1.3525717096816585
194,8,0.9407425456769657,1.4196395522400795
194,9,0.9266452188477132,1.6895016811237795
194,10,0.9342688432213789,1.4996135395802206
194,11,0.9879801084630357,-0.17951502133558073
194,12,0.8098658014517148,1.8628675044386735
194,13,0.7175024786016689,3.689951892541238
194,14,0.7707433508506615,3.569032943599316
194,15,0.8233508532800164,3.205811224417914
194,16,0.8560738675773121,2.9577288548144374
194,17,0.8496428609746244,3.2741055758522393
194,18,0.8477177703725078,3.4683249407273458
194,19,0.9105602327502117,2.1609996995569105
194,20,0.8731488218008913,2.750359346615589
194,21,0.7464720513243286,5.016372093266138
194,22,0.7199203396911507,4.952272880957894
194,23,0.7268241922080809,4.559651776294803
195,0,0.7611731939664741,3.83073465613697
195,1,0.8326537498336323,2.4752911650954523
195,2,0.8939504524348991,1.5200243748032598
195,3,0.9249873842143823,1.2352540945322303
195,4,0.9511864512794109,0.9883346363010261
195,5,0.9527688629865424,1.110839465006837
195,6,0.9398733841663249,1.3527690684858094
195,7,0.9355157914717933,1.4377755681212143
195,8,0.9349182700808661,1.535510564750533
195,9,0.9157407384349273,1.8733004965723925
195,10,0.9234914608072518,1.6864564060964788
195,11,0.9839022792668065,-0.09898188218484982
195,12,0.8122428143161954,1.8284776135488165
195,13,0.7179525571448915,3.686400465267413
195,14,0.7511708806966567,4.055293364021761
195,15,0.8230111623191112,3.209953926149236
195,16,0.8576780469946926,2.914148556460745
195,17,0.8470550354688066,3.32098903204205
195,18,0.843758469422072,3.5500951100469145
195,19,0.9054576241874472,2.261238631577374
195,20,0.7974744176461067,4.44160588888046
195,21,0.7437692657377813,5.065823219225717
195,22,0.719201106418608,4.96492122462096
195,23,0.7254854642375109,4.587316138880183
196,0,0.771760413370527,3.606352494269231
196,1,0.8455319482059394,2.215312473016656
196,2,0.9054219752109689,1.2978168836225024
196,3,0.9401151189546836,0.9689518712289065
196,4,0.9646937827819122,0.7583514265935136
196,5,0.9560443582201468,1.0614520969920989
196,6,0.9381855418665452,1.37637330658667
196,7,0.9234056032204648,1.5877754499434644
196,8,0.9167584593703335,1.8539636042557497
196,9,0.8963147871465734,2.207029985993257
196,10,0.9008769723331966,2.067209270520845
196,11,0.970095080687473,0.14520361054814224
196,12,0.810698431250918,1.8323943248910926
196,13,0.7174367808312533,3.667513612431403
196,14,0.7485675851898198,4.100243132599266
196,15,0.8179818335344621,3.322841821124676
196,16,0.8526921923075041,3.026227820960603
196,17,0.8455168750615046,3.3536661997133557
196,18,0.8376946322040983,3.689430581291738
196,19,0.8439354817565684,3.6090876140034176
196,20,0.7946076837752393,4.503413313653095
196,21,0.7383482603461679,5.182629800320157
196,22,0.7160953766413496,5.0296891184987675
196,23,0.725143467389049,4.594037890055143
197,0,0.7705835018167648,3.610053798139381
197,1,0.8429790527117401,2.2341857723633503
197,2,0.898018268974935,1.400049016172911
197,3,0.9332094050749137,1.078157007625208
197,4,0.9457518408736816,1.0756043501165546
197,5,0.945802296077025,1.1742999256364737
197,6,0.9430394210294489,1.2950601705205536
197,7,0.9251481433900917,1.5619620450942442
197,8,0.9118116385040121,1.9252105162139852
197,9,0.8901161802796798,2.304008844784958
197,10,0.8934158119085837,2.1936844847066315
197,11,0.9622334993850543,0.2745664302982558
197,12,0.8073099066440691,1.8498577343398672
197,13,0.7193839494840797,3.585703162601291
197,14,0.7592445911069617,3.8136384020737104
197,15,0.8157740989537335,3.3648285865287804
197,16,0.8514898376585567,3.0426606178578197
197,17,0.8449991308720163,3.3486204621723985
197,18,0.8391677136710296,3.631154669083873
197,19,0.8427830451844286,3.6244727203654854
197,20,0.7929584091036951,4.528275369853212
197,21,0.736103309029126,5.221492903498618
197,22,0.7150105779517917,5.052453931035712
197,23,0.7253235280543989,4.58590315722971
198,0,0.7667048491258937,3.662782090184514
198,1,0.842702939473479,2.2100395921033975
198,2,0.9002458038721682,1.3207213044629071
198,3,0.9407768246437631,0.9969231091463051
198,4,0.9466928467925295,1.0549766270254395
198,5,0.9465338549990984,1.1604521141414121
198,6,0.9430923709571677,1.2972154798697666
198,7,0.9248025011072115,1.574182262917983
198,8,0.9139417257000735,1.8580597937044203
198,9,0.8891135835245298,2.3036894597138264
198,10,0.8924003556888849,2.200669992383567
198,11,0.9600224540395209,0.31326906616444283
198,12,0.8106074317773295,1.774196980283305
198,13,0.7193336833081031,3.5594983948358028
198,14,0.7568245109276112,3.868053751899975
198,15,0.8148714399975214,3.3873155589715367
198,16,0.8523329070685011,3.0212633395293373
198,17,0.8461829878369793,3.3263733212682958
198,18,0.8395193191732133,3.6284703441401653
198,19,0.9222924473626752,1.9304105908354643
198,20,0.7929889064048137,4.524056931887955
198,21,0.7362824652679626,5.213478320445663
198,22,0.7149865177171651,5.05526681207945
198,23,0.7251210750163463,4.595186514466256
199,0,0.7675170871758139,3.6146730548156025
199,1,0.846734884850462,2.1063051470118896
199,2,0.9048243007033271,1.226943503027158
199,3,0.941475577221651,0.9769331213028316
199,4,0.9658492052740123,0.6938668033368316
199,5,0.9643168960758326,0.8755590210985389
199,6,0.9484046496282144,1.1985486577937703
199,7,0.9335900047671908,1.44531082870596
199,8,0.9246252728129464,1.7053341559087052
199,9,0.9099042288936061,1.9674446391754437
199,10,0.884280571469979,2.3301406356661776
199,11,0.956636482909007,0.37210824369355144
199,12,0.8219032296453482,1.5340596673692328
199,13,0.7263630971916468,3.390090579439864
199,14,0.7506863835655612,4.000375304453934
199,15,0.8192555052038941,3.281313903350071
199,16,0.8569312336427776,2.90310766282823
199,17,0.8505981375847111,3.2037757813628147
199,18,0.8430146704862137,3.5111861425673787
199,19,0.9247910651560117,1.8591474996177304
199,20,0.8951389292437532,2.2391036022978845
199,21,0.7388467662187194,5.13479527399555
199,22,0.7185239172381468,4.97347344115656
199,23,0.7283618314174404,4.530206316222236
200,0,0.7741579498851036,3.4890742981328184
200,1,0.8383664857782201,2.2361596860333
200,2,0.8929451240700765,1.4212678786091715
200,3,0.9416177978293703,0.970199031023558
200,4,0.9545017517615129,0.9051256825604295
200,5,0.9591981496252463,0.9298613352212968
200,6,0.9545472661684171,1.0923002792605754
200,7,0.9303800390749548,1.4664984283209979
200,8,0.9218221245420265,1.7148731349348143
200,9,0.8991994172047372,2.1193652300156547
200,10,0.9015982726048468,2.052499956845608
200,11,0.9576172891239975,0.34104743244884794
200,12,0.822702823632116,1.4937282702472476
200,13,0.7209471162080173,3.447107730414432
200,14,0.7636711470867553,3.7358134186243497
200,15,0.825194669917852,3.152203688442679
200,16,0.863038729520103,2.7673690734304692
200,17,0.8573819906986737,3.062038112128384
200,18,0.9237708765587382,1.8165863721760047
200,19,0.9249146649261552,1.8487980821425865
200,20,0.8951995883415242,2.2290352397114788
200,21,0.7375034974966176,5.166562648420065
200,22,0.7152633472101737,5.045313359067764
200,23,0.7257523469175139,4.584079195843556
201,0,0.7732583708650649,3.5041257047042436
201,1,0.8268640212397618,2.4355632226491952
201,2,0.881313000135702,1.6196443228029942
201,3,0.9434184874563948,0.9389935601346178
201,4,0.9516448570447732,0.9045201226859838
201,5,0.9492820782912604,1.078952120070726
201,6,0.9535307843524251,1.105249721951246
201,7,0.9305806953499622,1.466829832055991
201,8,0.9210210601903522,1.7299982825044786
201,9,0.898267656325865,2.135510652804335
201,10,0.8986267538472227,2.1013044633691713
201,11,0.9483405747171585,0.5000049668843811
201,12,0.8202813525413942,1.5552445388301077
201,13,0.7221534997108838,3.4255806569196743
201,14,0.7666101527897214,3.6641325097012416
201,15,0.8263278381180443,3.1121963564008936
201,16,0.8601526600507622,2.8174400085368667
201,17,0.8527032868078711,3.162253320221385
201,18,0.925284067446196,1.7799211203610632
201,19,0.9256364039151476,1.826004060957633
201,20,0.8960145773959762,2.2026217404968698
201,21,0.7345824029631837,5.2330145847996015
201,22,0.7135937645423268,5.090301697749675
201,23,0.7248743648539365,4.606170197211334
202,0,0.774190145586899,3.4885275080981355
202,1,0.8364510233700009,2.267205873735886
202,2,0.8824059142012103,1.595203918787277
202,3,0.9339628941945823,1.0386475068636205
202,4,0.9559105940167038,0.8424553610144443
202,5,0.9567288097006998,0.9489155942197485
202,6,0.9532919675792593,1.0967579592472632
202,7,0.9315074946747642,1.4850870673742715
202,8,0.9213467295800825,1.7646070783181624
202,9,0.9040183533661125,2.0679451618840172
202,10,0.8962570051760085,2.1417034857205657
202,11,0.9483686203507771,0.4982719988410924
202,12,0.8253035016266359,1.483248480533561
202,13,0.7227638220632603,3.4294702251029925
202,14,0.7672052395483444,3.6372986364521793
202,15,0.8280212125391168,3.0652168959101758
202,16,0.8649245665315379,2.713357261907415
202,17,0.8599610372926055,3.009438432464993
202,18,0.8514261135402577,3.3337452627582778
202,19,0.8479510006204032,3.477646410136721
202,20,0.7964200003194828,4.426183250387211
202,21,0.7354599613684598,5.218869520307457
202,22,0.7148267046427162,5.0703366358551225
202,23,0.7263682434810137,4.5821732228104395
203,0,0.7766711622073791,3.44187711429519
203,1,0.8509359895486396,2.047610594784569
203,2,0.903819182707378,1.2911847610106406
203,3,0.9383819396652271,0.9594136432968625
203,4,0.955237478392405,0.8488488990488463
203,5,0.9553758881158909,0.9685979060140664
203,6,0.9512706238988069,1.1284398403202154
203,7,0.9336296154351725,1.4544329218308665
203,8,0.9223936977905789,1.7469225850556942
203,9,0.8972204726097746,2.1526415042164153
203,10,0.8967400436583506,2.134890602606765
203,11,0.938272702061867,0.6800134772036213
203,12,0.849774970473411,1.2083765587731339
203,13,0.8692459426526253,0.8116877585057658
203,14,0.7711090779729936,3.539605993709948
203,15,0.8286428218532901,3.035977377249317
203,16,0.8662444493717625,2.669679054650647
203,17,0.861188849693522,2.980970198506242
203,18,0.8532153692476268,3.294318438386359
203,19,0.8489153081416578,3.455812766416706
203,20,0.7978156368298401,4.390247112819903
203,21,0.7352709518748849,5.204060813565459
203,22,0.7161783109816185,5.037479460833977
203,23,0.7266817175299636,4.579283096239575
204,0,0.7761008621791896,3.4571810807581773
204,1,0.8535601214196091,2.007604117719353
204,2,0.9070781925350259,1.2429114974486701
204,3,0.9420475137542293,0.9033318505867527
204,4,0.9616257413422581,0.7604173312805234
204,5,0.952682867622015,1.0139843097527663
204,6,0.9535120094362385,1.0950618694494008
204,7,0.93466626618618,1.4409332647288817
204,8,0.9241990111165274,1.725456373829699
204,9,0.8957978018504344,2.172537512376069
204,10,0.8946076940659876,2.1682642910397885
204,11,0.924124676908588,0.9516477283805749
204,12,0.8439545076681252,1.3274355670347155
204,13,0.8689622204365174,0.8182780277316457
204,14,0.7689801824150303,3.5909217158479425
204,15,0.7777003290881732,4.056926340804363
204,16,0.8631104122112938,2.752049096059295
204,17,0.8570559223163905,3.0792364779822705
204,18,0.8530751185594665,3.3013892853918776
204,19,0.8513149708141537,3.3944197199527437
204,20,0.8005889983943364,4.321452430603074
204,21,0.7388044372890376,5.122122595382159
204,22,0.7154157368921902,5.06499985193566
204,23,0.7246074238251125,4.632565954384525
205,0,0.7738358517194591,3.5123163836991065
205,1,0.852792546709268,2.029793244239684
205,2,0.9058016714404109,1.2725142588819338
205,3,0.9423675740474643,0.9033207579397846
205,4,0.9644271199759649,0.7129007473417399
205,5,0.9608451374233116,0.8780629309827237
205,6,0.9550355808642189,1.0688042028058664
205,7,0.9327051654912906,1.4687550159650815
205,8,0.9220179766010834,1.7534284532342213
205,9,0.892497451584191,2.222386969488568
205,10,0.8892215535281582,2.252358203222613
205,11,0.9230891710687302,0.9867920551246439
205,12,0.8427579317185938,1.3602332493992524
205,13,0.7449651577227447,3.108952197039212
205,14,0.7676779253629819,3.6142186090738626
205,15,0.8226817863047046,3.1856629857735363
205,16,0.8575713720378794,2.8846478808904514
205,17,0.85240248142402,3.1911281963756437
205,18,0.8508815988648791,3.3641155119376087
205,19,0.8965296741830187,2.4207595777763977
205,20,0.8017200962551225,4.293421532256364
205,21,0.7375459088720836,5.151183972589855
205,22,0.7103133917529617,5.186052028521354
205,23,0.7193113037092732,4.752691631427092
206,0,0.7703844214753465,3.583430763489492
206,1,0.8514609977983397,2.048426917583086
206,2,0.9055006380404501,1.272361587710055
206,3,0.9409781843595256,0.9271461567509789
206,4,0.9625916542783933,0.7434836452157949
206,5,0.958620482397248,0.9149338377020797
206,6,0.9523314443110585,1.113417714389266
206,7,0.9217727436006047,1.60920706364284
206,8,0.9138476015105214,1.8387440410713314
206,9,0.8891334558851549,2.27482362768696
206,10,0.8848630910218437,2.320145706438156
206,11,0.9146332011985044,1.1560639360694562
206,12,0.8425560269873875,1.3688888934874743
206,13,0.7477512905134448,3.0489034800604724
206,14,0.7709213995382526,3.540043727509186
206,15,0.7700584010543919,4.2638440961080555
206,16,0.8603929826734247,2.820135809502549
206,17,0.807032557996572,4.212187582913213
206,18,0.8045713665877599,4.430512103488162
206,19,0.8927648289918823,2.4954915201203676
206,20,0.8028851105707604,4.257988887825469
206,21,0.7388763249570334,5.110189744216356
206,22,0.709615734196971,5.196776859446299
206,23,0.7175185219463373,4.784670221058967
207,0,0.7686492604178954,3.612095975893352
207,1,0.8491038991360266,2.086610495335947
207,2,0.9039330635687439,1.2968859797627168
207,3,0.942221537058875,0.8958421448901355
207,4,0.9466551007087377,0.982039602269758
207,5,0.9654565961554706,0.8484884514020035
207,6,0.9362440346122085,1.3824779165363363
207,7,0.9374657497412409,1.3944777449871406
207,8,0.9268698884479952,1.6742323194125301
207,9,0.8506448259667178,2.8542900269771714
207,10,0.8849288154605013,2.3188875403947513
207,11,0.9000091686978069,1.4046668797280173
207,12,0.8418427604183191,1.3929013890582578
207,13,0.7468602246579316,3.06672862443118
207,14,0.7321675997360763,4.311625877480408
207,15,0.7698900991024679,4.263822413661089
207,16,0.8617431899379453,2.7875240117605564
207,17,0.8110943333451923,4.106769962333949
207,18,0.8072781883023135,4.352662519790812
207,19,0.8903794136962,2.536610344462236
207,20,0.8025942616815002,4.258357283733755
207,21,0.7402640771214369,5.078509753498093
207,22,0.7113461658810522,5.168063979032242
207,23,0.718635436229772,4.768236056610398
208,0,0.7714563128009188,3.563442390784884
208,1,0.852097578579752,2.0348494393558454
208,2,0.9065460942041687,1.2508237702776448
208,3,0.9433815875153823,0.8696182191063677
208,4,0.9688898621296853,0.6183699276763264
208,5,0.9672323137549735,0.8190114722257569
208,6,0.9568401766309598,1.0747691587789703
208,7,0.9373012110304308,1.3997297531134283
208,8,0.9246490526187319,1.7146190194146147
208,9,0.892702770517946,2.21589913117438
208,10,0.883598680791834,2.336567870288791
208,11,0.9213976346910194,1.1369842594948434
208,12,0.8458978719906517,1.3348166179454815
208,13,0.75210807560458,2.9682670744548734
208,14,0.7386759374186943,4.152259737120291
208,15,0.7804126938994856,4.0272339846235745
208,16,0.8067198320299557,3.9510825285430506
208,17,0.8165493725449456,3.978611099176163
208,18,0.8145651219979139,4.194493707012388
208,19,0.8894232603746418,2.542818256555446
208,20,0.8065937761707622,4.146118013149163
208,21,0.7461943676675655,4.937288074984412
208,22,0.7710577563316885,3.8193083253325177
208,23,0.7821108317641473,3.4051315088231
209,0,0.7755356334590068,3.4850459941177103
209,1,0.8554196973184527,1.971888033479443
209,2,0.9078212423303277,1.227394933941607
209,3,0.9618799215371341,0.6094882952973677
209,4,0.9688384796268894,0.6233474901360765
209,5,0.9651854064692953,0.8456502262547723
209,6,0.9552257764319193,1.092755806845993
209,7,0.9357203994129373,1.418957686273476
209,8,0.9227737121518352,1.7375026100318518
209,9,0.8959988179812206,2.1717507283622126
209,10,0.8866705259084515,2.293046829614177
209,11,0.9184028554006636,1.1980574546698453
209,12,0.8465788240690004,1.3313646874902432
209,13,0.7569741088229512,2.8831449076728806
209,14,0.746113897347538,4.001179165296321
209,15,0.7866571858448594,3.8895621365558135
209,16,0.8119867891766839,3.8193419812093445
209,17,0.8270618249458822,3.7242496464952914
209,18,0.8247603327294447,3.9222461844184977
209,19,0.8885238526515306,2.53914801278264
209,20,0.8452554758002214,3.2187965852240694
209,21,0.7493678095063611,4.860720265872882
209,22,0.7679398820942186,3.8782927450058686
209,23,0.7797924374175655,3.4469255348838868
210,0,0.7830848126433165,3.321884702393225
210,1,0.8952150285894713,1.2320315475953993
210,2,0.9070272566071271,1.2433448304688213
210,3,0.9600089046361366,0.6400584018271953
210,4,0.9654665801048515,0.6875564598082669
210,5,0.9647809598128747,0.8522144788079409
210,6,0.9453796018907347,1.2065230194565206
210,7,0.9067670897551119,1.8456030059251702
210,8,0.9201308082526086,1.7778901178043132
210,9,0.8862828537665226,2.326412286508619
210,10,0.8768752301826119,2.448841001163453
210,11,0.9068529926717077,1.3959964563907796
210,12,0.8469987270070523,1.3318950724594671
210,13,0.7606015984835244,2.809254727228902
210,14,0.7809433256422279,3.3384465070669247
210,15,0.7952977637961208,3.728599843450887
210,16,0.8641153664989198,2.7529799154861827
210,17,0.839429934461347,3.4619782282010085
210,18,0.8380636386359344,3.6641412382299023
210,19,0.8855788438349352,2.589213450644742
210,20,0.8440612524047072,3.2241133050363295
210,21,0.75475511470454,4.73171272323809
210,22,0.7718819047564732,3.784958187298013
210,23,0.7843266895368852,3.3459955851548635
211,0,0.79322991857021,3.1197631030173714
211,1,0.870675786370066,1.6790449595889427
211,2,0.9183306385130117,1.0469476725626556
211,3,0.9548964579614386,0.681197451809112
211,4,0.9772417727386009,0.4930473707737235
211,5,0.953129766850524,0.9595569826165775
211,6,0.9429639923505698,1.2441706937333112
211,7,0.9048889330530282,1.8789515107243204
211,8,0.893539318292607,2.1674369610883772
211,9,0.8830776734569961,2.3873834307447783
211,10,0.8736220632448277,2.5121683001977075
211,11,0.9030890503716287,1.4717996545269934
211,12,0.8510931654584666,1.256496050251009
211,13,0.7663046736401964,2.687215825996404
211,14,0.7866740783750046,3.21390801992675
211,15,0.7893080180947312,3.907294830875607
211,16,0.8186522146387986,3.7532768207179963
211,17,0.8328629692079079,3.669404895967535
211,18,0.8310212456330441,3.864589271163279
211,19,0.8884440782013878,2.513008782570317
211,20,0.8481365734420039,3.117685161692137
211,21,0.7617935876314924,4.551949941273371
211,22,0.7746258379112845,3.721006975117053
211,23,0.7874563198506239,3.2765284074550323
212,0,0.7657772016091082,3.6369473806541013
212,1,0.9021840907276988,1.0998551059020336
212,2,0.9197314358830546,1.0148551804929653
212,3,0.9655250585335945,0.5441979699793151
212,4,0.9777315566455503,0.48661032945855354
212,5,0.9564819965614864,0.8929128169727409
212,6,0.9447117514338694,1.2038683869304148
212,7,0.9055819346510288,1.861043496377773
212,8,0.9022617692661816,2.0590223775651246
212,9,0.8824257159990286,2.404347027349054
212,10,0.8717522229958112,2.5483252189889836
212,11,0.8957661732067759,1.548180537036119
212,12,0.8406790915884657,1.3548549523586164
212,13,0.7706082471095392,2.5948890521080727
212,14,0.7575232342259071,3.7963903131609076
212,15,0.7999458902562445,3.6399525950061147
212,16,0.8289334409395609,3.482932696885051
212,17,0.8453218279203771,3.342754007804473
212,18,0.838580042497797,3.6403064352528567
212,19,0.8914357272409785,2.4411163705732726
212,20,0.8520252567289807,3.025318065839979
212,21,0.7638674184252845,4.492708720938122
212,22,0.733602041372459,4.671705907061687
212,23,0.7943297548225668,3.128781118202925
213,0,0.7689755156577366,3.56035111434125
213,1,0.9049274932418774,1.0471753999192615
213,2,0.9212478080229503,0.976039754503212
213,3,0.9668126493251443,0.5231343202430079
213,4,0.9780116870014394,0.47303969376905286
213,5,0.9645344654045981,0.8191625282148074
213,6,0.945726098946311,1.177994718970961
213,7,0.9074936123904033,1.8199148057717203
213,8,0.901144737037836,2.072903420179383
213,9,0.8824355758205567,2.4009767539152467
213,10,0.8717776323681066,2.5453903351217093
213,11,0.8928870842673582,1.602158485064784
213,12,0.8429502853259304,1.320353566531697
213,13,0.7443333013937977,3.084023973897864
213,14,0.7594535462239774,3.7569948875664423
213,15,0.8058321201029051,3.5282021076972185
213,16,0.8349777524862676,3.34957138884576
213,17,0.8584511813925292,3.054771986862047
213,18,0.8553276478411163,3.265540231227149
213,19,0.891925817936279,2.4257267047968654
213,20,0.8555898211327861,2.9362075750654455
213,21,0.7386550079965659,5.078549258368671
213,22,0.7180890247856221,4.982151582568905
213,23,0.725572377161158,4.610194182319759
214,0,0.776912151927503,3.3943596971811463
214,1,0.8589996703972224,1.8251103241603701
214,2,0.928452073985347,0.8358624864840571
214,3,0.9625988124195362,0.5343745971525529
214,4,0.9847908577093583,0.34858669667013586
214,5,0.9651915825173597,0.7048030638615597
214,6,0.9506095743464792,1.0619775566954264
214,7,0.9110169199547715,1.7322923774829242
214,8,0.9036669823335018,2.032902676638436
214,9,0.8829438958568292,2.3866064216956335
214,10,0.8736217159947616,2.509387937985453
214,11,0.8897758322826261,1.6586855234351656
214,12,0.8627667640197183,1.0418397426605903
214,13,0.7409914311357038,3.151968738619985
214,14,0.7615967462154576,3.71139654060441
214,15,0.8084693668729616,3.4475539617502413
214,16,0.836297047438951,3.2847853869278545
214,17,0.8612900425972648,2.943370945199902
214,18,0.8557433246009346,3.203588947186894
214,19,0.8954123409046094,2.333040226046485
214,20,0.8594728966975035,2.8297936908010612
214,21,0.7389013732476439,5.067452198017744
214,22,0.7203828428889075,4.939794916982196
214,23,0.7308569918779781,4.511705349536895
215,0,0.7818154713226433,3.306783398538826
215,1,0.9132054333832119,0.8901298978393974
215,2,0.924121198072533,0.9105859905339031
215,3,0.9521941028273835,0.7147434852406676
215,4,0.9776929414203416,0.37646390789748807
215,5,0.9700297727519992,0.6159880195630585
215,6,0.953674647616891,1.0128990916396852
215,7,0.9149086089962444,1.6707159030233125
215,8,0.8991485966676459,2.0302134950796056
215,9,0.8875256727315516,2.31370519421848
215,10,0.877883770396779,2.4425612331197506
215,11,0.8977796317427543,1.5932568690652538
215,12,0.8673424005588557,0.9683133734405125
215,13,0.7905118573683501,2.1639788440271985
215,14,0.7645064000375984,3.6568812949517486
215,15,0.8226192027147579,3.160565332352867
215,16,0.8525804978792675,2.928167292174539
215,17,0.8641053121771545,2.9024687426996287
215,18,0.8539251208533735,3.255408216157967
215,19,0.8403393289754889,3.6247556236284773
215,20,0.8006836474473378,4.313117563707557
215,21,0.7366833807754924,5.116903193857496
215,22,0.7205756600937978,4.9366483680723245
215,23,0.7340701735551441,4.426151847156568
216,0,0.7840487258210679,3.249349388932611
216,1,0.9138884174327822,0.8778859048035024
216,2,0.9259897194108343,0.8766524995416347
216,3,0.9526995253811206,0.7087168195529934
216,4,0.9745362594189597,0.5205683227475468
216,5,0.9692651047698215,0.6220040564045028
216,6,0.9532913353917155,1.0162849944689292
216,7,0.912452954269982,1.7178185975781677
216,8,0.9054308954623128,2.008813514907926
216,9,0.8863679711000575,2.33050501573617
216,10,0.8755257940728117,2.478067030907104
216,11,0.8922921177246396,1.6966074353865501
216,12,0.8658662275267519,1.01456807692953
216,13,0.7458332649922156,3.0664719994868186
216,14,0.766355670308892,3.6104262383859425
216,15,0.8151554474578174,3.318137225608403
216,16,0.8516934425971125,2.954734306071334
216,17,0.8575443125158363,3.0684999256318157
216,18,0.8501618988651589,3.3494871531004655
216,19,0.8370638386408263,3.7057862525503182
216,20,0.7958766361941594,4.405827771139876
216,21,0.7312088835864092,5.214043178469215
216,22,0.7153773127321099,5.036792457657002
216,23,0.7339663399478893,4.421621114276913
217,0,0.7845719016900538,3.2372880781481665
217,1,0.9177773911216828,0.805317124089072
217,2,0.951299463400693,0.49472155036961496
217,3,0.9553926743341397,0.6701999517376365
217,4,0.9780231510492927,0.46991498039639623
217,5,0.9572020105410988,0.813713015150725
217,6,0.941271585834845,1.196266144753924
217,7,0.8980016783852262,1.9358573956366403
217,8,0.9097976811089421,1.9480972389440634
217,9,0.8887661695040683,2.2985594131549316
217,10,0.8753989453330606,2.4819210321409173
217,11,0.8889955791402415,1.759577700165833
217,12,0.8673480052792517,1.0122168674821541
217,13,0.7406433342605304,3.150241713160753
217,14,0.7575635570796294,3.748984233853884
217,15,0.8113872270470032,3.364198008924383
217,16,0.8516531376118144,2.930453359916097
217,17,0.8584382670705819,3.040046899418275
217,18,0.853434416204753,3.2646650213639425
217,19,0.8323087968896107,3.780279272957916
217,20,0.7922144508658171,4.460648674395205
217,21,0.729681297676426,5.2188258798218286
217,22,0.7208765292228918,4.90862234546354
217,23,0.7401136898892753,4.2893442892246885
218,0,0.7883018725448453,3.165184425144332
218,1,0.9258867019586976,0.6561636539628495
218,2,0.9579069805719012,0.3760580845307828
218,3,0.9549701420257999,0.6827326783299412
218,4,0.9794620672382092,0.4510230110703368
218,5,0.9693442485545587,0.7413804007204927
218,6,0.955597447228652,1.0773611935399465
218,7,0.9254678378993345,1.5954816967527705
218,8,0.9111569587152605,1.920744147295661
218,9,0.8889985727421574,2.284973452619422
218,10,0.8759614980617999,2.4649778383093324
218,11,0.8851207720070664,1.843970558102665
218,12,0.8395038609397933,1.4911342632259394
218,13,0.7360444716998233,3.24188034229347
218,14,0.7548476710822823,3.7855363019849086
218,15,0.8080961955843636,3.418084603178375
218,16,0.8533108777882006,2.8794200647758466
218,17,0.8595773848316822,3.0086101641299194
218,18,0.8549276214299829,3.213651053375923
218,19,0.8347713752978456,3.7144906171176437
218,20,0.7891801132703169,4.501214829232261
218,21,0.7264143722988634,5.253582464000676
218,22,0.7188683187159449,4.959935749193326
218,23,0.737764544533329,4.346224503352532
219,0,0.7893673211734612,3.159362546840656
219,1,0.9301897427465764,0.5780952010304112
219,2,0.9603390057530896,0.33577802098996656
219,3,0.9803993102395305,0.2822790541735518
219,4,0.9766212860033284,0.49749796188275397
219,5,0.9660574258252029,0.7931880771176321
219,6,0.9282869021389105,1.4192104335768736
219,7,0.9261920801941551,1.592369828199283
219,8,0.9125635143161747,1.9109946927078312
219,9,0.8914068535688715,2.2607773057501035
219,10,0.8786559246780306,2.4364134202125047
219,11,0.8867969693780898,1.8398390684531982
219,12,0.8419788746940211,1.4724054552039192
219,13,0.7346771698459059,3.2754737230138264
219,14,0.7514565790883131,3.8482141433749053
219,15,0.8069602737576799,3.4596985193875263
219,16,0.8559576038130262,2.8285436886522213
219,17,0.8588293228641662,3.0035617088698032
219,18,0.8544391890552118,3.206882846394496
219,19,0.8401149884221508,3.56288872728112
219,20,0.7927714438143048,4.399960657323103
219,21,0.7303123558663391,5.139062402633861
219,22,0.7227810889864881,4.864666563239233
219,23,0.7396407144710752,4.308289964699366
220,0,0.790044566701675,3.1466590353667865
220,1,0.9321539909180631,0.5399059106123083
220,2,0.9611664588055712,0.3224749411342458
220,3,0.9534840733802126,0.7058160971275953
220,4,0.9766786380815263,0.4919996701112517
220,5,0.9664659986677577,0.7809927532431047
220,6,0.9308642709503984,1.3798667372287117
220,7,0.9264451539129082,1.5896740345781435
220,8,0.9133086460727864,1.9034711487522902
220,9,0.8923750663844274,2.251248162190036
220,10,0.8805478090381965,2.4144983514937337
220,11,0.8890518457668983,1.8217179622016069
220,12,0.8535076604466798,1.2822460739646804
220,13,0.7460207265479206,3.043385854445738
220,14,0.7551456346328628,3.7461808410456676
220,15,0.8037915950456435,3.515064601424708
220,16,0.846931905038027,3.010169546806029
220,17,0.8557962133988026,3.053956604749132
220,18,0.8531708188250164,3.219134357235429
220,19,0.8395933291329335,3.5659259988186918
220,20,0.7919561664776513,4.417396741227794
220,21,0.731032362418561,5.110994035264344
220,22,0.7230084854487488,4.872960637035625
220,23,0.736968417072617,4.383694731819274
221,0,0.7921590079081683,3.1165639751525855
221,1,0.9294753667172201,0.5851830598345877
221,2,0.9578987683953382,0.37786336164158385
221,3,0.9654438027962552,0.5073291490210963
221,4,0.9854817728974673,0.348248845818393
221,5,0.9718171486962566,0.6960145521870515
221,6,0.9362610457385847,1.3162889014651444
221,7,0.9456927474623072,1.2745545415688095
221,8,0.9148553080650967,1.8781320017511511
221,9,0.8945404907824694,2.217694779275943
221,10,0.8819290859230657,2.3954580990001073
221,11,0.8887948368389448,1.850106845174862
221,12,0.8792751831928474,0.8671642690347525
221,13,0.8095966651491463,1.8338922560569575
221,14,0.7559686984814289,3.733672622333618
221,15,0.8072013025255713,3.4822921459713285
221,16,0.8472086364279202,3.040232740180393
221,17,0.8538183767604055,3.1373442923935677
221,18,0.8518747734098973,3.2822821293464663
221,19,0.8440703544016999,3.477638013341604
221,20,0.7967988919030153,4.349259120890014
221,21,0.7263968587860679,5.24952863870592
221,22,0.7172385519613305,5.0181987346936285
221,23,0.7263569180092115,4.606230617725837
222,0,0.7791202074222696,3.3686582090543915
222,1,0.9322043453350445,0.5382867837637377
222,2,0.9604093165695028,0.3380565836749554
222,3,0.9719586655260495,0.39638846724500354
222,4,0.9879875894027983,0.29582289333227507
222,5,0.9738877636580616,0.6458738203867878
222,6,0.9585619638048616,1.0121770960840308
222,7,0.9265746211768855,1.5736618371316204
222,8,0.915648577089025,1.854485525072068
222,9,0.8972410500874368,2.1692492991293904
222,10,0.8851496076712444,2.346069810952109
222,11,0.8931404222317977,1.814131975781164
222,12,0.8868853216323804,0.7452795231751672
222,13,0.8206122349836813,1.6291547371450292
222,14,0.7701832682411711,3.487160568725189
222,15,0.8180558887858708,3.2711599423185866
222,16,0.8635282398012795,2.703416897000018
222,17,0.8689430165989531,2.823538136161808
222,18,0.8633964349687441,3.0475571334614315
222,19,0.8593944469692378,3.1258052843087754
222,20,0.8138988663361605,3.935516248562056
222,21,0.7385586162629949,4.966921817249165
222,22,0.7270928764064504,4.795158450058526
222,23,0.7346599904467355,4.42401583545961
223,0,0.8538896661851845,1.8780970863571405
223,1,0.9326199088174033,0.5349835348358951
223,2,0.9603951637802185,0.3418245942059279
223,3,0.9751954993167878,0.33485447656405753
223,4,0.9905249838793043,0.24774605601594857
223,5,0.9746135232095291,0.6371470529971504
223,6,0.9591723764031781,1.0047233179561488
223,7,0.9260250589359303,1.5850423053965539
223,8,0.9140317408789543,1.8847728368538625
223,9,0.8965779527939226,2.1845492451332884
223,10,0.8832730676915952,2.3807369250752153
223,11,0.8907221809982828,1.848741364037073
223,12,0.8772847812478043,0.9212812309134435
223,13,0.8205040890138889,1.6280469332550371
223,14,0.7794564416173322,3.285890004169481
223,15,0.8208204458916408,3.201198235706979
223,16,0.8636736913728401,2.6964025919078765
223,17,0.9153213031225043,1.690436064686402
223,18,0.9010869536192169,2.1212499262259747
223,19,0.8661578622612435,2.9680700679474725
223,20,0.8171824983145045,3.8319308785208044
223,21,0.7457088649954228,4.788778233099958
223,22,0.7311644332564927,4.711675744733865
223,23,0.7403911093664032,4.317174452640417
224,0,0.8571268319856066,1.8179859815140702
224,1,0.9368492993851517,0.45662560462379176
224,2,0.9520293670715566,0.445017247398372
224,3,0.9775256114465607,0.2889010373010201
224,4,0.9918145557456696,0.21601709956856396
224,5,0.9762573382660864,0.5979169673035685
224,6,0.9620888227439249,0.9419104210638736
224,7,0.9294919651939628,1.5160243897251178
224,8,0.9162017300689097,1.835013887955597
224,9,0.8981172635370849,2.1481729787814263
224,10,0.8849677266699042,2.345576189231833
224,11,0.890387822550033,1.855776653072681
224,12,0.8879843374895502,0.7522733757370972
224,13,0.822235616694338,1.5963940235964422
224,14,0.7889732370988319,3.1138857981750103
224,15,0.8252999818204383,3.140147251996442
224,16,0.8670040028252324,2.6504903782481257
224,17,0.9144814087244401,1.706173779187953
224,18,0.8984946538390022,2.1700458750570952
224,19,0.8735361038388793,2.823087149810604
224,20,0.8220879579012432,3.7140557846772104
224,21,0.7489098139021096,4.698849385049904
224,22,0.7333929982801932,4.6705567889166435
224,23,0.7441154796567396,4.2451332930952415
225,0,0.8583391479880097,1.797494753699727
225,1,0.9457405713270679,0.3255948867273588
225,2,0.9491443045889127,0.501197768566584
225,3,0.9752554468963552,0.3318398500810318
225,4,0.9901399002313339,0.25148760959729266
225,5,0.9767386333659744,0.5932046648128537
225,6,0.9609461915411714,0.9651439923868192
225,7,0.9320056719393265,1.4817590591552392
225,8,0.9181813843639169,1.8065227102533346
225,9,0.9006272779229141,2.1131984201807548
225,10,0.8863083784365062,2.32822334144341
225,11,0.8860540809164418,1.9472429278736083
225,12,0.9005806940635003,0.5552415916879223
225,13,0.8029265648396131,1.9913695515158611
225,14,0.807017951991403,2.750934732665508
225,15,0.8375447020227234,2.8805577548083185
225,16,0.8755901996570501,2.4463415341528325
225,17,0.9176671991793388,1.6487568693610584
225,18,0.9039290016553441,2.066226109007932
225,19,0.8732056522432388,2.7968932857203654
225,20,0.8276977623508841,3.5423779898211514
225,21,0.7539902694425107,4.5530826400030655
225,22,0.7372245816226269,4.575708095436685
225,23,0.7532298076043376,4.042015887700678
226,0,0.8658941132087621,1.6439620841827747
226,1,0.9464851927963078,0.3098362222825912
226,2,0.9534979891126982,0.43621903898854697
226,3,0.9776644367909134,0.2998150588736195
226,4,0.984027185497833,0.33794241126549096
226,5,0.9795826279586465,0.5534080159147212
226,6,0.9296359111839233,1.3915461540106744
226,7,0.9342508534741499,1.4503986334878167
226,8,0.9204353384192712,1.7742663195261557
226,9,0.9029221042342747,2.0777723047100967
226,10,0.8878958264653087,2.305098039387115
226,11,0.8780766355845034,2.078186443097648
226,12,0.9023346827701644,0.5265622050972549
226,13,0.8097978608270712,1.8430063556705587
226,14,0.8159541258484867,2.540086605142024
226,15,0.8477181860166003,2.632381901649648
226,16,0.8861570416711568,2.167341376435637
226,17,0.9239974587795403,1.5232537710714098
226,18,0.9098188994120203,1.9405120126658133
226,19,0.8884351137019919,2.4149555729301113
226,20,0.8401900277584059,3.2071434333527478
226,21,0.7665333244447127,4.234737085693144
226,22,0.749145631421785,4.316661312122941
226,23,0.7671262042097229,3.7602098145333596
227,0,0.8676318847460635,1.6012464899974788
227,1,0.9277170278332441,0.5927250633683983
227,2,0.9548160215206248,0.4112765777870351
227,3,0.9773555650615335,0.30360814180109585
227,4,0.9770675513360918,0.4337452480642767
227,5,0.9808745794386712,0.5274293507145718
227,6,0.9254631116374902,1.4483255424650494
227,7,0.9366682175334564,1.4073788815791612
227,8,0.8882442444681803,2.239883398125304
227,9,0.904080812699993,2.0559253756672415
227,10,0.8535582791883404,2.8344637540369337
227,11,0.8840797974200693,2.005173157001453
227,12,0.9156461790551177,0.33111443693712417
227,13,0.8194726786994081,1.6681588238598195
227,14,0.821917151644782,2.388913086668934
227,15,0.8595842724191122,2.3510158175983236
227,16,0.8949112188019186,1.9414257944634237
227,17,0.9303103289070642,1.3705749912155056
227,18,0.9151428110372768,1.8089457525307324
227,19,0.8979617453741046,2.1838519791909867
227,20,0.8497735813019357,2.9725418651346978
227,21,0.7739582238414571,4.03991107771623
227,22,0.7586727706209273,4.103399425680257
227,23,0.778706280347929,3.515658617182785
228,0,0.8740843974564777,1.473930906631523
228,1,0.9299939426335085,0.5490140419736029
228,2,0.9473814369739738,0.5327367939793604
228,3,0.979664227847915,0.2566413564688226
228,4,0.9941446153884699,0.1848577907197253
228,5,0.9692685159577396,0.6824041913941095
228,6,0.9355788907866976,1.3141460883166562
228,7,0.9117074855166056,1.7763480673416527
228,8,0.8943685054064913,2.1567786691569797
228,9,0.8774422935832651,2.4530843168214655
228,10,0.8587780285384223,2.7528952276047303
228,11,0.8874462147739484,1.9752054797158323
228,12,0.9332053701863914,0.0771852227844807
228,13,0.8337315292960481,1.4219302057608125
228,14,0.8302977910280519,2.2285629540601946
228,15,0.8705059838609489,2.1181741561518095
228,16,0.9063456897657767,1.7025605439420666
228,17,0.9298029818309189,1.4114274999934437
228,18,0.922041515740171,1.6120296630153774
228,19,0.9109521152304489,1.8879717937824374
228,20,0.8617955225611869,2.6880060293258765
228,21,0.7847816488729067,3.7897990994047888
228,22,0.7665993993408,3.9346968986772097
228,23,0.7934079096549481,3.2374484603201594
229,0,0.8846654331724595,1.267802818205162
229,1,0.9550338697313523,0.11708722666886473
229,2,0.9568625593557807,0.3810102492390506
229,3,0.9873978874522203,0.13251156880945558
229,4,0.9988327805459615,0.10254707398230067
229,5,0.9737399608000554,0.6093009385408461
229,6,0.9407575823098266,1.2367083053856405
229,7,0.9178845758772857,1.685488159884848
229,8,0.8979674660745287,2.114225093700499
229,9,0.8803574249155938,2.4220534229849466
229,10,0.8643352129538249,2.6744212393052162
229,11,0.8896597066247608,1.9521896073535139
229,12,0.939091659411879,-0.00819920081455372
229,13,0.8534989337429268,0.9976067717030954
229,14,0.8387661757837416,2.050544036520911
229,15,0.8813562736391991,1.8922113238686862
229,16,0.9170529346178254,1.4634264285314806
229,17,0.9366778285503271,1.22461829105049
229,18,0.9247604456683508,1.5870244989409379
229,19,0.9079614930166834,1.9481132945340534
229,20,0.8601142378531623,2.7048227113172345
229,21,0.7873109757823353,3.710649576456248
229,22,0.7735023685123028,3.783569188623492
229,23,0.800909764135755,3.0797347486511395
230,0,0.8947040051471378,1.0785556657637088
230,1,0.9422599869956216,0.3261996800992222
230,2,0.9552075596172764,0.4057238688886855
230,3,0.9747767937209381,0.33793459194320263
230,4,0.9908703096994879,0.22026994738228112
230,5,0.9712216073354966,0.634783983404354
230,6,0.94307509081141,1.1902208771954719
230,7,0.9263637853135075,1.5534877341216955
230,8,0.9092642351179342,1.9358018058429955
230,9,0.893734335268345,2.206869897371414
230,10,0.8768224830032753,2.473207680012525
230,11,0.8958535105163489,1.866604625858292
230,12,0.9501694990001291,-0.16633241633994267
230,13,0.8568404955765921,0.9957288322378854
230,14,0.849365285411312,1.823063512483575
230,15,0.8935206935530785,1.6092766693941982
230,16,0.9281249217606019,1.1962100077219304
230,17,0.9401741211892842,1.1545498445975717
230,18,0.924682648715304,1.5897953035826973
230,19,0.9268313787624394,1.559236569694086
230,20,0.879166171578652,2.2990711371166768
230,21,0.8040763111967936,3.350810245389951
230,22,0.7894066801183245,3.458148142539926
230,23,0.8166881054878887,2.7797301841722053
231,0,0.8970593190383428,1.0305603209979708
231,1,0.9419646321387521,0.3362377875076419
231,2,0.9652219317969417,0.2561460847222641
231,3,0.9800787697451787,0.2805503971003773
231,4,0.9909103062614167,0.24800754861365704
231,5,0.9737098399548181,0.6291480910186351
231,6,0.9478381500670017,1.1429451489502558
231,7,0.9309137781317754,1.523165714530137
231,8,0.9134514033474159,1.9142606592816414
231,9,0.8973417058064855,2.1927100968155333
231,10,0.8799878406184859,2.470246014961706
231,11,0.8954873759577614,1.9326814313165173
231,12,0.9486014884654695,-0.06369172131625334
231,13,0.8596628196690803,1.0010942921906487
231,14,0.8620144379846074,1.6142622798801334
231,15,0.9031876685453052,1.4345721011560357
231,16,0.9364379912645349,1.0397207355865845
231,17,0.9387715279463181,1.1932367229569394
231,18,0.9239150133406505,1.6137810428401558
231,19,0.9359801358592169,1.3591826507889522
231,20,0.8874170947394756,2.1122665071117694
231,21,0.818498301023719,3.0431156914363306
231,22,0.8037496661595119,3.1593190911193574
231,23,0.8325309715503117,2.4634963121461304
232,0,0.9004138604836495,0.9735745503229012
232,1,0.960444203087978,0.027020304586663713
232,2,0.9762580080425255,0.10042629644944512
232,3,0.9836122475692207,0.24313548847401734
232,4,0.9902337438009563,0.27301427355104657
232,5,0.9740952341568733,0.6456569322597172
232,6,0.9470284783246281,1.1776645711795268
232,7,0.9323055152034196,1.5166747332728363
232,8,0.9154858680473739,1.897712003292595
232,9,0.898911294076201,2.184654901447317
232,10,0.8825947373573019,2.445974845572996
232,11,0.8968015176238705,1.9358457991481863
232,12,0.9531049127365793,-0.10748693722761615
232,13,0.8652744913265499,0.9138509429824264
232,14,0.864365250591608,1.5777509632368947
232,15,0.909655823094964,1.3217841278884208
232,16,0.949259806339544,0.8036998068185213
232,17,0.9379002664456784,1.2018086703588864
232,18,0.9254574830556507,1.5627221888845177
232,19,0.9388405600573838,1.331832462126176
232,20,0.8918982834766733,2.0128317837919525
232,21,0.8266255644955777,2.861986173580217
232,22,0.8076552011427728,3.06030619745761
232,23,0.8375888873971209,2.344902568095435
233,0,0.8831981662006965,1.3766345848467907
233,1,0.9636025942623024,-0.021032630173092315
233,2,0.9821049603189592,0.033792049329424145
233,3,0.9884299709497979,0.18591172993242822
233,4,0.9977862042333597,0.1692831201933629
233,5,0.9794841378456148,0.5802076799325331
233,6,0.9551579905112448,1.0701685386746131
233,7,0.9391251543630085,1.4199701362487005
233,8,0.9222992620971545,1.7990781095624957
233,9,0.9074841102030778,2.0710329722722793
233,10,0.8919263026772853,2.326278932282655
233,11,0.9040367092245103,1.856266721847856
233,12,0.9618589247842886,-0.22889742177729744
233,13,0.872790454009856,0.7702758145055242
233,14,0.8688269285127892,1.4689594531324452
233,15,0.9125724568103806,1.243352399732224
233,16,0.9490753699566365,0.7913437398966927
233,17,0.9769703867378429,0.3585101994724731
233,18,0.9317970620534334,1.401071133778924
233,19,0.9452848382407577,1.164814291571382
233,20,0.8950090275084923,1.9103011707935167
233,21,0.8339634421128111,2.6844435175275017
233,22,0.8162532508036475,2.8695474878492284
233,23,0.8501557536105651,2.090863224673967
234,0,0.8946672487211975,1.1588304230935265
234,1,0.9630691615799102,0.029943910561129883
234,2,0.988572452777154,-0.08434004309366117
234,3,0.9911248738464437,0.14298833903370678
234,4,0.9995474825860988,0.1478899117717063
234,5,0.9811643804647243,0.5658910756115603
234,6,0.9583750328524444,1.0250020991516244
234,7,0.9442866905231928,1.3514726791157035
234,8,0.9301531789134669,1.6956137975243415
234,9,0.9150565181419431,1.9709361710864872
234,10,0.9005681631067153,2.21098830462587
234,11,0.9146280800639303,1.7124314742564657
234,12,0.9807990095297234,-0.5088610178881137
234,13,0.890327238359174,0.4657798981361214
234,14,0.8832733349817472,1.1968614975622494
234,15,0.8964445106573277,1.4883732844101552
234,16,0.966688225923551,0.41129264755897665
234,17,0.9924072842060435,0.01044349779814624
234,18,0.932837656799032,1.3670673993434335
234,19,0.9570632472981994,0.9156215247014465
234,20,0.9014414891533299,1.764862315702505
234,21,0.8407708842375949,2.5298279186945614
234,22,0.8286769084106278,2.618920746973906
234,23,0.8616680870001047,1.8737511201474355
235,0,0.905832509991915,0.9595020087299737
235,1,0.969207555476739,-0.07126071852457727
235,2,0.9926948080930674,-0.14554732528240422
235,3,0.9934294472908638,0.1056807256370682
235,4,0.9967551094000608,0.18512395146635718
235,5,0.9775525823627732,0.6101434683237912
235,6,0.9595394792029817,1.0003447040559532
235,7,0.9461888807039737,1.3279206379985222
235,8,0.9307688618469975,1.6883324303211218
235,9,0.9143645880515352,1.9758298190951997
235,10,0.9019198190393419,2.172532687952481
235,11,0.91795594887775,1.6649862546268803
235,12,0.9822985469052714,-0.5066507222616483
235,13,0.8849416175528079,0.5636101990160203
235,14,0.8893933895371586,1.071830637705716
235,15,0.8955547529427416,1.4944456981937222
235,16,0.9745380044109263,0.25716651895062625
235,17,0.991996684046927,0.012273814337056876
235,18,0.9359254994285997,1.2742330500257353
235,19,0.9593009001404529,0.8910107443489252
235,20,0.906236711857148,1.6617724236367764
235,21,0.8407570474346996,2.524638867844466
235,22,0.8312179803890903,2.567659270063995
235,23,0.8688317651098791,1.7429893523603788
236,0,0.9180778061512082,0.7370558897690849
236,1,0.9804566264937593,-0.2679754176378495
236,2,1.0058581240563997,-0.36211782810476123
236,3,1.0098406967741376,-0.15805004995063854
236,4,1.0089094969004802,-0.009151630214546458
236,5,0.9855097455773634,0.48244431007530686
236,6,0.9673681618174507,0.8808466663826469
236,7,0.9496933094970995,1.2735018639284288
236,8,0.9343946496323045,1.6269004509625518
236,9,0.9196809882161534,1.8920812401727467
236,10,0.9052151020650117,2.117718537772504
236,11,0.9195123208246713,1.6457939312751915
236,12,0.9849967952619443,-0.5460510857280276
236,13,0.8850429972865109,0.54566605453401
236,14,0.8878232958439319,1.0809316503033344
236,15,0.9019553716104398,1.366154053623685
236,16,0.9759769076150515,0.22318816244733952
236,17,0.9988135356499743,-0.12540196978888218
236,18,0.9408641277958598,1.1723252479356496
236,19,0.9594746517259571,0.8585160690818121
236,20,0.9102498148643021,1.5413380272039454
236,21,0.852959290435303,2.235463739606651
236,22,0.8443067156623953,2.2838245342829744
236,23,0.8772855389258821,1.551572891715928
237,0,0.9253018315749392,0.5793905588724115
237,1,0.9880434819370096,-0.4131032208022738
237,2,1.019859680022613,-0.6006077928652402
237,3,1.0224333894603268,-0.3626470059532352
237,4,1.0179934581391017,-0.16090008966830105
237,5,0.9909864820430073,0.38600320995667303
237,6,0.9710390015548597,0.8214801803892531
237,7,0.9521865452844406,1.2415195613981496
237,8,0.9397538129223999,1.5403997682414108
237,9,0.929427624172721,1.7443003211867687
237,10,0.9166479490473617,1.9427422621699897
237,11,0.9277322155803788,1.525713714095355
237,12,0.9892531914140603,-0.6092548506669502
237,13,0.894598737027621,0.3584630888279623
237,14,0.8916058546766812,0.9933586490317552
237,15,0.9104568385328453,1.2025400532341202
237,16,0.9700300043537036,0.31185054525855094
237,17,0.9921284275872833,0.009055967036726287
237,18,0.9479034104119373,1.030746110676425
237,19,0.9454836666731441,1.1548063490153169
237,20,0.9012239797758527,1.716481232583849
237,21,0.8491149274458751,2.284372612671252
237,22,0.8505836552396826,2.143400639981259
237,23,0.8858507536352185,1.3810563060043322
238,0,0.933061227399569,0.42495268935906694
238,1,0.9930788319659437,-0.5121151676435716
238,2,1.0192899467391692,-0.5941633277553073
238,3,1.0248082728195205,-0.3987513034883996
238,4,1.0200459428426698,-0.19155745318671968
238,5,0.9927666166284674,0.370966043269382
238,6,0.9729630451000497,0.7974328068724308
238,7,0.9544342773604051,1.2169243375314167
238,8,0.9401972076839392,1.5491247716763663
238,9,0.9307141393525682,1.7423431635440263
238,10,0.9150888094793879,1.9786719585054993
238,11,0.9250340381330597,1.5890652001783092
238,12,0.9811467312477825,-0.4464052814063617
238,13,0.8924367247319297,0.39702954458079986
238,14,0.8888312003011489,1.0444190192464688
238,15,0.9152945812065109,1.0938308241911159
238,16,0.9637751342010963,0.43476999854370746
238,17,0.9879664414989242,0.08565153480854448
238,18,0.9506154977336707,0.9604760795992036
238,19,0.9505801499661058,1.0153660004947547
238,20,0.9039169120190108,1.6253972836949373
238,21,0.8592889583700751,2.043170674984683
238,22,0.8562494637288987,2.0147083369796768
238,23,0.8876579018545192,1.3469647497225878
239,0,0.9338584256663913,0.4213269960854724
239,1,0.990427309823454,-0.4488826488748998
239,2,1.0175813550616455,-0.5492681824762222
239,3,1.0259858012026792,-0.41480292122986206
239,4,1.022773487242495,-0.22744107810817482
239,5,0.9956586436189813,0.33244819582174756
239,6,0.9758010898705425,0.7478121611694917
239,7,0.9581180908000825,1.146618299034488
239,8,0.9414182151542451,1.515185691942179
239,9,0.9309752408736265,1.7237828155059987
239,10,0.915345865322858,1.9570743870834502
239,11,0.926861555771944,1.5592827363745982
239,12,0.9833222772751433,-0.45115739081286144
239,13,0.8938454764267754,0.39664940216933076
239,14,0.8910637434928251,1.0315046429593941
239,15,0.9172413052678327,1.0537223343900202
239,16,0.9655465866973456,0.42893082656392423
239,17,0.9926760822507206,0.019686720001182323
239,18,0.9527379641871508,0.9080400335145562
239,19,0.9571218062254183,0.9015621447421509
239,20,0.9139723757244144,1.4466510555718095
239,21,0.866703142248233,1.9088895846343945
239,22,0.8659761185581418,1.8311730527779417
239,23,0.8922402559620359,1.2674147285616009
240,0,0.9392695337829279,0.338621221418709
240,1,0.994146276474798,-0.48660068205047935
240,2,1.0139710842451117,-0.46349001935879386
240,3,1.0207634974455888,-0.30898727184458963
240,4,1.016331564836741,-0.11376807679251577
240,5,0.9946801435965915,0.35550543422231407
240,6,0.9736949972682416,0.7903407380859306
240,7,0.9567388536457466,1.1637197068281449
240,8,0.9402830920548776,1.5312947666754972
240,9,0.9278101652235682,1.7636659706983373
240,10,0.9082377316123991,2.0474122069323926
240,11,0.9222890871211912,1.6304713702211568
240,12,0.9823049594068836,-0.40970516799912815
240,13,0.8989257008912143,0.3001276036895142
240,14,0.8957640543991062,0.9234220158444408
240,15,0.9255720205852012,0.8786454315440686
240,16,0.9720108140955158,0.31105822917796644
240,17,0.9906497475103202,0.07789529092293535
240,18,0.9558368557769761,0.8322875716377283
240,19,0.9596604505167762,0.8403949599280658
240,20,0.9217913652444509,1.2647094507959196
240,21,0.8791069144657493,1.6501297041695224
240,22,0.8768402416462597,1.6020269704023704
240,23,0.8999632253283396,1.1040435473897716
241,0,0.9509963552930921,0.11585374305158425
241,1,1.0018408620250838,-0.6199323796992005
241,2,1.0194435510700628,-0.5496053673716155
241,3,1.0255682670992914,-0.382230506223209
241,4,1.0197504902566097,-0.16536593714107894
241,5,1.001393469905744,0.2520669246614542
241,6,0.9802761679015127,0.6893058690897558
241,7,0.9595120460593116,1.1220412346928583
241,8,0.9413878755678579,1.5058708641049865
241,9,0.9279410617320465,1.75035590076671
241,10,0.9104419027773959,2.0159241707338005
241,11,0.9231720410871489,1.6196893428861454
241,12,0.9836331754348169,-0.43948819194015876
241,13,0.902368069384039,0.1897212475961254
241,14,0.8954796625047641,0.8702521641004743
241,15,0.9255728371790306,0.8606991198787028
241,16,0.9711250359571723,0.29593378196156905
241,17,0.9885308863866671,0.11140367102925453
241,18,0.9582804369420329,0.808591843594332
241,19,0.959079185998422,0.8511663098054498
241,20,0.921439218047604,1.2419528400270998
241,21,0.8800911991025071,1.6101261657012351
241,22,0.8799338745362446,1.5295627857950365
241,23,0.9017439236019432,1.064544747600788
242,0,0.9517194761406956,0.10708734518201624
242,1,1.003654740280603,-0.6448099373567473
242,2,1.0221427028403138,-0.5859258670471803
242,3,1.0274211099380337,-0.39565025560540157
242,4,1.023933552602223,-0.22145433064645736
242,5,1.007655025908574,0.16851084350397372
242,6,0.9867503194550697,0.6044459675698395
242,7,0.9671021028787,1.019392340987805
242,8,0.9487411149074869,1.4089293390776625
242,9,0.934581020389596,1.6602731801336787
242,10,0.92109620832097,1.8709539554985088
242,11,0.9322187214326997,1.5051399606085472
242,12,0.9888749496694557,-0.4936489057187856
242,13,0.905624084180216,0.14111900940531008
242,14,0.898582193382654,0.790798605395512
242,15,0.9297975047403935,0.7595649062536332
242,16,0.9776321192309498,0.15837842779901834
242,17,0.9928673135223863,0.012345024499261115
242,18,0.9628713666861547,0.6479866388260938
242,19,0.9663628989802466,0.7006947271150423
242,20,0.9283850096017912,1.0883616398279692
242,21,0.8900634123159907,1.410964004237325
242,22,0.892925911252746,1.2828092018856552
242,23,0.9115169131822674,0.8821427029625255
243,0,0.9548444376295236,0.05528837200651893
243,1,0.9997885921372397,-0.5670321570286241
243,2,1.0210078255546837,-0.554903812531089
243,3,1.0246726321303747,-0.3394709219041765
243,4,1.0236001244095276,-0.20550972639229848
243,5,1.007309724164934,0.18425192989731443
243,6,0.9901462092111726,0.5631717511987215
243,7,0.9666685620061336,1.037096567978958
243,8,0.949900639851067,1.4016897926986083
243,9,0.9402151997022721,1.5893437210333836
243,10,0.9277333216668889,1.771170488179763
243,11,0.9386851733463941,1.4155134228017054
243,12,0.987782546724026,-0.44915222464522486
243,13,0.9151430242720758,-0.016509256361111113
243,14,0.9011953296042261,0.7397500599051661
243,15,0.9412793562399047,0.5258261792941425
243,16,0.9703945402304341,0.24578533375601808
243,17,0.9790648888859533,0.26578887933006357
243,18,0.9736017793920981,0.4243842015845054
243,19,0.9677138309493413,0.6777030869298599
243,20,0.9350405141593232,0.9504214899230945
243,21,0.9008651531474847,1.1851316491722201
243,22,0.9020551167332281,1.0974865911489076
243,23,0.9240420491928422,0.6425483522496016
244,0,0.9658913210596335,-0.14149404111297414
244,1,1.0067933949160417,-0.68876433089922
244,2,1.0263589340143016,-0.6523020212063226
244,3,1.029190782977163,-0.4165442868323659
244,4,1.026559224729996,-0.2517787196269694
244,5,1.0136688941590863,0.08501088382306143
244,6,0.9982444788750356,0.43919535845909685
244,7,0.9703876889549435,0.9873183881489833
244,8,0.9547793925439297,1.3374305931911064
244,9,0.945029162370471,1.525509364002792
244,10,0.9324844025347939,1.7101117742759104
244,11,0.9423357752965568,1.3839106496077598
244,12,0.9894420392871276,-0.43419756682276756
244,13,0.9195109212111083,-0.09421132560861878
244,14,0.9073622907893948,0.6073392378605362
244,15,0.943559923604217,0.4811343014348388
244,16,0.9691302495890513,0.27410387866871133
244,17,0.9922120712271671,0.0350714472103526
244,18,0.9663020866027896,0.5885883129054008
244,19,0.9711837992339106,0.6107942298412965
244,20,0.935127859722168,0.9345348565198535
244,21,0.9014689268829629,1.1561701078233604
244,22,0.9062972032944758,1.000962913740942
244,23,0.931853001853494,0.4742613192535039
245,0,0.974312891204901,-0.30303218719900826
245,1,1.009381886012111,-0.723621279177328
245,2,1.0296176300999387,-0.6876271235301026
245,3,1.034342773004907,-0.47965191196246515
245,4,1.0302497831372381,-0.28797572294456053
245,5,1.0156566148099302,0.08359547223845532
245,6,1.0028954301533697,0.4066868840547979
245,7,0.9731327182430238,0.9979554472666585
245,8,0.9548041970125037,1.384179881425176
245,9,0.943862852635587,1.582485601870042
245,10,0.934165657065379,1.7161657852507997
245,11,0.9435173075511726,1.3899614445634842
245,12,0.9891381136604235,-0.41654959653005363
245,13,0.9302908138422723,-0.291767075548794
245,14,0.9116222975482721,0.5080859700287732
245,15,0.9467941947998602,0.4146002216385156
245,16,0.9705821154065237,0.24406333156310467
245,17,0.9935053112026371,0.029628849680715774
245,18,0.9726523067641007,0.534152080408056
245,19,0.9662836873418035,0.7308755280306478
245,20,0.9346338001157025,0.9513132035506686
245,21,0.9034068941947084,1.1127255665672386
245,22,0.912620356884779,0.8749588281293086
245,23,0.9393839993219669,0.3297512049757678
246,0,0.9803433524578243,-0.4076323817463461
246,1,1.009682278731962,-0.7173298379476272
246,2,1.0292811825508232,-0.663474897652268
246,3,1.0346178437630238,-0.46555207340185945
246,4,1.0296707973556687,-0.26242059229914005
246,5,1.0174276982993986,0.06988643915464365
246,6,1.00790364551005,0.33713661514614124
246,7,0.9784927550322434,0.9368974216947983
246,8,0.9602641386326047,1.3280895694179744
246,9,0.9469441516508096,1.5615487423556615
246,10,0.934333621665207,1.7287464336273253
246,11,0.9442508741937199,1.4038903074931195
246,12,0.9924259871944591,-0.44246061289720906
246,13,0.9344002487655039,-0.3563074627457734
246,14,0.9130670617840865,0.48729766895456805
246,15,0.9503494397065742,0.34937008747631637
246,16,0.9734559122980613,0.18870689171950872
246,17,0.9784292789755571,0.2868485098664344
246,18,0.9728578612333667,0.5426781404303007
246,19,0.9661774043634046,0.7224935120459506
246,20,0.9382148919374044,0.8650064656719749
246,21,0.9115533593111539,0.9475098693639055
246,22,0.9186545780603206,0.7690876187443756
246,23,0.9430329904104662,0.27407105824335076
247,0,0.9829320413087309,-0.43577077721544555
247,1,1.0135150760377314,-0.7658614072934089
247,2,1.0331935936453767,-0.7100549239927325
247,3,1.0382500534121661,-0.5143121153643584
247,4,1.0376132183458489,-0.37562355458138796
247,5,1.0270334067696953,-0.07066820775638583
247,6,1.0199864937512602,0.15435597689612202
247,7,0.9880596327026923,0.7829194180829795
247,8,0.971913451173576,1.1464083045810618
247,9,0.9571324490088099,1.403108131968695
247,10,0.9429241824014184,1.5913407234971508
247,11,0.9461809623301208,1.3713934319033445
247,12,0.9951752917068515,-0.46840045958176013
247,13,0.9383386293828132,-0.42405761358203975
247,14,0.9152540545867,0.4492225741871785
247,15,0.9523716839052075,0.3037623224785797
247,16,0.9781537025202212,0.09649340303006682
247,17,0.9912502400746246,0.07736816503025068
247,18,0.9755915319546088,0.47822974956290665
247,19,0.962673608538149,0.7818958489518124
247,20,0.9422483956704107,0.7620600270753357
247,21,0.9183790370815835,0.7937146506662209
247,22,0.924951791792204,0.639470695356696
247,23,0.9531381705903249,0.09472811485432686
248,0,0.9944809741252658,-0.6320915941198066
248,1,1.0227842946979515,-0.9074166275320703
248,2,1.0412693549573533,-0.823131509576644
248,3,1.0428912131011352,-0.5733509034762623
248,4,1.0411755059946943,-0.4107158655971528
248,5,1.0314309676979243,-0.1188325028238797
248,6,1.0260603930264505,0.08209556754362879
248,7,0.9944813972368742,0.7048743691941297
248,8,0.9733732189856532,1.1240303393189617
248,9,0.956707090034465,1.3982523616670797
248,10,0.9398920417323392,1.616830717921001
248,11,0.9398933178575035,1.4506943954794878
248,12,0.9826879680777102,-0.25954332365361665
248,13,0.9379949738569505,-0.3895155110755457
248,14,0.9209834969050206,0.36692088955097724
248,15,0.9530270097617733,0.2957277530007296
248,16,0.9739756739936247,0.19540946919752855
248,17,0.9805081391789712,0.2644950577250569
248,18,0.9678264415444627,0.5841846843123939
248,19,0.962808150526148,0.678366122268379
248,20,0.952205916169619,0.5266320468571664
248,21,0.9288265790060418,0.5721117095177668
248,22,0.9340862044518701,0.4593138826600196
248,23,0.9584550023020387,-0.011998755160696817
249,0,0.9958418817797251,-0.659974797805015
249,1,1.0201020029312255,-0.8625322829686102
249,2,1.037501727313043,-0.7587127570974239
249,3,1.0366853316778346,-0.4724609466998313
249,4,1.03717296752881,-0.34683596942099726
249,5,1.029156034004065,-0.08370337097575842
249,6,1.0235616604436562,0.120036494755281
249,7,0.992366445997956,0.726971980210152
249,8,0.9684071019515863,1.1780484512039706
249,9,0.9497603338517646,1.4806459033419372
249,10,0.9297284557602677,1.7353680289625562
249,11,0.9271650553690656,1.618111262080495
249,12,0.9772540777939616,-0.1546208655110206
249,13,0.9435899454116246,-0.47633406458230176
249,14,0.9266587229193368,0.2745163115203244
249,15,0.9599856954745247,0.1508606437263147
249,16,0.9814218188130808,0.04364648774897972
249,17,0.990387931655454,0.05973616930820569
249,18,0.981435153435882,0.3142589612336266
249,19,0.9695304049101109,0.5243665765494363
249,20,0.9614717292179114,0.3282561978013945
249,21,0.9373654195274209,0.40094269069093613
249,22,0.9391082705560702,0.34871323989925074
249,23,0.9634801274154682,-0.1245353535764977
250,0,1.0006768777012716,-0.7645440393167249
250,1,1.0236174626861791,-0.9271307308135341
250,2,1.0389230096429267,-0.7803996235895774
250,3,1.0358304230847775,-0.4527771707519399
250,4,1.0338124764503829,-0.2803549002451131
250,5,1.0245120443787854,0.0056439348891004215
250,6,1.0147088943485838,0.26447158230311807
250,7,0.9823414454751648,0.8702546225272236
250,8,0.9570539756631314,1.3469506374616333
250,9,0.9390115174614438,1.6454722404989859
250,10,0.9180430365363876,1.9093129465431993
250,11,0.9117601712496407,1.8492619368505192
250,12,0.962412025557008,0.08867030758029415
250,13,0.9339943891119624,-0.3267397643906449
250,14,0.9192987657513959,0.3717367230734787
250,15,0.9318229340589951,0.7387213733304172
250,16,0.9823676677112004,0.03154713067464243
250,17,0.9938788723730874,-0.0068444144393637885
250,18,0.9834296011507603,0.25712905636182626
250,19,0.9772184554896897,0.447644188016767
250,20,0.9533007019021684,0.48585505751115576
250,21,0.9287194748200627,0.5658683787568464
250,22,0.9316350530232589,0.47814306759221736
250,23,0.9562850681641359,-0.006466772147888378
251,0,0.9943967741941381,-0.6678934867225657
251,1,1.0169120312969977,-0.8162041260475519
251,2,1.0339947822087512,-0.6936884616135153
251,3,1.033869558792329,-0.41743361050439987
251,4,1.0314899414298595,-0.24020973766508646
251,5,1.023719589432551,0.022980808614867954
251,6,1.0167277765634755,0.23677267384457856
251,7,0.9841033895808409,0.8536651897277654
251,8,0.9613284906009258,1.2948199436670293
251,9,0.943505919205268,1.5970432017288072
251,10,0.9230931139261341,1.8628657185606592
251,11,0.9152512702402145,1.76602130640822
251,12,0.9590701448408808,0.17545299919596147
251,13,0.9338946763033211,-0.3115923695957541
251,14,0.9234074785616394,0.2888711152160628
251,15,0.9363090189858092,0.630432713844197
251,16,0.9814005437077796,0.06066432382075604
251,17,0.997879515465952,-0.09833927803061826
251,18,0.9863027691589472,0.17563660122219105
251,19,0.9767566811613967,0.40771431079561893
251,20,0.9549245978624022,0.41141100852479795
251,21,0.9298651454102731,0.5008757449782806
251,22,0.9331626244744609,0.4124717531787745
251,23,0.9568159873815062,-0.042097690003917165
252,0,0.9941356146571407,-0.6692090969518301
252,1,1.0143801785734958,-0.7656228793600484
252,2,1.0185541327867558,-0.4375294005313055
252,3,1.020910773323227,-0.20051489090432106
252,4,1.017461297045631,-0.016172062141039945
252,5,1.0221524778520406,0.05840218473867509
252,6,1.0138352570338098,0.2870275995536815
252,7,0.9830679379265085,0.8951618667193415
252,8,0.9611776441414661,1.3223738992413185
252,9,0.9449298630704064,1.5958100755013476
252,10,0.9261957284527351,1.833266157319235
252,11,0.9164472163710067,1.7451940847742424
252,12,0.9610129031167437,0.1869256606619789
252,13,0.9362585066746291,-0.3273571759531535
252,14,0.9257927613912754,0.23602412403913853
252,15,0.9378013699887746,0.5806510610277584
252,16,0.9812731649967312,0.03925712851042107
252,17,0.9981643079662244,-0.1234032684419013
252,18,0.9883974584969462,0.12503724647946868
252,19,0.9759133572042284,0.4203072398173404
252,20,0.9522241014657946,0.4459587813028598
252,21,0.9309769707479144,0.4760139637552001
252,22,0.9392247834091894,0.32082123658315354
252,23,0.9659546291337449,-0.17204098037192495
253,0,1.002551364460476,-0.7693560512042481
253,1,1.022633321066895,-0.8542520744295796
253,2,1.0396079980163757,-0.7288523657246166
253,3,1.0416053909344871,-0.4847690602496417
253,4,1.0160717760611238,0.014204171841575075
253,5,1.0226160134595204,0.0849451152458034
253,6,1.0173306133224267,0.26783860361880585
253,7,0.9882360970768117,0.8423234711992045
253,8,0.9712512453329734,1.1977573070853413
253,9,0.955196608592642,1.4686951141154125
253,10,0.9405329189720726,1.598679619336039
253,11,0.9195954374590486,1.7094866806278333
253,12,0.9687406852845977,0.10783181164145894
253,13,0.9402597861557117,-0.390668967661135
253,14,0.9277250222269179,0.17800707594775922
253,15,0.943240428698981,0.4597744497890446
253,16,0.9873593958379109,-0.09867354222931013
253,17,0.9996805046520344,-0.17143779019806615
253,18,0.9904116097935471,0.05711863137175044
253,19,0.9751521019007947,0.40721746463977837
253,20,0.9517152044477595,0.432469171428167
253,21,0.9311256495111415,0.4512142582991032
253,22,0.9402823402120283,0.28055021513657863
253,23,0.9686472779132158,-0.2413333674231346
254,0,1.0030056098544513,-0.7927031222900851
254,1,1.023422069439179,-0.8718590648069089
254,2,1.0424169293598953,-0.7674218071135321
254,3,1.0432690076149633,-0.4924206982946018
254,4,1.0096122557079277,0.1308866747825146
254,5,1.0209745430741113,0.11794968225907887
254,6,1.0155118111956447,0.3014333475550135
254,7,0.9835494196726181,0.9084190351017831
254,8,0.9661147840135365,1.2653538291453046
254,9,0.9470626706101419,1.5030611945597148
254,10,0.9357267495345187,1.6693838991579426
254,11,0.9156119792543311,1.775859166831017
254,12,0.9687121416426148,0.15217731884376384
254,13,0.932118695472765,-0.19884557601330677
254,14,0.9293331782691405,0.13063162418623797
254,15,0.941126688873381,0.4700529436675609
254,16,0.9823298178108303,-0.03418391162417933
254,17,0.9953521874235424,-0.11929121412544319
254,18,0.9882753076271109,0.07456211975533122
254,19,0.970253026010602,0.4871634505269107
254,20,0.9526403315907027,0.41225547323759315
254,21,0.9333936118728472,0.4019908963234826
254,22,0.9424653010524806,0.23111096899996397
254,23,0.9719273934772803,-0.30552440952227045
255,0,1.0055309186240147,-0.8389787711718721
255,1,1.0260412376657138,-0.9106993732312922
255,2,1.0453130353878533,-0.8065725658501055
255,3,1.045490754756798,-0.5162917686963056
255,4,1.00978992627115,0.11780087020450125
255,5,1.0223431213508931,0.09911409922711378
255,6,1.0158241718416186,0.291674414783861
255,7,0.9834860729587185,0.8984441940275509
255,8,0.9557326877064405,1.3186951679817938
255,9,0.948991772646683,1.467923351406247
255,10,0.9368882795662742,1.6421420922357726
255,11,0.9182180010342694,1.739576515068249
255,12,0.9723524710517706,0.1365012809131816
255,13,0.9330129957678617,-0.21408996749994635
255,14,0.928901694268175,0.10229837198996705
255,15,0.9376641874696755,0.48195190277737865
255,16,0.9784102231820205,0.0009717993282798432
255,17,0.9889337035505082,-0.03334999197954858
255,18,0.9823584260801382,0.18236643133872477
255,19,0.9680942056523282,0.5005096334568222
255,20,0.9521843205966795,0.3988341674084843
255,21,0.9346490007294097,0.3625885865932261
255,22,0.945679476586721,0.16059860243532853
255,23,0.9757507638336889,-0.394804546587201
256,0,1.0100560985126419,-0.9182794091857538
256,1,1.0288768793816765,-0.9478266826037451
256,2,1.0129574809588686,-0.3180332558355019
256,3,1.046888447125302,-0.5282645467623386
256,4,1.0097844307302828,0.11937117480738912
256,5,1.0205447513576813,0.12378448872351022
256,6,1.0144642362616334,0.311463707544517
256,7,0.9833729415559994,0.8997397586679767
256,8,0.9553565287774971,1.3164957368241108
256,9,0.9485138396669166,1.4720478951252094
256,10,0.9385073347181834,1.6226946805181601
256,11,0.9192230308015296,1.7292925048064198
256,12,0.9701148457097055,0.19429089337097594
256,13,0.9292223577954672,-0.16788006012933288
256,14,0.9236226315855507,0.1757894257150756
256,15,0.9377066057626643,0.4678085551848987
256,16,0.9746645383543093,0.08440615191315004
256,17,0.9861651985088312,0.039899582143622325
256,18,0.9862128718363327,0.12710281289878012
256,19,0.9705060945716072,0.46807933737431284
256,20,0.9529192803236769,0.39099558941664725
256,21,0.9360635078511724,0.3432252801189257
256,22,0.9452425721748174,0.16383053850708507
256,23,0.9742533081244835,-0.37210632408659094
257,0,1.0108849914877773,-0.9357131905045843
257,1,1.0283620302695338,-0.9429417025970306
257,2,1.0445432115703976,-0.7971758172527963
257,3,1.044347999168479,-0.4963541647168075
257,4,1.0058759317577122,0.19326834356197686
257,5,1.023211215963402,0.09357167061979688
257,6,1.0208007871435278,0.23862700064074716
257,7,0.9585738591736864,1.1509209143674237
257,8,0.9563131253125627,1.3016013169470195
257,9,0.9495019042029155,1.471548566089492
257,10,0.9397768742426785,1.6218392027554724
257,11,0.9205229298887301,1.731038697424621
257,12,0.9759196526170479,0.161970438189023
257,13,0.9295811714884403,-0.15150770990862128
257,14,0.9218754862001897,0.18720777194285532
257,15,0.9359805520035555,0.4730051672383535
257,16,0.9735580585033652,0.10087603331328765
257,17,0.984662260924988,0.07434472837163497
257,18,0.9885799691892994,0.07965452207524493
257,19,0.9715154829207223,0.423970026981479
257,20,0.9542660957046395,0.34746648896634724
257,21,0.9358724430700986,0.35355652581113617
257,22,0.9466680988297195,0.1454298792715889
257,23,0.974585184932724,-0.36969257044177617
258,0,1.0147102302383508,-0.9776315176893622
258,1,1.0383629551982156,-1.0523664564690698
258,2,1.0541763356802571,-0.8969429170289356
258,3,1.054755755116169,-0.6121029965434222
258,4,1.0428461747636022,-0.29172697751633336
258,5,1.0323288299968134,-0.015052081831429476
258,6,1.0293535251227062,0.12714591855083768
258,7,0.995840027255319,0.7525732654154993
258,8,0.9582641950756821,1.2833627686585913
258,9,0.9528623726456639,1.4373228533892952
258,10,0.9433547859567486,1.5769893539525448
258,11,0.9288771203714062,1.5327297375578173
258,12,0.9841578729726185,0.07246247327937283
258,13,0.933939573482064,-0.20792014421230043
258,14,0.935559706213985,-0.033790676569417144
258,15,0.9478641832976465,0.26113978160635654
258,16,0.9838783149758326,-0.09593914549104099
258,17,0.990371642824977,-0.027287281041974865
258,18,0.9924416595916206,0.008912546621768769
258,19,0.9737703737675648,0.47188657365345676
258,20,0.9544761335270903,0.34592924358936017
258,21,0.9369641576245598,0.3435706983319413
258,22,0.9464296778823996,0.16446842241665038
258,23,0.9766581357544362,-0.3919384798819454
259,0,1.0169783715018457,-1.0046976375934698
259,1,1.0404245266120271,-1.0732781290313422
259,2,1.0606854512967125,-0.9796245676295943
259,3,1.0607406783940692,-0.6954336431199177
259,4,1.0483298465695121,-0.3683593157050158
259,5,1.0379733157167366,-0.08792948812345536
259,6,1.0339004807320769,0.06554166762600211
259,7,0.9633587247936563,1.1044740947164833
259,8,0.9604054684685831,1.2633976923308659
259,9,0.9580701893627865,1.337843252127648
259,10,0.953566701702824,1.4186483545057893
259,11,0.9316319020985728,1.5062596898578864
259,12,0.9806432063407197,0.15890293365766617
259,13,0.9318887190851084,-0.16444746877557037
259,14,0.9346297572503225,-0.013726094246667486
259,15,0.94924102601061,0.23889029457354027
259,16,0.9834716749029324,-0.07237019260242761
259,17,0.9881933765018648,0.04513063806346196
259,18,0.9848842027134194,0.194206654845118
259,19,0.9722665630726858,0.5027718152642997
259,20,0.9470713946754585,0.46435104913169667
259,21,0.9276710151399737,0.5070251790850442
259,22,0.9388950026212299,0.2945322033315847
259,23,0.9702907904555488,-0.29064629242661866
260,0,1.0123211180332383,-0.9238660575412823
260,1,1.0361248074958262,-0.9796357237929083
260,2,1.0570551743739638,-0.8896251008876579
260,3,1.0560233872803966,-0.5888398034630367
260,4,1.0461484371147338,-0.3024339312653552
260,5,1.0380288683094314,-0.050271638402259455
260,6,0.980678717294449,0.7482759595749542
260,7,0.9656376176199728,1.0798489019880773
260,8,0.9627008111720898,1.2350536263516663
260,9,0.9606047034480983,1.3021863070980686
260,10,0.9564969435831786,1.3786899975977889
260,11,0.9349564062730592,1.4692799003996289
260,12,0.9787999627965429,0.21396265044712237
260,13,0.9287699182683761,-0.11337127584287998
260,14,0.9340773644824957,-0.012452664084984022
260,15,0.9506942653738604,0.20594924756871436
260,16,0.9827927079658786,-0.05064300448279724
260,17,0.9861789080421257,0.10385164603778563
260,18,0.9832327149418386,0.24270571501950045
260,19,0.9698408889192551,0.5660024386717453
260,20,0.9452038953604778,0.6397609130835171
260,21,0.9274740665266599,0.5189682323283975
260,22,0.9401776249794344,0.28715836281499385
260,23,0.9739015757577595,-0.33754991383860045
261,0,1.0132699218700612,-0.922676715594017
261,1,1.0345225465482057,-0.9490393895065878
261,2,1.0599072961168696,-0.9267276775686497
261,3,1.063418691669453,-0.7000564506940474
261,4,1.05463841357086,-0.40949870703502
261,5,1.0439290395924392,-0.11182727487422639
261,6,1.0380199038343223,0.05756242518014787
261,7,0.9682152941590462,1.0607557754123622
261,8,0.9659662932360898,1.209560269135757
261,9,0.9633930744189664,1.2844644225394752
261,10,0.9603176733248778,1.3512845088698633
261,11,0.9396479702214084,1.4372990641936543
261,12,0.9829231171608542,0.18818609794957197
261,13,0.9294538362820449,-0.11379483313677419
261,14,0.9412249662141908,-0.11689028902721077
261,15,0.9530605723374541,0.18619392898307296
261,16,0.9848634068689767,-0.06377268476604314
261,17,0.9893141649469408,0.06515049721921784
261,18,0.982774819293014,0.2683434188830809
261,19,0.9676144706761243,0.5938210110070266
261,20,0.9442231384278397,0.644351176530435
261,21,0.9254538389965958,0.5730072254801257
261,22,0.9401211439615516,0.31186861202364113
261,23,0.9470744172629901,0.21564395145131598
262,0,1.0166540101985522,-0.9551388397116511
262,1,1.0386235889803912,-0.989938108645557
262,2,1.0601223413876293,-0.9067594216587977
262,3,1.061533622067385,-0.6578479691931296
262,4,1.0517055303481277,-0.36525572820636754
262,5,1.0403741913288058,-0.06029628555437583
262,6,1.0355465041606104,0.09415632210410507
262,7,0.9700310870462827,1.0485824179733054
262,8,0.9677596035960832,1.1963907873526392
262,9,0.9653307439543167,1.269213825977845
262,10,0.9630941867050418,1.3257298396017916
262,11,0.9432891016695671,1.40446927007328
262,12,0.982417309453227,0.20672155556028216
262,13,0.9299091729544688,-0.11532722779758409
262,14,0.9330386001554842,-0.029364597735119347
262,15,0.9442897122106129,0.2867121063903433
262,16,0.9774211773773794,0.019573124055678903
262,17,0.9846154008197484,0.11592902193641663
262,18,0.9746399077959333,0.3914143246536703
262,19,0.9658844156482628,0.6143180391242673
262,20,0.9428730484444571,0.6641873701421126
262,21,0.9256184342389563,0.5684220588257958
262,22,0.9439113687177196,0.2577654436058676
262,23,0.9809564349964716,-0.4237403357987368
263,0,1.02177380714112,-1.0222981297717588
263,1,1.0414953160288964,-1.0181787767750343
263,2,1.0621281672324534,-0.9252181221030664
263,3,1.066458409238648,-0.6997639087329848
263,4,1.0590652243142349,-0.4365886253643243
263,5,1.0456682753277404,-0.1102240267502399
263,6,0.9814419977289832,0.769175328172345
263,7,0.9697148126921138,1.0551264938342726
263,8,0.968392489459163,1.1911625368856065
263,9,0.9665700119298155,1.2591864338708962
263,10,0.963846828963757,1.3252119506252686
263,11,0.945631571510053,1.3887320787748187
263,12,0.9804391767760885,0.23917933382712597
263,13,0.9332732205582369,-0.1536922420430198
263,14,0.9333286650001746,-0.05461909835490175
263,15,0.9381208363957223,0.3701657616392833
263,16,0.9652713824016439,0.243766815863232
263,17,0.9739489119729735,0.335224415545877
263,18,0.9625442293762955,0.6359808951596264
263,19,0.9651430646899718,0.6386737673700473
263,20,0.9397677584155708,0.5851712076661038
263,21,0.9225083204653389,0.6250134728059287
263,22,0.9439043565349188,0.26779357199403186
263,23,0.9848219338073245,-0.4856371056457238
264,0,1.0253921144646052,-1.0774811782562903
264,1,1.042460442163204,-1.022947313567089
264,2,1.061853463852026,-0.9165213737906086
264,3,1.0643594869466615,-0.6589057888899994
264,4,1.057176328002266,-0.4074862824864045
264,5,1.0438293021610374,-0.08505152593514431
264,6,0.9829030809881852,0.7516829517777381
264,7,0.9710287347813451,1.039998375888132
264,8,0.9705648688647671,1.164977772836595
264,9,0.9681067487372476,1.2388713621632075
264,10,0.965108942133184,1.3100381136855983
264,11,0.946930604522122,1.3776500286183566
264,12,0.9294432546231012,0.8040381324340888
264,13,0.9314134548190491,-0.10374472758988951
264,14,0.9395938389973182,-0.02565792239894371
264,15,0.9493901219335582,0.17897501274094552
264,16,0.9766800354533783,0.05347965721198733
264,17,0.986500342413819,0.1114510173422012
264,18,0.9773753718953339,0.34799431791790525
264,19,0.9663893638206245,0.6126752051451163
264,20,0.9436479907217034,0.6614042410466006
264,21,0.9306286424856764,0.4787419471150418
264,22,0.9475433754144434,0.20566581185652133
264,23,0.9858173841146772,-0.4969594232385326
265,0,1.0249461551091092,-1.0583801130738877
265,1,1.0432945117218104,-1.0146729453057066
265,2,1.06307814333936,-0.9086966392404641
265,3,1.063302697280926,-0.6204474692434783
265,4,1.05469795273127,-0.35676252921815
265,5,0.9817300751561154,0.6953158773659744
265,6,0.9826562210971498,0.7590356487518317
265,7,0.9723632823550815,1.026213951207021
265,8,0.9716792448326605,1.1541475295515848
265,9,0.9690727512472136,1.2270592492958983
265,10,0.9654236428591788,1.3009593985582892
265,11,0.9481795783963943,1.364770362221524
265,12,0.970746668373456,0.4274649220617732
265,13,0.9256990011340397,-0.015261985568496783
265,14,0.9337283297225981,0.05881068450643667
265,15,0.9403765072709385,0.3222637408977107
265,16,0.9664339638627555,0.37290377610713676
265,17,0.9893640195519666,0.07489075925091626
265,18,0.9777996335415056,0.34454211250757893
265,19,0.9629803489501956,0.6752170566792621
265,20,0.9381014808193293,0.7640409298982007
265,21,0.9066144798274564,1.074945631358938
265,22,0.9399687495878617,0.3616256602426642
265,23,0.9352771410750353,0.4402371381015211
266,0,1.0192579138573052,-0.9429450166518603
266,1,1.0388617506230966,-0.9078037698597594
266,2,1.0631187283712116,-0.8684660656046663
266,3,1.064015374363396,-0.5945292145137984
266,4,1.0558422903496265,-0.33857702869327255
266,5,0.982018731363204,0.700003871197703
266,6,0.9833566350606936,0.7588175335856846
266,7,0.9765478533655794,1.0334133086921007
266,8,0.9722768147098986,1.1540599597662435
266,9,0.969479790396729,1.227098055304868
266,10,0.9657057294414518,1.300591244579504
266,11,0.9495431852837439,1.3558610741290718
266,12,0.9749539695491454,0.39582201010631124
266,13,0.968508157695014,-0.629009337915857
266,14,0.928475131111166,-0.003573700759442744
266,15,0.9356230263295714,0.4022054175963632
266,16,0.9704059663813074,0.17030779181829026
266,17,0.9876804287284338,0.12324600934248053
266,18,0.9739257248165025,0.4277063533479257
266,19,0.9609969859108519,0.6869886417985533
266,20,0.9358700251505083,0.7836937944343241
266,21,0.9062998415098712,1.060891332169355
266,22,0.9069336923338015,1.0229217173647527
266,23,0.9338885900039425,0.44713110758723396
267,0,1.0202690675977442,-0.9518975960858995
267,1,1.0411303658993607,-0.9256508405688031
267,2,1.062152250520462,-0.836671414622904
267,3,1.0608752404112771,-0.5376900305426648
267,4,1.0535742954297793,-0.301097985597206
267,5,0.9954368926388422,0.5470497256124087
267,6,0.9924551387077923,0.6693896521079559
267,7,0.9772661142467373,1.0211665516833364
267,8,0.9738197832284191,1.191997290869386
267,9,0.9705304821738155,1.2624816949750173
267,10,0.9642081389908945,1.3200078380787073
267,11,0.9488724502717378,1.369054613898962
267,12,0.9771939017548801,0.40813310191525964
267,13,0.9733007543433417,-0.661470553708245
267,14,0.9302949283323716,-0.029118408376994864
267,15,0.9384489177542484,0.36635207517758417
267,16,0.9654148180389636,0.26418420428138667
267,17,0.9804175322474671,0.25550400158406106
267,18,0.9644410849795807,0.5997130223296168
267,19,0.9590399399050454,0.7113323369414104
267,20,0.937491156043088,0.5910657321787642
267,21,0.9202285861180932,0.6792101127307841
267,22,0.9389706309504519,0.3935353382789746
267,23,0.9365073939815841,0.424063386871703
268,0,1.0159186059007208,-0.8678218353694884
268,1,1.0342766789760356,-0.8025827841607498
268,2,1.0549640633224524,-0.7142456385217759
268,3,1.0564948926033149,-0.4537207109808161
268,4,1.0527195065662018,-0.2554359926858929
268,5,0.994480035538406,0.5728999003315849
268,6,0.9918071468573918,0.687944409844846
268,7,0.976522630404919,1.0342623160702793
268,8,0.974069621245169,1.1907087060445019
268,9,0.9715194198211541,1.2494815658863825
268,10,0.9654785782382076,1.324284676443913
268,11,0.9520629620590687,1.3408340842923518
268,12,0.9799155693113237,0.42519435413771234
268,13,0.9697692618733168,-0.590601014741134
268,14,0.9318931384374317,-0.047718425575594026
268,15,0.9471549424121373,0.22113547131854006
268,16,0.9785426791688836,0.03432884179930973
268,17,0.9716739636926498,0.39211971411837254
268,18,0.9586750230212879,0.7361869368476626
268,19,0.9585418357074322,0.7083709411470913
268,20,0.9433579137176987,0.5009714319304912
268,21,0.9266043600990943,0.6008910081168928
268,22,0.9422974000650624,0.36905759855422815
268,23,0.9351981154512049,0.4464127045242581
269,0,1.0192654129876664,-0.876876529687582
269,1,1.0338126318249117,-0.7470703234767928
269,2,1.048126296954171,-0.5731253271182624
269,3,1.0485003499502248,-0.3031315049616108
269,4,1.0426224104950907,-0.09132469104793195
269,5,0.9945030735249907,0.5924637330709093
269,6,0.9923098402086594,0.7008287789881233
269,7,0.9775817625451071,1.0343184398570866
269,8,0.9751015465248241,1.1895717476260064
269,9,0.9729859963257405,1.2435462861610684
269,10,0.968612195747835,1.304364314599047
269,11,0.9530503378814376,1.339351479036841
269,12,0.9683196643052231,0.5665637845017777
269,13,0.972739074945359,-0.6106881321703774
269,14,0.9400145917344779,-0.17028980497927826
269,15,0.9573241102944606,0.05727872141199697
269,16,0.9869525820695271,-0.10147446980306718
269,17,0.9663954391221202,0.4824224782469493
269,18,0.9537174756209023,0.8245106359816905
269,19,0.9553435194115873,0.7611453721985733
269,20,0.9462781508561946,0.483357230506515
269,21,0.9262604089126926,0.633476357693791
269,22,0.9406785558474657,0.41094484969268485
269,23,0.9344444550260246,0.4597707327737357
270,0,1.0178173768771441,-0.868111634140206
270,1,1.0346919910524204,-0.7552114068709113
270,2,1.0522539084192175,-0.6250160445243527
270,3,1.0540384882302434,-0.3596809366666225
270,4,0.9887190630951036,0.5330898458975319
270,5,0.9926984322622885,0.6159446579925163
270,6,0.9915527368457294,0.710211737916449
270,7,0.9769412352571825,1.0436335558020513
270,8,0.9742457979316884,1.1883453798419037
270,9,0.9730540034921307,1.2376051052819506
270,10,0.969520209030416,1.2934853927940022
270,11,0.9537637257436108,1.4062652031567726
270,12,0.9751149957575806,0.5221966627091934
270,13,0.9761815983760739,-0.6488435813327857
270,14,0.9398129446725227,-0.2064715216996884
270,15,0.9593605855092464,0.0015693869047179732
270,16,0.9883369526922965,-0.14066873014596482
270,17,0.9611106825459619,0.5616083192602765
270,18,0.9504934693913294,0.8832646552738499
270,19,0.9521231504625511,0.8106433857586861
270,20,0.9437823973208017,0.5108829230377463
270,21,0.9227979213224741,0.6934290932043776
270,22,0.9085836702052438,1.009557886321785
270,23,0.9341455358056544,0.4643123391816637
271,0,1.0077649440411385,-0.7414467927950845
271,1,1.028454736636805,-0.6856336872821096
271,2,1.0495396237133774,-0.6077385136163755
271,3,1.052223359171191,-0.35043241760979527
271,4,1.0430770556990336,-0.1002893333048771
271,5,0.9929569399747902,0.6090554236777486
271,6,0.9920209371464869,0.7025248131495889
271,7,0.9778823211283002,1.0304483087286478
271,8,0.97508352333487,1.1738515790901385
271,9,0.973398354739553,1.2302144374832764
271,10,0.969867677673262,1.2881953493285785
271,11,0.9576239336650771,1.308685873027752
271,12,0.9711320800818207,0.5801402837495502
271,13,0.9712801873243899,-0.569969222183305
271,14,0.9354735448269065,-0.1397695451713883
271,15,0.954564015873059,0.08779032643656848
271,16,0.9866680231911575,-0.11177886011216032
271,17,0.9621040162028309,0.558065700276897
271,18,0.9530029647263125,0.8560001799531047
271,19,0.9537693133694999,0.7902111969115051
271,20,0.9419889336991534,0.5490515553177371
271,21,0.9201703710416681,0.7522887387683888
271,22,0.930004506544927,0.6029146462940798
271,23,0.9329501786624427,0.4857342352054239
272,0,0.9971301146607596,-0.5608077019166444
272,1,1.0148032691343782,-0.4693529683952171
272,2,1.0372474646056205,-0.41898847804852934
272,3,1.0426436290948158,-0.2010468763677551
272,4,1.0373814660032592,0.00417718711687165
272,5,0.9908704434070644,0.6349160504855824
272,6,0.9917848956481604,0.7092874756732748
272,7,0.9797558006247599,1.014494154848574
272,8,0.9757404571364994,1.1696014324751385
272,9,0.9740407164512261,1.226458115655534
272,10,0.9703280492505758,1.284055907407609
272,11,0.9610541341475776,1.2826994680438828
272,12,0.9770829127396328,0.5789575308545505
272,13,0.978100253012407,-0.5849501814545448
272,14,0.9372719662931404,-0.119441155420688
272,15,0.9560932125718031,0.08960140192316679
272,16,0.987593835083768,-0.09552642362104358
272,17,0.9644612160120665,0.5342940261552442
272,18,0.956228424119542,0.8207005411079535
272,19,0.9556302335660548,0.7635663375010999
272,20,0.9380845846613594,0.6433427172211594
272,21,0.9194078874634126,0.7938223324789444
272,22,0.9088254691350093,1.0221858961727808
272,23,0.9320604826023596,0.5096652319860837
273,0,0.9996945788964753,-0.5615890388427687
273,1,1.0145580224403994,-0.42149934890440655
273,2,1.0386903612729856,-0.39460178995966544
273,3,1.0455995054141487,-0.20258903290310215
273,4,1.039679747856168,0.014871759962517217
273,5,0.9932624185930504,0.6206667753997852
273,6,0.993205166166114,0.7009581008560382
273,7,0.9811741459053023,0.9985955349017921
273,8,0.977190054991376,1.1539130509807745
273,9,0.9747841433504277,1.2201266328657994
273,10,0.971166521329676,1.2677730358014898
273,11,0.9610352759997887,1.289012336898467
273,12,0.9847136643452461,0.5260936864763845
273,13,0.9887742934708578,-0.6913111646515855
273,14,0.9418911255621012,-0.17951289646367563
273,15,0.9552079859916814,0.07910408828827187
273,16,0.9841294260829367,-0.06274391209339569
273,17,0.9643869297852273,0.5554555212699146
273,18,0.9569303288507396,0.8249735682364712
273,19,0.9548216695369112,0.7859728919149287
273,20,0.9351314148258376,0.6735174165890339
273,21,0.9174669409454623,0.8272407598598868
273,22,0.9285880504490285,0.6790976127040356
273,23,0.9345945162697199,0.48862788536220947
274,0,1.0027755057601473,-0.596041145329206
274,1,1.0184414674588465,-0.4682242284865339
274,2,1.041368995781075,-0.42683880116297956
274,3,1.0470415332004608,-0.22173220184334852
274,4,0.9922216660482408,0.5118309223743402
274,5,0.997157411815386,0.5797355397065047
274,6,0.9962449131461714,0.6680576701372569
274,7,0.9833403481815747,0.9766803807710058
274,8,0.9793854360489876,1.135485705360919
274,9,0.9766529928066676,1.2049161409251106
274,10,0.9719930035885586,1.2769762607684312
274,11,0.9590462197550673,1.3683164287450147
274,12,0.983561172863277,0.5736205641633436
274,13,0.9845075614176851,-0.6024863857654488
274,14,0.939800376619353,-0.14349316025591818
274,15,0.9538222335597151,0.10085625730265768
274,16,0.9814407508496714,-0.01452726030652407
274,17,0.9663852960610982,0.5367654007403342
274,18,0.9578400690190936,0.8245165326066957
274,19,0.9531294083419629,0.8062175239958993
274,20,0.9309845832693774,0.7463513562162856
274,21,0.9149856862110572,0.8817332574774497
274,22,0.9249457425306976,0.7497784651229189
274,23,0.9624699093878596,-0.00418356261639552
275,0,1.001687271733054,-0.55092299084723
275,1,1.0208774673289545,-0.4697681580159738
275,2,1.0429318237677607,-0.42209739029485505
275,3,1.0492150786108636,-0.22293332426994894
275,4,1.0409300039238456,0.0175138031735127
275,5,1.0011108898576138,0.5519321185463397
275,6,1.0007354101821397,0.6261172274608775
275,7,0.9857900417935104,0.9588350367957972
275,8,0.9825439642716821,1.1088778686137708
275,9,0.98044992012173,1.1689629391293739
275,10,0.9765700156988237,1.236607118102862
275,11,0.9636191703421002,1.3294463286261173
275,12,0.9817671088527601,0.5982015423244178
275,13,0.9781882016300473,-0.4971635025682595
275,14,0.9305124938404169,0.003874078008539783
275,15,0.9438689241721139,0.2734621555739736
275,16,0.9729922362549888,0.12835743752522788
275,17,0.9855881841584755,0.1693578625348522
275,18,0.9602483085599223,0.7849320557625621
275,19,0.9485494093327126,0.8014281578207587
275,20,0.9289506858691837,0.7901478144287157
275,21,0.9156831958696832,0.9029117036020562
275,22,0.9259698207836055,0.7621671350422581
275,23,0.9605544533804614,0.04837374304979036
276,0,0.9961263398274465,-0.44546668594966476
276,1,1.014569389530961,-0.3701298419433865
276,2,1.034971346054536,-0.3091018598811601
276,3,1.0420582064141573,-0.11942162135366274
276,4,1.034925796095052,0.1012600534356487
276,5,1.003365495845593,0.5462541832171013
276,6,1.0020375901289298,0.6304017636867716
276,7,0.9866147433670132,0.9556433472222992
276,8,0.9835221193937937,1.1015437465327267
276,9,0.9806817950878939,1.1700983687706064
276,10,0.977800343135329,1.2278941818482405
276,11,0.9654325666076254,1.3167018069876182
276,12,0.9821587043114888,0.624314279775902
276,13,0.9795398767955875,-0.4621725164168389
276,14,0.9305597550184521,0.024813115821132214
276,15,0.9422849767688198,0.2935889850620974
276,16,0.9636898717507504,0.36332262351264966
276,17,0.9717134954250946,0.4641693512993079
276,18,0.9638608075435939,0.7276724157646957
276,19,0.9471886971844986,0.8134831934018969
276,20,0.926314668637295,0.824374912352452
276,21,0.9157203723769763,0.9103647276820137
276,22,0.923288344471538,0.8135609841152984
276,23,0.9548103370294093,0.14371965011826227
277,0,0.9875369086383262,-0.32223158988896117
277,1,1.0066770505414784,-0.27259528882145645
277,2,1.027217177522137,-0.22088400835933797
277,3,1.0344180980401683,-0.0374881144445407
277,4,0.9952249269225233,0.5159563529473115
277,5,1.0005386262835319,0.5790687261521885
277,6,1.0011429584470817,0.6420572837950242
277,7,0.9867023148648458,0.956363606164027
277,8,0.9833612232222171,1.1010908647167126
277,9,0.9811094195476288,1.1655406340110481
277,10,0.9722832441367958,1.2610921024308173
277,11,0.9633251596059662,1.2842152213070364
277,12,0.9862334689022878,0.6094090493042277
277,13,0.9837108822217341,-0.47831765621658384
277,14,0.9355912617579324,-0.058203491986629885
277,15,0.9488978329873411,0.17748178746732002
277,16,0.9714926352564114,0.1252421066694609
277,17,0.9808552646055406,0.24287920371521743
277,18,0.9606059548758571,0.7853243966994761
277,19,0.9457823685604361,0.8229799126858222
277,20,0.9246447149275973,0.8450439671545436
277,21,0.912453125663118,0.9668589151724802
277,22,0.9189556830610512,0.892200854937899
277,23,0.9486552433223578,0.24963477983656723
278,0,0.975892359441273,-0.1512993601421826
278,1,0.9961634422261763,-0.11406861557118297
278,2,1.0196685288951979,-0.10767273635436503
278,3,0.9924374524164458,0.44226060771786635
278,4,0.9943170694387846,0.5393054316474846
278,5,0.9984401768458732,0.6119206957448675
278,6,0.9983517946228972,0.6767598877246765
278,7,0.9861085660292881,0.9677574545506982
278,8,0.9838354330472024,1.0988828028169406
278,9,0.9815673589873973,1.1613478914516993
278,10,0.9728874310167303,1.2499733800363488
278,11,0.9651304452618812,1.2650943941830084
278,12,0.9851050597604326,0.6447038663460418
278,13,0.9861843222049033,-0.4947051117310597
278,14,0.9340400374651856,-0.048181257199070515
278,15,0.9488763478638688,0.16532193788142635
278,16,0.9727427492269142,0.10443955323734322
278,17,0.9685520139007417,0.5160094003253306
278,18,0.9600679996690877,0.7928878249718316
278,19,0.9428711889208181,0.8688446175477846
278,20,0.9207924693747997,0.9210896197803233
278,21,0.9087868578412517,1.0463307379183053
278,22,0.915443395195605,0.9635395035162126
278,23,0.9265722668804042,0.6684366930541188
279,0,0.971344462223442,-0.07433679448611308
279,1,0.9916074726038437,-0.03667602075780607
279,2,1.013803300269726,-0.014534502804538718
279,3,0.993452323479073,0.4356573819448606
279,4,0.995290343912959,0.5310236064409661
279,5,0.9999398390454468,0.59887110391902
279,6,0.9992475619197729,0.6661673670348964
279,7,0.9867915439241689,0.9602048523880606
279,8,0.9858329718075601,1.079965443288211
279,9,0.9824802080473204,1.148677869998349
279,10,0.9794616182740911,1.2118140477409929
279,11,0.970474529259293,1.2758752888370664
279,12,0.9855673055741477,0.6755728141951298
279,13,0.9799777950404222,-0.3989882492684522
279,14,0.9262071031868507,0.03958476598101335
279,15,0.9417629651683306,0.254954229351382
279,16,0.9674791590713435,0.18522225178153207
279,17,0.9798800192196007,0.2751756807625494
279,18,0.9643665628504641,0.7427393841304593
279,19,0.945453833984218,0.8495271778139557
279,20,0.9249019969409249,0.8860508539482446
279,21,0.9136351707826491,1.0171709752443405
279,22,0.920196525323177,0.9370836105863471
279,23,0.9275281644116611,0.6606617000261092
280,0,0.9709741688378198,-0.03040469126437273
280,1,0.9900613932187365,0.02110138952470919
280,2,1.0103552005472578,0.05309477579068833
280,3,0.9920280831031343,0.4722563870468548
280,4,0.9948199779906807,0.5548834527647859
280,5,1.0003591989450378,0.6093281217418856
280,6,0.9989939156300901,0.6765555484347701
280,7,0.987467605478143,0.9527548863880071
280,8,0.9855649679316403,1.0780544205114175
280,9,0.982089190313935,1.1466838463240867
280,10,0.97891684788903,1.2130178670146066
280,11,0.9711187189855173,1.2714636669611687
280,12,0.9886788761906435,0.687546350558554
280,13,0.9772858563624032,-0.3009555915568143
280,14,0.917223693401573,0.17192706895069065
280,15,0.9291889855075911,0.43830040479163657
280,16,0.9575961963809405,0.346026728736895
280,17,0.9730037163088712,0.3809687476810737
280,18,0.9634423831644371,0.7728622066863089
280,19,0.9386806221178965,0.955067767055894
280,20,0.9201016868791722,0.9946085927179116
280,21,0.910124311115881,1.114454559790678
280,22,0.918905581236344,1.0035286292420214
280,23,0.9279480411381722,0.660852194149383
281,0,0.9663573945587617,0.093718618984731
281,1,0.9834348453490391,0.15725582214881761
281,2,0.985694570272383,0.36589238288151016
281,3,0.9936110847698355,0.47449104121586494
281,4,0.9965376744608525,0.5593226485613485
281,5,1.0029699122725937,0.6061175139498829
281,6,1.0016591344251893,0.6697973115430145
281,7,0.9892559390566079,0.9456546589849699
281,8,0.9867264249646386,1.0788173439246522
281,9,0.9824579454687705,1.1500960244312406
281,10,0.9791387179129646,1.2169438463714366
281,11,0.9719000656370346,1.267952529966034
281,12,0.9946020060263303,0.6427367232063625
281,13,0.9795226086517761,-0.3043414506170876
281,14,0.9170285324333157,0.1738052556489471
281,15,0.9398646977254719,0.4477593930326691
281,16,0.9616075654228683,0.41155279140634704
281,17,0.969009384602719,0.44224398509406804
281,18,0.9661107902990212,0.7361586143500745
281,19,0.9399355821026165,0.9273138800272118
281,20,0.9218891606253913,0.9549374380540492
281,21,0.9163263061252712,1.0171925705807698
281,22,0.9250414931314359,0.9175585919387306
281,23,0.9273416729152095,0.6652742733370882
282,0,0.9707074657498677,0.05341819295970751
282,1,0.9863463996770647,0.13142725101578456
282,2,1.0068645620994534,0.1251852514826517
282,3,1.0146301418476267,0.2607644208808697
282,4,1.0101993690223035,0.43005447552134335
282,5,0.9982789994266997,0.674421094320456
282,6,0.9965119460002987,0.7386960941750838
282,7,0.9863204245376795,0.9906853426641815
282,8,0.9843704151947369,1.1201255041975386
282,9,0.98056694729399,1.1760036188032545
282,10,0.9793573845862238,1.1997065376946372
282,11,0.9734651216456924,1.2071649171968222
282,12,0.9937790681337588,0.6364723296824053
282,13,0.9821533857275041,-0.30623606393415237
282,14,0.9178186601495277,0.179116309402918
282,15,0.9426790661909076,0.4330178849154436
282,16,0.9662356221837611,0.3851041072459651
282,17,0.9771557790446269,0.4574640000097503
282,18,0.9670513748298892,0.7354958064327768
282,19,0.9414817895025377,0.9229562855717113
282,20,0.9234433852375039,0.9441740784844939
282,21,0.921394040894209,0.9746279000728233
282,22,0.9288813198712976,0.8974111579741173
282,23,0.9338658366226829,0.580988881086963
283,0,0.9371238980150426,0.49594876008643674
283,1,0.981374674544074,0.19828423873301837
283,2,0.9992058108999963,0.21114840378244004
283,3,1.0050063666361895,0.36689396810010777
283,4,0.9996708849186393,0.5356965953993651
283,5,1.008969544480233,0.5803338374619322
283,6,1.0009478977540265,0.7128591027590723
283,7,0.9829021607662848,1.0308240320193427
283,8,0.9881723438554278,1.1087306110564539
283,9,0.9837189778240539,1.1332322914058635
283,10,0.9814961396521188,1.185238162309167
283,11,0.9676270589603385,1.2900487296223915
283,12,0.9854915422725511,0.6907306017662744
283,13,0.9757561850374065,-0.24082193930079754
283,14,0.9103179996174057,0.2537607971307434
283,15,0.9545650305983168,0.28612028406881684
283,16,0.9655446652708093,0.39287795843657136
283,17,0.9608316728133642,0.5506293292438666
283,18,0.9725121633719819,0.6003646697632679
283,19,0.9396715198108861,0.9231722857702991
283,20,0.920675336522659,0.9809980866200938
283,21,0.9189278041561463,1.0154176436868436
283,22,0.9282313385332688,0.9117413498570759
283,23,0.934765677156013,0.5670396152119537
284,0,0.9376109346622703,0.4889266380328028
284,1,0.9784216737647583,0.23563015547371435
284,2,0.9960168187614957,0.2616678706436435
284,3,1.0004041840094289,0.4333776488399099
284,4,0.9950471335810442,0.5967743853138785
284,5,1.0066234025553145,0.618783384825182
284,6,0.9989847332594566,0.7491187247211153
284,7,0.98271540001339,1.0522286590634193
284,8,0.987071255564638,1.1452564425078817
284,9,0.982809118657316,1.1629483604027149
284,10,0.9820248640593944,1.1733142235423673
284,11,0.9660125464648897,1.3072038292458608
284,12,0.9847632265019862,0.7372610736829524
284,13,0.977685798585387,-0.19144411322172594
284,14,0.9102534412169543,0.29521695697115113
284,15,0.949259653510141,0.3690659588053453
284,16,0.9663430093051408,0.3901196893413914
284,17,0.9541735384839575,0.6688341407272986
284,18,0.9726286345650911,0.5948511328090795
284,19,0.939557743230824,0.9449171365565956
284,20,0.9207627743116565,1.0119836585404567
284,21,0.9204421842128699,1.0365316361769725
284,22,0.9322034483789144,0.9017082339328759
284,23,0.9345366650035113,0.5710077649798802
285,0,0.9282835931492041,0.6174837442578394
285,1,0.9791888155076833,0.2656018300265508
285,2,0.9915429063966308,0.34309184890632594
285,3,0.9937424697107026,0.5187196310403319
285,4,0.994723602141848,0.6170886176114241
285,5,1.0078191229295057,0.6285858521557497
285,6,1.002064423292693,0.7350302813933673
285,7,0.9850104255590799,1.0377926991103408
285,8,0.9900781911228616,1.1126860458020342
285,9,0.9843147759477544,1.1391664598016673
285,10,0.9823092558585059,1.1498109311095108
285,11,0.9670179009607502,1.2787089016111564
285,12,0.9830845383320526,0.7657490839268304
285,13,0.9783089719334616,-0.13474006475614075
285,14,0.9122782451193995,0.31519098124545053
285,15,0.9536130184608725,0.2862968335024725
285,16,0.9695313542445193,0.29465373815548546
285,17,0.9568990782485494,0.6667402670074356
285,18,0.9719061059818114,0.603698112924187
285,19,0.9390546202669037,0.9635164420965854
285,20,0.9233449574193361,1.0013084715852685
285,21,0.9246293652409232,1.0211099437927498
285,22,0.9345149851259443,0.900214782611787
285,23,0.9336226224912896,0.5868883078141511
286,0,0.9288418591351235,0.605609107828041
286,1,0.9776433261329969,0.30172495060753945
286,2,0.9918989496318846,0.3552048947136015
286,3,0.9938132180269718,0.5329920373950667
286,4,0.9959989277647815,0.61660855980689
286,5,1.0116756869874772,0.6117586310097476
286,6,1.008291209601718,0.7073628812246913
286,7,0.9927333911911476,1.0068316693977577
286,8,0.9946296588261222,1.0984844581256406
286,9,0.9874563663234721,1.137450942176197
286,10,0.9835061935244955,1.161545468146782
286,11,0.9691832846487509,1.2781656709366578
286,12,0.9851659410698164,0.7807500848482141
286,13,0.9816968003581225,-0.10960385776756532
286,14,0.9195234031429151,0.2704306196431645
286,15,0.9519779664858699,0.3115079195998458
286,16,0.9677051998657838,0.32489050272733166
286,17,0.962598566147828,0.6278323301553375
286,18,0.9721724193873644,0.6137497225691799
286,19,0.9409860818562777,0.9507642563757486
286,20,0.9281071680768949,0.9631422375489436
286,21,0.9331205709891409,0.9650253631803665
286,22,0.9403557187275069,0.8762964113756713
286,23,0.9331100186088376,0.5993922756265864
287,0,0.9287576567179705,0.6092944147386277
287,1,0.9798130411057686,0.3090842080228864
287,2,0.9915122238004919,0.37617750787780935
287,3,0.9909152957102333,0.556568614942524
287,4,0.992021282694887,0.6439007948148214
287,5,1.0082227098659626,0.6355014105804004
287,6,1.005184787286933,0.7253320535337817
287,7,0.9920563464546466,0.9993715618322279
287,8,0.9938339003991786,1.0963971345929249
287,9,0.9871052093025692,1.1348334944067986
287,10,0.9823095671883076,1.1631710425626478
287,11,0.9679523276791738,1.2792565035784937
287,12,0.9837765499307229,0.8026882303282257
287,13,0.9803301382235232,-0.07676811682489948
287,14,0.9209563848865161,0.2645862758435289
287,15,0.9511388531222239,0.32752151774267624
287,16,0.9678629212269727,0.336796992660787
287,17,0.9732779414653978,0.4778865497323501
287,18,0.9736439073225777,0.610496047045249
287,19,0.944131174174294,0.8948618026352353
287,20,0.9334617465452258,0.892974833339526
287,21,0.9397360677191178,0.9020085084255349
287,22,0.924726699292238,0.8883693289654833
287,23,0.9339314948215385,0.5956704007939155
288,0,0.9277744478706353,0.624857360198563
288,1,0.9783472279382134,0.3562645876855175
288,2,0.9880197968393709,0.42549899697774674
288,3,0.9877935719746977,0.5966024496879347
288,4,0.9883128364710019,0.6838514936589704
288,5,1.0055003086075542,0.6669924223736752
288,6,1.0024735396483273,0.7534176105626216
288,7,0.9893636981351822,1.0044830994167953
288,8,0.9904844998342727,1.1041512464854284
288,9,0.9829938437868758,1.1558751051436476
288,10,0.9759932234957268,1.2030301334982418
288,11,0.9630856342251428,1.3110164131527222
288,12,0.9789135495369498,0.8580514847074125
288,13,0.9750058069175372,0.014144152317903114
288,14,0.9201562344135279,0.3155974676613198
288,15,0.952002134335221,0.3284922592369881
288,16,0.9681460939668086,0.3429748014357319
288,17,0.973420785932945,0.4893437105757119
288,18,0.974119233220203,0.6132973340859937
288,19,0.9546073893652065,0.8304179025992244
288,20,0.9418421616215245,0.8428676685014143
288,21,0.9495101965524784,0.833272551717835
288,22,0.9257725887207516,0.8860521174775418
288,23,0.9635255071128439,0.40943417877050514
289,0,0.9710503906236597,0.2455485465391849
289,1,0.9816782327312765,0.34174780350628886
289,2,0.9904823933312817,0.4140930202421753
289,3,0.993599879197747,0.5537565073556729
289,4,0.9946703078377414,0.6304627465627517
289,5,1.0097244418425475,0.6310382723590067
289,6,1.0066879680683138,0.7255392821882447
289,7,0.9918682941930477,0.99314893302597
289,8,0.9926630872098616,1.0985904908122501
289,9,0.9847009614735107,1.1518302313894235
289,10,0.9747999998307119,1.2180257442970905
289,11,0.9656010814859456,1.2990285990230879
289,12,0.9830584292103305,0.8532216477012424
289,13,0.9796882009751877,0.020483277060063365
289,14,0.9286173495026926,0.27018367351413186
289,15,0.9528198276309687,0.3203252221891386
289,16,0.9706066246694014,0.31100134205317786
289,17,0.9764925339489953,0.4501729771987488
289,18,0.9767701433093219,0.5817237481367794
289,19,0.9575386433863073,0.8169075635261489
289,20,0.9458644524534591,0.8237626167033802
289,21,0.9546333155873067,0.8128460157212931
289,22,0.9638248454746283,0.7196066312201879
289,23,0.975652896309636,0.3198609961745209
290,0,0.9821841673539611,0.1707864377072852
290,1,0.9912423906514817,0.28900544387769234
290,2,0.9986355532240576,0.3794840255978036
290,3,1.0000900596401305,0.5320330275389002
290,4,1.0022635012070271,0.6049154588183541
290,5,1.0183487958116606,0.5971512864729718
290,6,1.0172855791028164,0.668447602975454
290,7,0.9972781360641126,0.9728996239076784
290,8,0.9987608438083657,1.0697277246526964
290,9,0.9915943501673297,1.1135332759792371
290,10,0.9837191655931417,1.1633231485611004
290,11,0.9736580315485764,1.242585447869505
290,12,0.9912970780635617,0.8071684114553825
290,13,0.9903606233529303,-0.05690513158399124
290,14,0.9359216613056576,0.20003939499680357
290,15,0.9535836619765291,0.3111226943649683
290,16,0.9708440644724682,0.3134553531052422
290,17,0.9775685580348383,0.4414761857334799
290,18,0.9779463635895637,0.5682853146539646
290,19,0.9629910550917832,0.7456879657069599
290,20,0.9492285187818206,0.708801063228913
290,21,0.9579745938927614,0.7941263246652017
290,22,0.9672572838908874,0.7097927807459481
290,23,0.9777774213852307,0.3354586547139
291,0,0.9827345279660817,0.21194342772848884
291,1,0.9905199116172718,0.32714485856776143
291,2,0.9975375811065925,0.39677169512027
291,3,0.9987998143443494,0.5427232104713777
291,4,1.0022731245458776,0.6186827681394185
291,5,1.0155777035671192,0.617264574493225
291,6,1.0136322774136848,0.698728754929042
291,7,0.9976809063336933,0.9646877993665006
291,8,1.0015060551240904,1.0523303755101852
291,9,0.9946499472427388,1.103526473235724
291,10,0.9916665140793952,1.1289165280610929
291,11,0.984096385826819,1.196189609650145
291,12,0.9981699113880692,0.7917925747732193
291,13,0.9938456498174416,-0.05434619457306411
291,14,0.9369461794614466,0.21585650490091446
291,15,0.9536009989728713,0.3220931689878803
291,16,0.9711891982769136,0.31890538200080165
291,17,0.9783817380068345,0.43659791297262984
291,18,0.9786730796855228,0.5626153221243744
291,19,0.97122730537087,0.5776664624460963
291,20,0.9490529128545164,0.7053070715736407
291,21,0.9611972822958655,0.7733022892870949
291,22,0.9719479933656221,0.6762188346763391
291,23,0.9823292288730721,0.30701297196140054
292,0,0.9865008922280611,0.20331176920219018
292,1,0.9975947136528345,0.30512431935910733
292,2,1.0007974946391407,0.4222750110520552
292,3,1.0035826092487383,0.5577905137364061
292,4,1.0059012128049598,0.6351103591218763
292,5,1.017112452392525,0.6480280757826211
292,6,1.016584488301664,0.7036563771499429
292,7,1.0010695588514447,0.9606443174462012
292,8,1.0035943729422174,1.0506781870096464
292,9,0.9968194149016572,1.1066775871659376
292,10,0.9952931262180157,1.127298020190766
292,11,0.9890770653694766,1.180115964883253
292,12,1.0031636953494225,0.8036820722167111
292,13,1.0001571684232182,-0.03254343518973979
292,14,0.9408386896014012,0.2251419178929348
292,15,0.9595803406823984,0.27471081205068515
292,16,0.9690439882908811,0.33389702921028963
292,17,0.9771299937071434,0.4493982056088264
292,18,0.978254620131941,0.564486577267532
292,19,0.9712825760441696,0.5718171948864885
292,20,0.948834187479123,0.704333174970122
292,21,0.9250260626563452,0.9044936365672953
292,22,0.930041234945322,0.860338112946657
292,23,0.9807922291515918,0.35301982444589974
293,0,0.9835803476116944,0.2689756801604126
293,1,0.9981492025289791,0.3409326493942233
293,2,0.9993294759443436,0.4623798297508541
293,3,1.0009439564851974,0.5999218013771879
293,4,1.0015832201151709,0.6811910432064021
293,5,1.0104897680281335,0.7052181776563087
293,6,1.0089045023274619,0.766950368740452
293,7,0.9964600082356285,0.9876546093493612
293,8,1.0001563285015005,1.0607199297133958
293,9,0.9947017336223817,1.1150253399448893
293,10,0.9930889899145915,1.1479617393705288
293,11,0.9914999799119151,1.172987946162623
293,12,1.003314661423062,0.8283258706179257
293,13,1.0009147468699022,0.01278809674172443
293,14,0.9499096624731108,0.19683371975480046
293,15,0.9503591772857781,0.33751503640826463
293,16,0.9677102139723156,0.3416847575207722
293,17,0.9763637790694627,0.45831287436784507
293,18,0.9772291478580698,0.5779622817300307
293,19,0.9703811418348386,0.5735549061594458
293,20,0.9472430636610703,0.7268583535206918
293,21,0.9251589861523508,0.9093582837277392
293,22,0.930828103199114,0.8564394193162599
293,23,0.9874730971418594,0.32996808701582925
294,0,0.9881951590905127,0.2673147522541015
294,1,1.0023482000555086,0.3408841525094628
294,2,1.000367834225891,0.47581411014443464
294,3,1.0023492742621047,0.5986431436368722
294,4,1.0032323287076579,0.6781496700133083
294,5,1.0126156214797077,0.6966791608754574
294,6,1.0142140673028697,0.7418695580321408
294,7,0.9992451931186466,0.9665018113815886
294,8,1.0034577171176513,1.0273022136467684
294,9,0.9985956147235969,1.087195935953467
294,10,0.9992094387512812,1.119691300125913
294,11,0.9999472247907134,1.146279187286499
294,12,1.008943174620436,0.8308247718613417
294,13,1.0030883969378845,0.04507536350238439
294,14,0.9536453128924752,0.18635092121508467
294,15,0.9590285406604561,0.2632713551495627
294,16,0.9782485761139316,0.26426740657158554
294,17,0.9919090494045967,0.3504245113133315
294,18,0.9792794268389912,0.5642935731649903
294,19,0.972838361074387,0.6128160698820064
294,20,0.9469720566817043,0.7362297891260425
294,21,0.9251714099233529,0.9163585562859993
294,22,0.9319888466553488,0.8524877490503888
294,23,0.9922136165975568,0.3590605038407011
295,0,0.9924865457096023,0.30188313785846876
295,1,1.0043830289139324,0.3888464848675248
295,2,1.000742337732531,0.5300443149376788
295,3,1.0011855595633858,0.6458829915788256
295,4,1.0044458967224066,0.7104758911145659
295,5,1.0154341249408632,0.710981863574248
295,6,1.014222549621808,0.7562628292135019
295,7,1.0013531723351008,0.9513412108322985
295,8,1.0043150652463844,1.0160307089716198
295,9,1.0025999112565596,1.0689807297751548
295,10,1.0023810140231448,1.1046015917921759
295,11,1.0024833614553226,1.1220348491281067
295,12,1.0083552611887572,0.8360517511694345
295,13,1.0086330004522084,0.06314448110326065
295,14,0.9625831175747984,0.17773621018499863
295,15,0.9498643583418123,0.3539462286251247
295,16,0.9739237929528273,0.39233653351896614
295,17,0.9950351760962276,0.40141223560260997
295,18,0.9983940776717614,0.5811495783367953
295,19,0.9764632588648036,0.6725448974493968
295,20,0.9460978998812197,0.746864589614697
295,21,0.9846152251252077,0.7285864512922018
295,22,0.9932185784510082,0.6740050610449142
295,23,1.0012451409005536,0.3503861220487199
296,0,1.0011980480087137,0.28840050625299263
296,1,1.0132614119536667,0.36416897880718846
296,2,1.0087168709602654,0.5002030651839391
296,3,1.0078446376881076,0.6236032733527219
296,4,1.012880495184886,0.6857661937452244
296,5,1.0245052624467241,0.680397227377803
296,6,1.0238313239197991,0.7231080470140938
296,7,1.0097875950429718,0.9177003461172397
296,8,1.0100239803121553,0.9988544156062682
296,9,1.0052656540586833,1.0586811779333676
296,10,1.0046995452241902,1.0933299720211815
296,11,1.0071154067906423,1.0968682259016322
296,12,1.0110653728576247,0.8236333189250455
296,13,1.0180802232053667,0.03653887564007441
296,14,0.9766635587587398,0.09764210721897815
296,15,0.9489294323807795,0.3698500473067572
296,16,0.9667310846450072,0.37531173317234057
296,17,1.0108429533803096,0.2805298154680571
296,18,1.0145325958222466,0.44709134039581144
296,19,0.984698111208097,0.596126781721928
296,20,0.9451890742674268,0.7510537120645324
296,21,0.9913181568691898,0.69103363201077
296,22,0.9964060346980362,0.6580540592228061
296,23,1.0016026991191211,0.35693221294265154
297,0,1.0001797435382487,0.31893336172617204
297,1,1.0104843242176502,0.4094026820901071
297,2,1.005600688507167,0.5564694289961691
297,3,1.0015711381835521,0.7051792761020286
297,4,1.0089625109233222,0.7508019850842622
297,5,1.0172540227686502,0.7595345174140409
297,6,1.0171009366290664,0.805033337243704
297,7,1.0045173029720809,0.9809126656698623
297,8,1.0052587511058524,1.0652181457460062
297,9,1.0019887967229029,1.1229264235667475
297,10,1.0044238573414963,1.1394471570511104
297,11,1.008583086038301,1.1377558570752773
297,12,1.0110355577585843,0.8948277355887706
297,13,1.0193731115805642,0.11158184261171389
297,14,0.9804090925666854,0.12169498612421581
297,15,0.9479567259353919,0.38565195041097056
297,16,0.9653458250197603,0.39114541506482325
297,17,1.0151748659740967,0.2621319840056664
297,18,1.016713959303244,0.4496393497525517
297,19,0.9895679460294143,0.5757848339470897
297,20,0.9437608255234801,0.7597692777122695
297,21,0.998366793327548,0.6817241542866306
297,22,0.9989458099405257,0.6782806230513492
297,23,1.0036702529693358,0.3879345642456613
298,0,1.0030525437824986,0.35810365408645506
298,1,1.0134563687922882,0.44206733995961844
298,2,0.9705588469654678,0.6902085977659551
298,3,1.0051088285386678,0.7172369363834976
298,4,1.015079336748486,0.7520378444668925
298,5,1.0233628285294312,0.77017132487022
298,6,1.0259012217132255,0.8007307788431755
298,7,1.0148572793348711,0.9761739194057526
298,8,1.0164180660247977,1.0558570780006118
298,9,1.015179193443064,1.0864064097582444
298,10,1.0144578780540665,1.1050005622508432
298,11,1.0181517162547211,1.1100666090998388
298,12,1.0210066950561885,0.8854163607705079
298,13,1.0308911757201673,0.09460116506944871
298,14,0.9475207771680189,0.14719803421397604
298,15,0.9476715973811698,0.3890594447483391
298,16,0.9645518807892902,0.39680730599526726
298,17,0.974177628683094,0.517840372999391
298,18,0.980021586018046,0.5714020496879666
298,19,0.9958196249189697,0.5476500826753181
298,20,0.9439633700727461,0.750476361643166
298,21,1.0018817442031083,0.7135366463399162
298,22,1.0008835842495014,0.7162768314881545
298,23,1.004973448710053,0.41691894905855253
299,0,1.0049397675247742,0.37164438169790337
299,1,0.9461388975326956,0.6862790192799286
299,2,0.9713518363198947,0.6867276193512728
299,3,1.0076376358360137,0.7042041017499336
299,4,1.0154285263021154,0.7631130554262411
299,5,1.0204009307527275,0.806745304029203
299,6,1.0221876055925754,0.8363189251912022
299,7,1.010101381716195,1.0039311823381718
299,8,1.0114549031392002,1.072476419397578
299,9,1.009695037762921,1.115021736789752
299,10,1.0080567701495498,1.1287149782175678
299,11,1.0124516360850349,1.1351168450131222
299,12,1.0144538073105742,0.934172074034147
299,13,1.0319797430123048,0.1357819935719098
299,14,0.9259100555906754,0.31066404452782503
299,15,0.9480535338260848,0.3888353499044799
299,16,0.9649122687064592,0.39647049145269886
299,17,1.0257831929222447,0.2390756639397793
299,18,1.02923283018299,0.40599214740629286
299,19,1.0052863289179765,0.4968618722006699
299,20,0.9445413480419153,0.7511573738852011
299,21,0.9235276210569832,0.9355461029308527
299,22,1.0068987798372655,0.717139135019595
299,23,1.0086518704105953,0.43445087293285845
300,0,1.0054419689506628,0.4138941338547468
300,1,0.9455230779077998,0.694806320275859
300,2,0.972238057722862,0.7042319419316065
300,3,0.975794518443592,0.824018079849397
300,4,1.010848894484778,0.8006605184119184
300,5,1.0129402679838864,0.8633464443652121
300,6,1.0151404814723657,0.8780540262505223
300,7,1.0062335370390159,1.0227123910373725
300,8,1.0109430352414581,1.0735080846904794
300,9,1.0104712224531813,1.1029776654241719
300,10,1.0129487476533066,1.109663750974815
300,11,1.021542279180916,1.094268839366948
300,12,1.0226284481914296,0.9134266929453632
300,13,1.0364785442100166,0.16841286083155715
300,14,0.9080941025834747,0.5858174139726913
300,15,0.9483437613357857,0.3828790512203044
300,16,0.9649093147867521,0.39226611456941907
300,17,1.0295836063349193,0.2324715624093816
300,18,1.0307947884148096,0.41890272363814596
300,19,0.9784322312384094,0.5757916267233387
300,20,0.9446606562988465,0.7509804342159274
300,21,0.9240540536287098,0.935647108117057
300,22,1.0064098948377482,0.7546222997418113
300,23,1.0102325532627878,0.470760218554525
301,0,1.008602883548792,0.4547260310077297
301,1,1.0169909547326803,0.524880225581505
301,2,1.01350452322542,0.6362008197107949
301,3,0.9752225243834524,0.8411176610783846
301,4,1.0164841947367627,0.8309951545996448
301,5,1.0165138038333494,0.9073895702561989
301,6,1.0177138208893228,0.9192279021031826
301,7,1.0071878702602497,1.0483669165189058
301,8,1.0135115592727018,1.0821245014243206
301,9,1.016063886300334,1.1039255341442655
301,10,1.0181585345709416,1.106355530346383
301,11,1.0259655955535296,1.0926652230255254
301,12,1.0270095945020812,0.9170659096395655
301,13,1.0448673615846062,0.1779207294723042
301,14,1.0134149638656405,0.07497478377286537
301,15,1.0097903884523993,0.16549027803121952
301,16,1.01602393378633,0.1719820343439462
301,17,1.0356098408422836,0.18959434273958742
301,18,1.0370806275661468,0.35177480826730445
301,19,0.9797009632069907,0.5835147193671641
301,20,0.9446633290183492,0.756830751169411
301,21,0.9241305731380486,0.9427572235582815
301,22,1.0097913994746155,0.740518412818572
301,23,1.013237485112854,0.4707554880439959
302,0,1.011857750229261,0.4589054472229943
302,1,1.0193689538956157,0.538202369414547
302,2,1.0163331616870288,0.6556436924450955
302,3,1.0101702991148402,0.7874737095076831
302,4,1.016821760202591,0.8451259175947738
302,5,1.0197647680074164,0.90525627790446
302,6,1.0216301789297049,0.91316208446495
302,7,1.0103934748659391,1.0332531048776747
302,8,1.0158065382346915,1.0599723374318057
302,9,1.0188965942576356,1.0904592094569159
302,10,1.021644663241619,1.0976020170586276
302,11,1.029965118917181,1.0875081623415737
302,12,1.0313990506922017,0.9224101948931445
302,13,1.0513037302230797,0.19199194530944652
302,14,1.0246150474737674,0.025504186778884552
302,15,0.9460174060433139,0.4208735535848218
302,16,1.0234301517141373,0.12477453212259793
302,17,1.0449258739997824,0.1362436068088364
302,18,1.0466528079301716,0.28711044174898603
302,19,1.013524118484495,0.47060870945069233
302,20,0.9452332352792672,0.7540615597644642
302,21,0.9255151375274872,0.9374100875443352
302,22,1.0132315260373521,0.732188035799985
302,23,1.0161939046726116,0.46668759566816487
303,0,1.0144780847961252,0.4572015918407315
303,1,1.0178359318660302,0.5479783811052217
303,2,1.0119454383313982,0.6733505103912423
303,3,0.9723434582347333,0.87477899034208
303,4,1.011617587598438,0.8602802748291958
303,5,1.0132939474009455,0.9337132845343752
303,6,1.01409629701455,0.9427657016246607
303,7,1.0030567117173872,1.0617014368984528
303,8,1.0071773866444007,1.0988666576308965
303,9,1.0087512456694552,1.1304750038662617
303,10,1.0103301368283466,1.1320900850424374
303,11,1.01996430078713,1.1201637389038517
303,12,1.0214237907610315,0.9816252309856552
303,13,1.0412200932984539,0.27912769446365227
303,14,1.0191581876913895,0.07503954614248265
303,15,0.9437900699406294,0.4389502335799893
303,16,1.0275118320375665,0.11322386440608856
303,17,1.0476466149419588,0.1237881010140498
303,18,1.049439474841799,0.25081932820174657
303,19,0.9864728778614608,0.5524609067626001
303,20,0.9453095568801948,0.7604264805387322
303,21,0.9264865302206367,0.9380673020907384
303,22,0.9675297724439987,0.8274755055355865
303,23,1.01451880694872,0.48625440474148895
304,0,1.010804319570746,0.4939672106580275
304,1,1.0149863774498784,0.5568277929825349
304,2,1.0072948046701702,0.6930428553099777
304,3,0.9732486678353897,0.8841820440660166
304,4,1.0052584056454548,0.8897592734691839
304,5,1.0077053193740855,0.9559632814024819
304,6,1.0063940244882665,0.9687091819686877
304,7,0.9976612886292997,1.0844847862769011
304,8,0.9998798705451079,1.129976496231945
304,9,1.0015511555017105,1.1617319386497478
304,10,1.0049764477943066,1.1574336758388015
304,11,1.0092174986242324,1.164438446157925
304,12,1.0104692599688379,1.054439949792687
304,13,1.0407031186299238,0.330958361924238
304,14,1.0265869412346866,0.056763574136121875
304,15,1.0281084013052635,0.06822018397599283
304,16,1.0400466123900969,0.04407233922797538
304,17,1.057929695028102,0.07279950946832248
304,18,1.0566948675511714,0.22592804458505356
304,19,0.9906854542645441,0.5171421325423413
304,20,0.9443088812098869,0.7667173086030283
304,21,0.972995762922288,0.8413284842019513
304,22,0.9717794226325178,0.8144593923089838
304,23,1.0214420375027624,0.4781538364435258
305,0,1.0179835885996833,0.49027257591715045
305,1,1.0230016456607245,0.5534086943654843
305,2,1.014620807772563,0.6838227437917164
305,3,0.977381171085985,0.8866233464548112
305,4,1.0124034887514333,0.8779759659569581
305,5,1.015246378464391,0.9386489428873874
305,6,1.0112914108322453,0.94903559968327
305,7,1.000604669580769,1.0671567916654565
305,8,1.0007481105849754,1.1204835199087846
305,9,0.9996823131945989,1.158142712571626
305,10,1.0045923832475512,1.1589161142643496
305,11,1.0102933066816049,1.168413254604876
305,12,1.0100808314667444,1.0795234276487524
305,13,1.0358956611951646,0.39450975440797453
305,14,1.0231185228610746,0.11785058504807466
305,15,0.9350283694808377,0.6177394588811875
305,16,1.038915772627204,0.10418557913491444
305,17,1.0591865720991365,0.1286441178298281
305,18,1.0577896250863246,0.28639689802045787
305,19,0.9925024237943764,0.5138729072337602
305,20,0.9448681500238608,0.7602970624429348
305,21,0.9755249667283892,0.8433342791414509
305,22,0.9737318072662186,0.8233023897621772
305,23,1.0180490732987109,0.5385811225467361
306,0,1.01160994579111,0.5632121789855908
306,1,1.0160123631272788,0.6347379280865866
306,2,1.0062711354595695,0.768994226657874
306,3,0.9757717386184144,0.8992332209414151
306,4,0.9773558917434009,0.9729836940077576
306,5,1.00797803278437,0.9904333727090062
306,6,0.9822493196701081,1.0538517587976934
306,7,0.9819370555965702,1.1394244553265045
306,8,0.9949812846534718,1.1575371662293756
306,9,0.9971071310365641,1.1939086113524917
306,10,1.0022561888731152,1.2037014490450504
306,11,1.0080634900167382,1.2028495384879827
306,12,1.0071825513084958,1.113130705028022
306,13,1.0349364217570887,0.4281739127550632
306,14,1.0256742481791075,0.11112876301740737
306,15,1.0245485598302724,0.13304092524235056
306,16,1.0412977307807227,0.0848795563217033
306,17,1.0586611738269227,0.13668126383190682
306,18,1.058092637091087,0.2834179348761934
306,19,0.9920682565667207,0.5092227411197667
306,20,0.9452243921354571,0.7609893232197669
306,21,0.9767250375194172,0.8417156982852267
306,22,0.9746976730632088,0.8272221785337157
306,23,1.0181954262554964,0.5699833486165087
307,0,1.0128959883181543,0.5885838194229849
307,1,1.0163171183525694,0.6621484544404215
307,2,1.006008724473207,0.7921589004505605
307,3,0.9788221115848466,0.9097132079198396
307,4,0.9794031748961346,0.987890086079823
307,5,0.9837596954970099,1.0375358735444125
307,6,0.9832313541072815,1.0611379556275025
307,7,0.9831748806223154,1.1382468462459694
307,8,0.9920227193291745,1.1631687161054352
307,9,0.99371961789774,1.196399489630524
307,10,0.9998727909492244,1.2055156194560621
307,11,1.0047063400654663,1.2084650019010448
307,12,1.0060773693351683,1.1134948677362537
307,13,1.0326960193793429,0.45690310835277437
307,14,1.0227751414949542,0.14492468785019774
307,15,1.0229676776449268,0.16373875639714974
307,16,1.0402713385303697,0.11517326017153451
307,17,1.0574761265395487,0.17509697695358728
307,18,1.0578714496978467,0.3102044323464206
307,19,1.0296401001029318,0.41877715672137406
307,20,0.9459174296881026,0.7719734726718013
307,21,0.9783977216949827,0.8347414535002198
307,22,0.9757169389439957,0.82281097772346
307,23,1.0191478675113634,0.5922600808807372
308,0,1.011633860278103,0.6410907173299432
308,1,1.0173939360875774,0.711352816338576
308,2,0.9776982931843932,0.8186733945213303
308,3,0.9774928419114274,0.9291677542513956
308,4,0.9781977659930691,1.0007177453952787
308,5,0.9824995467735094,1.0451378938742475
308,6,0.9822786004623352,1.068753572481027
308,7,0.9817002691908732,1.143420097729041
308,8,0.988342276635876,1.185951518857276
308,9,0.9953034724266904,1.2042876309037234
308,10,0.9994045778151389,1.2107053160485517
308,11,1.0054161043848324,1.2068050081640638
308,12,1.006336771200955,1.1166081172632965
308,13,1.0351565331926633,0.47259706681669567
308,14,1.0290500470516215,0.14721412867317651
308,15,1.0305985798301518,0.14574717047966335
308,16,1.0450113703661075,0.10023422949116156
308,17,1.0618472758460014,0.1466399115633923
308,18,1.0601886776888672,0.27290934491781105
308,19,1.0303818230025625,0.4180686878036237
308,20,0.9457563437326401,0.7707916856539345
308,21,0.9806330010538554,0.8411837260790502
308,22,0.9777026890396058,0.8306074106248476
308,23,1.0136493262836008,0.6226270753414092
309,0,1.0093104613397617,0.6491141315400224
309,1,1.0126794246303015,0.7304121126018885
309,2,1.0046509773317924,0.8575093016522883
309,3,0.971328105201246,0.9608171486053774
309,4,0.9321076300634433,1.2115961103461519
309,5,1.0064769617373401,1.0321203066676286
309,6,0.932239772320219,1.3373996167714841
309,7,0.9365273379224442,1.3933199891651808
309,8,0.9912014754792599,1.1790592589139601
309,9,0.9914708853410609,1.2142789379385888
309,10,0.9959369411483343,1.2245191477759056
309,11,1.0023551701067408,1.2268072146301254
309,12,1.0062554158355135,1.1420036625579362
309,13,1.0410349901084983,0.506320534685166
309,14,1.0278627365038788,0.19778753561481732
309,15,1.029659925023273,0.17769002854164384
309,16,1.042730410140651,0.14508824977609702
309,17,1.0592728660744009,0.18186706338723102
309,18,1.0573084784784925,0.3001797129913806
309,19,1.0296292176127528,0.41825213241507875
309,20,0.945540515062499,0.769706267691074
309,21,0.9214465491563587,0.950047374380798
309,22,0.9793101732142974,0.8363592210283546
309,23,1.0165553319817058,0.6240837165852708
310,0,1.0124145382715868,0.6518330701711537
310,1,1.015523552780166,0.7280274045951511
310,2,1.0068933448623636,0.8454000846979328
310,3,0.9312567031114749,1.133528809683317
310,4,0.9318080994836878,1.2118290392485802
310,5,0.9328394402295307,1.2840557311407608
310,6,0.9320630623663051,1.3369640541629169
310,7,0.9364645375166571,1.3928871179981375
310,8,0.9790416347977186,1.208765576103217
310,9,0.9807285864585771,1.2404228306692675
310,10,1.0001519530509853,1.2059562205554821
310,11,1.007762762551134,1.2017852642801476
310,12,0.8933047841297508,1.2015212631397452
310,13,1.0446709706109205,0.5049014001529617
310,14,0.9082120070683652,0.5771780895543435
310,15,1.0280744954731655,0.18805579000506256
310,16,1.0468526489273329,0.121496860071038
310,17,1.0640828348268714,0.18863132204416377
310,18,1.0651633603886337,0.2799223206887511
310,19,0.9998256505134095,0.4857943982490429
310,20,1.0464797206259502,0.48863093461994644
310,21,1.0438420889303062,0.7589747939033167
310,22,1.021458026529667,0.8096292534762002
310,23,1.0175889291775906,0.6300342018927756
311,0,1.0142657245413518,0.6597379593033978
311,1,1.0172610161550553,0.7311709912418722
311,2,1.0096639329166486,0.8444391950508816
311,3,0.9719836889209493,0.9739134246422141
311,4,0.9318375411487244,1.2119218829394978
311,5,0.9326724783340338,1.283825922118364
311,6,0.9319571901383549,1.3368128415188663
311,7,0.9364126035009689,1.392517728006939
311,8,0.9795079511853692,1.209068026822437
311,9,0.9966268865721353,1.1639563746682526
311,10,1.0015707591220626,1.161896554435601
311,11,1.0111449697339332,1.1504077906566024
311,12,0.8936022462507918,1.2027209374903727
311,13,1.0454465005966007,0.48537962140512825
311,14,1.0347051424102247,0.1787038683641735
311,15,1.0249902776140145,0.1722121756980397
311,16,1.0420966451114748,0.12673877345553297
311,17,0.9996325017993068,0.4726084742529775
311,18,1.0167928002570088,0.4939304538326663
311,19,1.0344974522274895,0.3978716860704372
311,20,1.0455019958072889,0.4960766494293303
311,21,1.0459289846429503,0.7365372973484927
311,22,1.0228403669408415,0.7868236324598121
311,23,1.0130137793464036,0.6218443418169257
312,0,1.0092264029660858,0.645127726704064
312,1,1.0126116767623778,0.7167929409105913
312,2,1.0069323719774137,0.8421379404565994
312,3,0.9314629671018109,1.133191103065518
312,4,0.9317288676917711,1.2112893209083575
312,5,0.9325466526982383,1.2835083862793049
312,6,0.9319232528237935,1.3367893000762825
312,7,0.9365095041249798,1.3929182123517236
312,8,0.9923716233211991,1.1321712263748251
312,9,0.9963711288996895,1.1588097102912625
312,10,0.9993975798611999,1.167859466998343
312,11,1.00911974001602,1.1652708765634672
312,12,1.0155320422862595,1.1069949220496897
312,13,1.0462617289340224,0.5264868036012453
312,14,1.0372584680047892,0.20732436550424627
312,15,1.0270948979372838,0.20746202872205188
312,16,1.0401968274764857,0.1769246552435666
312,17,0.9947438570942775,0.5058718277399796
312,18,1.0126232811607367,0.5224541888551402
312,19,1.034470424676589,0.432789612473246
312,20,1.0441397260525498,0.5544093232839762
312,21,1.0441735073312266,0.8003268119266034
312,22,1.025663769879026,0.8108152257320502
312,23,1.017896190207997,0.6300734628659912
313,0,1.0123027804777969,0.6592190820392447
313,1,1.0151793421922024,0.7319550972012743
313,2,1.0101354413265375,0.8630176291013514
313,3,0.9316616538923298,1.1334336122833184
313,4,0.9317080365784541,1.2110788283821723
313,5,0.9325234488641727,1.283072634432684
313,6,0.9316905358724364,1.3357376833165047
313,7,0.9364096512511114,1.391982292529188
313,8,0.9990003387827048,1.1417547900784069
313,9,1.0042976146927542,1.1793549122518436
313,10,1.006035521593995,1.1898521648308098
313,11,1.0157440148255596,1.2006353309745748
313,12,0.8941414657271841,1.204378460469516
313,13,1.0485532828424775,0.5622205805263392
313,14,1.0384126145812385,0.22931494868140545
313,15,1.0289247387706417,0.20677980113474348
313,16,1.0436533408935422,0.16458375081999854
313,17,1.0592764628625282,0.24707869742488153
313,18,1.0620598265047192,0.341278968354664
313,19,1.0336826082052901,0.44552380732118113
313,20,1.0465916805556505,0.568439873489921
313,21,1.0475167837943125,0.8156093997605702
313,22,1.028196460133288,0.8144817883455868
313,23,1.0208122677173794,0.6221222909650774
314,0,1.0155494044247209,0.6568961255294723
314,1,1.0182056092558753,0.7267128423878766
314,2,1.014248452393615,0.8603166144774574
314,3,0.9318435438465613,1.1345351469522837
314,4,0.9320113849765854,1.212456157709818
314,5,0.9329217998490553,1.2847540918241203
314,6,0.9319526706188793,1.3370793210397993
314,7,0.9364601622185544,1.3922964790282446
314,8,0.9402595622798104,1.454203318531969
314,9,0.9395042675125723,1.4960376908100992
314,10,1.0142795822385677,1.2324801055214918
314,11,0.9306282038517798,1.4972728537400521
314,12,0.8949719495412057,1.2072537798201144
314,13,1.0566919587850236,0.6244152784771522
314,14,0.9083035542157433,0.5748842593679644
314,15,1.0400608296436615,0.20038406491970173
314,16,1.0533144090746442,0.15431730383178044
314,17,1.0650442136651919,0.2476850571156266
314,18,1.0668341117296416,0.34455349007805935
314,19,1.0384884294329206,0.4270546515594278
314,20,1.049273157685985,0.5652107166150202
314,21,1.0492659825600064,0.8244271138038792
314,22,1.0294851316031908,0.8224931493489
314,23,1.0243206141515941,0.6314455741446594
315,0,1.0192523990241062,0.6812153173549989
315,1,1.0202199179599964,0.7537762514555775
315,2,0.9264323189549085,1.0306665086696762
315,3,0.9315711178391786,1.1346381535315135
315,4,0.9314677460278382,1.21211599459828
315,5,0.932566154346565,1.2843385806316192
315,6,0.9315855946574574,1.3361162424559643
315,7,0.9360491432270815,1.3916511533536626
315,8,0.9400315493934915,1.4539802414413279
315,9,1.0095188504420405,1.2199613221053554
315,10,1.0128367412979897,1.2322727935458049
315,11,0.9306371496045547,1.4981054913314438
315,12,0.8952153434046167,1.2083639396656651
315,13,1.055048948503913,0.6292393611316471
315,14,0.9080135925772156,0.5746883758477148
315,15,1.035042365098853,0.1981820864098296
315,16,1.0505555765221841,0.14979915505686447
315,17,1.0624850552343557,0.2528951045936578
315,18,1.066294377526815,0.3372343826696351
315,19,1.0382378972659083,0.43680834517742095
315,20,0.9459207719045485,0.7624280426094838
315,21,1.050903587262139,0.8332496995171486
315,22,1.0311716850284802,0.836012510631353
315,23,1.0239534501599896,0.6597247615173025
316,0,1.0189294093142693,0.7215237836348694
316,1,1.020033683052735,0.7912698328951044
316,2,0.9261809312440603,1.03010209676055
316,3,0.9312909223893238,1.1340427796338624
316,4,0.9312096584389642,1.2116678457195276
316,5,0.9324246426399176,1.2839774345711152
316,6,0.9313738245960269,1.3356778678610404
316,7,0.9359971599432959,1.3917422141994011
316,8,0.9398099094419395,1.4535916172590517
316,9,0.9389645828447579,1.495352282928422
316,10,1.0165164426550208,1.26593952155437
316,11,0.9308149997022951,1.4986926999074135
316,12,0.8951285766602972,1.2080978049840478
316,13,1.0531778822144453,0.6679460158892487
316,14,1.0423262343584974,0.27132386685448817
316,15,1.0303582237795252,0.22690139340991067
316,16,1.0449079039356253,0.19213353105880682
316,17,1.0570990607673498,0.309859354641695
316,18,1.0622441626009778,0.37187104033839713
316,19,1.000401759159167,0.5125934999649795
316,20,0.9454508426747734,0.764062371467503
316,21,1.0503043556776968,0.8516399658660161
316,22,1.031157833809074,0.8616986199801837
316,23,1.0268989161026847,0.69288409349527
317,0,1.0227928815061456,0.7583603316123024
317,1,1.0240364222816278,0.834554654998737
317,2,0.9261782579683027,1.0301923648381024
317,3,0.9314638383614263,1.1346418733338108
317,4,0.9312741011339275,1.2119552523506272
317,5,0.932624601634163,1.2844518224439359
317,6,0.9316009210421843,1.3362302816920328
317,7,0.9361949767671492,1.392229180026031
317,8,0.9399146215769882,1.4535560963883585
317,9,0.9390744290776774,1.4950583771975543
317,10,0.937545490943113,1.515590250399872
317,11,0.9311934022969396,1.4994653139808705
317,12,0.8957596622281102,1.2098332478253044
317,13,1.0479977082832799,0.7212054861694652
317,14,1.039007864746658,0.3295904871791282
317,15,1.027502952523169,0.26995371687035297
317,16,1.0404057211970368,0.23148491276467897
317,17,1.050743556459494,0.3403465789614333
317,18,1.0562185187830009,0.4017581144798381
317,19,1.0376110391706606,0.46157876112492247
317,20,1.0522797932039938,0.6095095849292194
317,21,1.0509882343214778,0.8645562666434881
317,22,1.030263367542399,0.8774680952062326
317,23,1.027632167727759,0.7098240104969169
318,0,1.0251641612498466,0.770814985686148
318,1,1.025179451199881,0.8481307905780253
318,2,1.0162286307762973,0.9517709620240762
318,3,0.9313197940836255,1.1350905989370421
318,4,0.9312032410504152,1.2123994706786494
318,5,0.9325314273849457,1.284851715250265
318,6,0.9315134528650353,1.3365834928390137
318,7,0.936061646837108,1.3921251292183054
318,8,0.9399044837923155,1.4536278340755273
318,9,0.9392457529221769,1.4953267827840215
318,10,0.9374244103177823,1.51472580760346
318,11,0.9313196879281024,1.4997386982715115
318,12,0.8964484454615935,1.2125893154103529
318,13,0.8779934562114294,0.7576107145490285
318,14,0.9064823710810237,0.5723933501985119
318,15,1.0255338421802005,0.2986143624441264
318,16,1.0380244918101793,0.2734234556083295
318,17,1.049844855994619,0.38885458310346754
318,18,1.0562590923475483,0.4387487176577407
318,19,1.039262797907721,0.47600166299103996
318,20,1.0536640452954769,0.6402842271278235
318,21,1.0505746566829195,0.9057915503968212
318,22,1.0280153429104717,0.9105621880327626
318,23,1.0234315839931585,0.742502851564416
319,0,1.0230569274993009,0.7965678033522547
319,1,1.0239939010368602,0.8636747055847922
319,2,1.0162196822901395,0.9678984614841882
319,3,0.9312295419078738,1.1348672667439192
319,4,0.9311385235462818,1.2121803279573946
319,5,0.9324130892670264,1.2843329805375818
319,6,0.9313158621198774,1.3357822311019816
319,7,0.9359121945277413,1.391469539345564
319,8,0.9397720519808873,1.4531467011462702
319,9,0.9390893632266739,1.494677126069218
319,10,0.9372147652300936,1.5137742162990544
319,11,0.9315053161317476,1.5006095036268516
319,12,0.8971601964510325,1.21513320424692
319,13,0.8779770868842388,0.7572981654889608
319,14,0.9062156308782646,0.5717335736097136
319,15,1.0237716016904226,0.2895478067074937
319,16,1.0402097649790734,0.23722139334013814
319,17,1.051384393414821,0.34809377884348836
319,18,1.0559137957156817,0.41299647554807883
319,19,1.0390883438599077,0.4410572718923622
319,20,1.053996948514203,0.6233002180538509
319,21,1.0513268769457949,0.9071365319064317
319,22,1.0297922774421198,0.9105417324755036
319,23,1.0258880409774962,0.752232444270673
320,0,1.026484404351673,0.8064922767826762
320,1,1.0271697686852352,0.877834041871554
320,2,1.021122819475693,0.9889763734529013
320,3,0.9316498878095899,1.136245170684318
320,4,0.9314481784808105,1.2133907630561938
320,5,0.9327381185901328,1.2854630685074762
320,6,0.9317523335091916,1.3370026073813124
320,7,0.9365422824348031,1.3931281662126493
320,8,0.940340663964353,1.4546556224753813
320,9,0.939441107180932,1.4957189297305455
320,10,0.9373511872329391,1.5139599087204445
320,11,0.9316277065608803,1.501226608898417
320,12,0.8972404130732298,1.2157955585401394
320,13,0.8779103074554128,0.7564819022461009
320,14,0.9060498823298418,0.5712888485142571
320,15,1.028163278442668,0.29352197144231984
320,16,1.0405406876244996,0.24955940147408118
320,17,1.0502334648712415,0.3441515320971167
320,18,1.0558450577920855,0.3971879348135059
320,19,1.0410760963213086,0.44314660522154004
320,20,1.0556656499150432,0.6332045521417005
320,21,1.0537452163013072,0.9260288974298438
320,22,1.030386200520765,0.9428406946531229
320,23,1.0264845157078175,0.8046816249396318
321,0,1.0296825038157666,0.8624858888779791
321,1,1.0294917342098646,0.9288144916201259
321,2,1.0239845053683079,1.0370297592821598
321,3,0.9318101838427296,1.1374725373315542
321,4,0.9315199504288079,1.214257512389473
321,5,0.9328155286471249,1.286161347459993
321,6,0.9317260968800014,1.3371270361004903
321,7,0.9368504184775343,1.3939732015862685
321,8,0.9407695057901012,1.455859667027724
321,9,0.9398078369737061,1.4968116197736179
321,10,0.9374891136402767,1.5142140176264003
321,11,0.9319732938115756,1.502194869808792
321,12,0.8974155391711943,1.2159129070778771
321,13,0.8779831443068865,0.7556328218198516
321,14,0.9060865210622906,0.5702292923137371
321,15,1.0230524409365427,0.3348641760954867
321,16,1.0362943560579738,0.2833847199819548
321,17,1.046644965357916,0.3652749556566355
321,18,1.054555827662588,0.4131760041973451
321,19,1.0422288546676304,0.44847382117942525
321,20,1.0577267533757095,0.6408336757697941
321,21,1.0554213868902096,0.9278767387841671
321,22,1.0294238690744721,0.9461276126112526
321,23,1.0229557002100205,0.8173356495849577
322,0,1.0246208468039923,0.8727279142251438
322,1,1.0255379879406594,0.9335083133767808
322,2,1.0244760155265114,1.0473490541547212
322,3,0.9318131798947359,1.1379405614417974
322,4,0.9315372117259209,1.2149950410764152
322,5,0.9327982551231703,1.2866646664725847
322,6,0.9315851619791624,1.3372054894021739
322,7,0.936594490633948,1.393192380710273
322,8,0.9405403062643162,1.4548785744178292
322,9,0.9395464265092869,1.4954753606815343
322,10,0.9371221938021211,1.5120577125723238
322,11,0.931980854893064,1.5018269243764193
322,12,0.8976512189207138,1.2167804990320348
322,13,0.8778236802790838,0.7551906531649326
322,14,0.9059655574015122,0.5696765272290412
322,15,0.9332213222387151,0.6104644920775462
322,16,1.02999533582302,0.31031725423712153
322,17,1.0442821401265672,0.3967789987106869
322,18,1.0549944583600366,0.4376024919141486
322,19,1.039111439925714,0.4658062849262792
322,20,1.0562605001657819,0.6487232047332734
322,21,1.0551794327074389,0.9333051824916314
322,22,1.0284287537447954,0.9505739227456739
322,23,1.0238251516174008,0.8355992109581999
323,0,1.0267035259302608,0.9093755830030686
323,1,1.0256968711767984,0.9703081033907981
323,2,1.0228223009288322,1.0675928846987426
323,3,0.9317093245123578,1.1378156709915768
323,4,0.9315510865934362,1.215017129867796
323,5,0.9328203023063718,1.2864550808561788
323,6,0.9316458094997967,1.337132846654201
323,7,0.9367573193711671,1.3925499037944116
323,8,0.9404442872271839,1.4534358749607965
323,9,0.9392774689391907,1.4933749906791065
323,10,0.9365716859142029,1.5091904650426864
323,11,0.9316895933400569,1.50042628878415
323,12,0.897927685004083,1.2182901454051884
323,13,0.8781987331560482,0.7562160038467045
323,14,0.9061415134336277,0.5697337938411033
323,15,0.9330112070568826,0.6107891759362616
323,16,1.0286592640680827,0.32570607310308297
323,17,1.0408231317755419,0.4215206254778554
323,18,1.0478348519859058,0.459344182340061
323,19,1.0324555140432685,0.45999061881332715
323,20,1.0495597240005266,0.6544763135889116
323,21,1.049069401641857,0.9474181671799524
323,22,1.0214626798767075,0.9483900374397733
323,23,1.0163366615867175,0.8463188612710688
324,0,1.017056288165267,0.9201441567715376
324,1,1.0183140235645967,0.9849573785529095
324,2,0.9267406150962955,1.0334598588478041
324,3,0.9313441132186132,1.1374234531371217
324,4,0.9312337562486421,1.2143016788484688
324,5,0.9325384579138316,1.2850904439329058
324,6,0.9313437784054549,1.335443279323962
324,7,0.9364681166667451,1.3909690526868292
324,8,0.9400439972111281,1.4518143457651336
324,9,0.9387508638058398,1.491394797975019
324,10,0.9359799867714627,1.507126689707313
324,11,0.9313583988410145,1.4997053366026112
324,12,0.8982310789481514,1.2191292686816975
324,13,0.8784642066634805,0.7566239885793569
324,14,0.9063539797160503,0.5700662815362723
324,15,0.9332519427287164,0.6102965857457292
324,16,1.0229899745052047,0.33622887292256265
324,17,1.0332778078150227,0.4507374158243014
324,18,1.0464295427036914,0.47050167896673356
324,19,1.0308342279736018,0.4702741424527277
324,20,1.0464945855008627,0.6717288113329514
324,21,1.0438912603464958,0.9682658111004332
324,22,1.0154384409353203,0.9577593735445771
324,23,1.0123236212818327,0.8596439337990243
325,0,1.0115373946615724,0.9400250118656184
325,1,1.0097113261940167,1.0101772578956447
325,2,0.9264269638739714,1.0326419788011467
325,3,0.93107109688138,1.1367194148533395
325,4,0.9310428322853975,1.2139934674238928
325,5,0.9325051434105233,1.2848519987578735
325,6,0.9311950671136491,1.334939286882403
325,7,0.9363900209809899,1.3903553625954728
325,8,0.9404813728624983,1.4525711507351913
325,9,0.9393008421049782,1.492532780404173
325,10,0.936474711404663,1.5082944141146766
325,11,0.9317835205476428,1.5010542583317958
325,12,0.8984469475858363,1.219655967567987
325,13,0.8780248551214104,0.7544902313860091
325,14,0.9056017210695999,0.5675635394999086
325,15,0.9323424505653458,0.6091012872086115
325,16,1.022861657328002,0.363948339911929
325,17,1.03532456408647,0.46926854714716226
325,18,1.0509683502333491,0.4780276696728696
325,19,1.0384826902146078,0.47275952713743497
325,20,1.0514220423230576,0.6710612667854658
325,21,1.044412897644362,0.9631150930059652
325,22,1.0117731105546592,0.9444573276461675
325,23,1.005413167326306,0.8482327885222697
326,0,1.006722157813112,0.9240020073904283
326,1,1.0043092856072962,0.9827294506948083
326,2,0.9261258331656634,1.0319760349606506
326,3,0.9307047239509574,1.1358234541659193
326,4,0.9307859142221958,1.2135797438526614
326,5,0.9323456035360138,1.2846923613373824
326,6,0.9309894237538919,1.33444669830729
326,7,0.9364306423246076,1.390715802778725
326,8,0.9406401352437447,1.4530007013792035
326,9,0.9394392897121318,1.4925720681518135
326,10,0.9366678337646113,1.508165673706531
326,11,0.932039939830885,1.5020175215852554
326,12,0.8988426389423168,1.2222680471128418
326,13,0.8781891432680446,0.7555453573239119
326,14,0.9054555562770303,0.5667479865491654
326,15,0.9319613623068487,0.6079929276135969
326,16,0.9490641632616353,0.61037311655293
326,17,1.0251450626083058,0.5254884275969922
326,18,1.0497462522042873,0.5077027904507438
326,19,1.0389006348500947,0.4894219078174935
326,20,1.0534320713401621,0.6784852640323502
326,21,1.0477310195598202,0.9789450384569163
326,22,1.0071580553612718,0.9511452254856732
326,23,0.9960867229572017,0.8473321189809742
327,0,0.99953315962575,0.9296481959020393
327,1,0.9980811304842738,0.992273143963586
327,2,0.9259466976980266,1.0328627850251237
327,3,0.9304344990780713,1.1362650745211917
327,4,0.9304466766786783,1.2134903904229466
327,5,0.9319774215512576,1.2844672717301866
327,6,0.9305634623588394,1.3338658121868883
327,7,0.9361811420157632,1.3905895239761024
327,8,0.9404367621774431,1.4528011426791463
327,9,0.9391942632890273,1.4917229766705273
327,10,0.9363553229018365,1.5064586009975862
327,11,0.9319098400155639,1.501377423379267
327,12,0.8991712302853582,1.224122140493129
327,13,0.8783073826133345,0.756175525472039
327,14,0.904903676870265,0.5660795190816836
327,15,0.9309051122912724,0.607904763566629
327,16,0.9989400609768577,0.425569997346932
327,17,1.005457544530416,0.5683327796488993
327,18,1.034564693164111,0.5557862444526698
327,19,1.0301047832012589,0.5252194149062921
327,20,1.0432568856483055,0.6985318396815439
327,21,1.0362158248947486,0.9842428084276189
327,22,0.9980482327907434,0.9493047313121485
327,23,0.9876074775747111,0.8483896552704085
328,0,0.990766821542416,0.9234398726807733
328,1,0.9843269848803208,0.9767015771304778
328,2,0.9263239920103084,1.0323763041347664
328,3,0.9309259360776478,1.1370312721286617
328,4,0.9306860275554218,1.214409667663506
328,5,0.9322175135552134,1.285647457640854
328,6,0.9307407524791002,1.3346950296648394
328,7,0.9362410777585094,1.3914242775445178
328,8,0.9404987783169011,1.453264615298433
328,9,0.9392199147638317,1.491809914215942
328,10,0.9363409738339379,1.5063614474133966
328,11,0.9320286506493505,1.5020038694099735
328,12,0.8997614848413215,1.2261696225262333
328,13,0.8784064283085643,0.7562970007979186
328,14,0.9042441532879519,0.5653378215930589
328,15,0.9303647743763371,0.6076416359658365
328,16,0.9473685579763549,0.6126309588432717
328,17,0.9861742338280718,0.5546373999488637
328,18,1.01644207839596,0.5384567821942898
328,19,1.0156211352754925,0.515627064704423
328,20,1.0295602980133054,0.6873761551967167
328,21,1.0253969578828395,0.9651195099217833
328,22,0.993685039760113,0.929454143425749
328,23,0.9874204075910173,0.8378287274429042
329,0,0.9881393272524714,0.9049762746861411
329,1,0.9808972041594751,0.9470941994426954
329,2,0.926239448428488,1.0332959925925564
329,3,0.9310285391356992,1.1379137907092058
329,4,0.9308862050409347,1.2153755503356738
329,5,0.932256156274782,1.2863091560129454
329,6,0.9307209426436568,1.3348836955661256
329,7,0.9360521635518375,1.3909213584506528
329,8,0.9402374794704367,1.452262277015572
329,9,0.9390052446804583,1.4909281546877544
329,10,0.9365169469006127,1.5063517361784773
329,11,0.9324346448450044,1.5032600066793171
329,12,0.9004315812097918,1.2294341761246135
329,13,0.8786300556133008,0.7574152313219136
329,14,0.904131881677523,0.5655742920362297
329,15,0.9300292960214324,0.6075104006983185
329,16,0.955685868375928,0.38557227297782254
329,17,0.9597355611612558,0.5282596336814551
329,18,0.9960505299124658,0.5167661036275787
329,19,1.0001529234880955,0.4908451760911765
329,20,1.0160849401733012,0.6553917471039323
329,21,1.012972877027805,0.9212727804761248
329,22,0.985412697340668,0.8930115224642928
329,23,0.982181849123515,0.8234387359977872
330,0,0.986322796487521,0.9119998514633085
330,1,0.9759401293783427,0.9507434798934087
330,2,0.9261181750650792,1.0335526492928073
330,3,0.9308038382877624,1.1380373048472672
330,4,0.9305874255535614,1.2151177148471004
330,5,0.9318818340880594,1.2854969635502602
330,6,0.9303605980587267,1.3341168909832257
330,7,0.9358242651063285,1.390499661080098
330,8,0.9395540075907878,1.4500898770042414
330,9,0.9386074978712409,1.4895554413284184
330,10,0.9363435791892876,1.505958776118164
330,11,0.9326286789554044,1.5040145939245564
330,12,0.9012220759963826,1.2328164006806506
330,13,0.8788104576588106,0.7584103447297452
330,14,0.9035447069998692,0.565235110728838
330,15,0.9289507650448051,0.6077447814928911
330,16,0.9501338346961483,0.3836733469815781
330,17,0.9463868956501399,0.5244653826413042
330,18,0.9760780657984837,0.4941310610507139
330,19,0.978209122206287,0.4789087187000003
330,20,0.9954076532360707,0.6196581077855489
330,21,0.9914925206728347,0.8579309145784945
330,22,0.9688828434211298,0.8182620073460554
330,23,0.965795359110516,0.7508706344344436
331,0,0.9724921082022763,0.8410740261536374
331,1,0.9196908655393874,0.8980520779286492
331,2,0.9259222752788089,1.0335090363737045
331,3,0.9305129065177856,1.1374965529546914
331,4,0.9300900301349591,1.2137611331102747
331,5,0.9312234223090304,1.28312775251359
331,6,0.929740494863859,1.331741692707734
331,7,0.935247156373275,1.3873957780068276
331,8,0.9389562334078562,1.446150138857297
331,9,0.9380281315569114,1.48601943883309
331,10,0.9359328502492599,1.502636185176939
331,11,0.932439962383938,1.5016872578132436
331,12,0.9014518808953876,1.2342596100224807
331,13,0.8786987658842379,0.7586177462198989
331,14,0.9029872248033741,0.5643228432400846
331,15,0.9286521245884082,0.6067778633114793
331,16,0.9463996059651824,0.4034644684779881
331,17,0.9363526664731358,0.5309730554877389
331,18,0.9657851529164116,0.4847952605306238
331,19,0.9678103646362937,0.46551244876148073
331,20,0.988133447967205,0.610883877330889
331,21,0.9851550725556264,0.8534595090152346
331,22,0.9640541675995042,0.7960672350347804
331,23,0.9605970806636547,0.7300958763962622
332,0,0.9658413675967137,0.8212243693710248
332,1,0.9193322132487424,0.8987956372901547
332,2,0.9252296301584936,1.0337456107033618
332,3,0.9297275685346691,1.1374322192895199
332,4,0.9295119579535862,1.2139478827051855
332,5,0.9307898206389377,1.283327558686688
332,6,0.9295191823659434,1.3311258543385867
332,7,0.935260628681628,1.3867309706743853
332,8,0.938824435652384,1.445248610956268
332,9,0.937885515331051,1.4845226438133863
332,10,0.9357140239576996,1.500653986385554
332,11,0.9325077837108849,1.5006995561610839
332,12,0.9022514629793694,1.237599015784114
332,13,0.8790395000299098,0.7602252663705338
332,14,0.9026304109261152,0.5645544225252657
332,15,0.9286163146546074,0.6073862301002615
332,16,0.9344004149466711,0.4147165106465672
332,17,0.9442845639192187,0.8499220882694418
332,18,0.9539589185966943,0.5315083079096274
332,19,0.9594795469364157,0.48294620982311154
332,20,0.9763066735175113,0.6387486494914973
332,21,0.9745353430932987,0.8768777341575686
332,22,0.9540277647450233,0.8043661689231999
332,23,0.956756542098223,0.747686268565823
333,0,0.9631967157951817,0.8473636347593272
333,1,0.9205312185095854,0.9002362402426325
333,2,0.9262243252312452,1.0349055255704322
333,3,0.9305369739587331,1.1385499002082557
333,4,0.9301058716900172,1.2146809679499437
333,5,0.9310142106133562,1.2829853848632085
333,6,0.9293587163467322,1.329689898232711
333,7,0.9349400282995857,1.384679184337433
333,8,0.9386460136169287,1.4435790544817535
333,9,0.9377436097475275,1.4834520656885024
333,10,0.9355646233829744,1.4993999896871482
333,11,0.932415298273336,1.4997648398732453
333,12,0.902711390809823,1.2396841095114555
333,13,0.8795025469778918,0.7616530055967448
333,14,0.9034556821167857,0.5653927105144936
333,15,0.9293175042742327,0.6079827062433187
333,16,0.9245204806220372,0.4333157607273076
333,17,0.9447679332209428,0.8497636366413222
333,18,0.9381361330995734,0.5593300320963557
333,19,0.9502525473177323,0.4936378682991879
333,20,0.9453532532570409,0.7603576002583807
333,21,0.9666951640061109,0.8775124602403206
333,22,0.9462008544873917,0.7997425015464323
333,23,0.9494948724685978,0.7362410822425822
334,0,0.9576654868336989,0.8412592674197414
334,1,0.9208686861238209,0.9016148385637557
334,2,0.9267361220397835,1.0366260622428434
334,3,0.9306015421616854,1.138848888134783
334,4,0.9300972548647135,1.2148715436660233
334,5,0.931218791809099,1.2839882806540426
334,6,0.9293067227296843,1.3298070779009659
334,7,0.9349015632206905,1.3847415183992684
334,8,0.938758527591001,1.443783889201819
334,9,0.9378368796520762,1.4836488239708197
334,10,0.9356359664940905,1.4993771452758178
334,11,0.9325417663769534,1.5004707146563474
334,12,0.9036331175141818,1.2444248993380538
334,13,0.8802246285309454,0.7644302736116586
334,14,0.9035305243209714,0.5655440090831094
334,15,0.929344504348867,0.6073616770514514
334,16,0.9099504561146026,0.4540091292373493
334,17,0.9451454996637405,0.8484418913386254
334,18,0.9221830645465842,0.6066892248916934
334,19,0.9359772008782806,0.5289200441267461
334,20,0.9547374380230962,0.6687924012736945
334,21,0.9566525672986698,0.9062042168260163
334,22,0.9415722547702259,0.8236620080226551
334,23,0.9476170378593065,0.7644000694390745
335,0,0.9550755186846768,0.8567324471374136
335,1,0.921336961675299,0.904100617613468
335,2,0.9272517871706495,1.0394527463936716
335,3,0.9311166608761957,1.1418088108341995
335,4,0.9307816569767348,1.2182706567030457
335,5,0.9317059767383047,1.286861918709393
335,6,0.9293565729094705,1.3310997355384613
335,7,0.9349133384289341,1.3859636870591143
335,8,0.9387069954996513,1.4439029672018102
335,9,0.9377500014534419,1.4830432597176322
335,10,0.9356382808155463,1.499366728676399
335,11,0.9327507928469656,1.5015689226532822
335,12,0.904415174070536,1.2488573624370272
335,13,0.8803083974751927,0.7656286896565341
335,14,0.9033089866638847,0.5653612892023281
335,15,0.929022102479605,0.6074731392421864
335,16,0.9120043993486963,0.47149929979819105
335,17,0.945238244098691,0.8492128711832914
335,18,0.9128847308066692,0.608437364177704
335,19,0.930588681200511,0.5125273410645248
335,20,0.9502274609801046,0.657123965124048
335,21,0.9524978946171578,0.8862491993329956
335,22,0.9417213009698565,0.8226106367540831
335,23,0.9477996098762286,0.7840068866836598
336,0,0.9484333237645781,0.880091341343026
336,1,0.9217546045268915,0.9058159116170694
336,2,0.9276269108926983,1.0407502278809813
336,3,0.9312509350332532,1.1411075849637555
336,4,0.9313280320719202,1.2192014937100573
336,5,0.9323817425237654,1.28867468121295
336,6,0.9298575059185004,1.3328065521468542
336,7,0.9349367800133376,1.3873037177314722
336,8,0.9385232881763423,1.444591119015656
336,9,0.9375486159241806,1.483540344276085
336,10,0.9354318776058919,1.4996248306635533
336,11,0.932595936610009,1.5021907644294399
336,12,0.9053566582832212,1.2546476174061056
336,13,0.8813338521452501,0.7697861135789927
336,14,0.9041127365273004,0.5669872814507011
336,15,0.9189734105885144,0.48524788395344354
336,16,0.9062873272761849,0.4308015233842841
336,17,0.9455809622199701,0.8499646447543805
336,18,0.90351294427386,0.5691842351477718
336,19,0.9253395473478527,0.4882682393274894
336,20,0.9462924143048368,0.6367019518244473
336,21,0.951865005684204,0.8759715297600501
336,22,0.9415339217979993,0.8165262534560271
336,23,0.9429710407634232,0.7713541628895566
337,0,0.9462567820904979,0.8789311782574134
337,1,0.92217234024478,0.9075375601011175
337,2,0.927793246262323,1.0423259723848686
337,3,0.9309499816667763,1.1412460550491779
337,4,0.9306166430193474,1.2178310616650188
337,5,0.9316113994730306,1.28683518178895
337,6,0.9291084708577688,1.331067309030456
337,7,0.934290509776585,1.385559545002434
337,8,0.9378552132886806,1.4423380861681627
337,9,0.9370171737194983,1.481523626221324
337,10,0.9349176722709995,1.4971427269595543
337,11,0.9321735500781984,1.499722960155763
337,12,0.9052972539477139,1.2541651987058877
337,13,0.8808766687784334,0.7677794722344964
337,14,0.9031800242207223,0.5654246917802723
337,15,0.9285322201243371,0.6087881383818399
337,16,0.9028751653641515,0.44027106084642387
337,17,0.9448509833785528,0.8525945238882899
337,18,0.8984750774819329,0.5778798396147488
337,19,0.9284538664045309,0.49396885229887927
337,20,0.9503789893081633,0.6380315941483722
337,21,0.9550508009530597,0.8806833190956763
337,22,0.9446573300241151,0.8262930637335233
337,23,0.9404639106207455,0.7673516319741154
338,0,0.9434308275663362,0.8835783434749653
338,1,0.9221631731164379,0.9081407552011895
338,2,0.927291752844795,1.0420767125381656
338,3,0.93087641720402,1.1411723930518165
338,4,0.9307334792360348,1.2180441073323056
338,5,0.9315087692676706,1.2864067416775624
338,6,0.9287559324781404,1.3292769084171754
338,7,0.9340985454281115,1.3844975494207508
338,8,0.9376161860931755,1.4410235392474489
338,9,0.9366383231853492,1.4793346899059419
338,10,0.9344984689305694,1.4945910350274167
338,11,0.9319600898297292,1.4979828282274594
338,12,0.9053805230147113,1.2543788976232002
338,13,0.8809669618852903,0.7675217286242324
338,14,0.9025074683837958,0.5637202486609776
338,15,0.9275394287060771,0.6082825763694677
338,16,0.8940758844631147,0.4606588742527643
338,17,0.9443297005950303,0.8535741005581681
338,18,0.885269988241634,0.5876813351404836
338,19,0.9154643119337863,0.510448827186459
338,20,0.9375579227942733,0.6532381395906142
338,21,0.94425569360311,0.8716603822558802
338,22,0.9363497491289704,0.8175784226288221
338,23,0.9330023164571402,0.7520241043631395
339,0,0.9353542957123553,0.853097968313083
339,1,0.9220208359057788,0.9081267243356925
339,2,0.9267399169752122,1.0410276137689523
339,3,0.9303692649214607,1.1402705792367382
339,4,0.9301254926356743,1.2170746565907815
339,5,0.9309631086672815,1.2853395789938702
339,6,0.9280676071879332,1.3278397493446144
339,7,0.9335546006377152,1.3834810646061313
339,8,0.9372848040789731,1.4408630213224045
339,9,0.9360302871478193,1.4779120698269785
339,10,0.9338899845257672,1.493039051338038
339,11,0.9315815253756581,1.4972255553872378
339,12,0.9058692971783467,1.2576031847143287
339,13,0.8816740645242362,0.7698773394001139
339,14,0.903150231975308,0.5642825065197044
339,15,0.9282742556528657,0.6078791091621367
339,16,0.8874854957417955,0.4840713020224945
339,17,0.9451702566582135,0.8528284445531265
339,18,0.8786541379364664,0.6153666737352929
339,19,0.9123041942751632,0.5262898453646708
339,20,0.9314073129980887,0.6689532145728503
339,21,0.9337927279114602,0.8613178103427634
339,22,0.926899937664891,0.7901810514106533
339,23,0.9251570609406577,0.7311406740431043
340,0,0.9263381383788595,0.8457477588083271
340,1,0.9220198820450713,0.9084403147180442
340,2,0.9266086330250456,1.0411760632684302
340,3,0.9300794042240585,1.1402560136558968
340,4,0.9297414279119962,1.2166039336028658
340,5,0.9305145214006817,1.2844588052605839
340,6,0.927388771803601,1.3263968165484417
340,7,0.9327459393774195,1.3816243548092964
340,8,0.9362927982479009,1.4383195929702333
340,9,0.9348960895431303,1.474904345571942
340,10,0.932815520740999,1.4903669473845824
340,11,0.9308523208890312,1.4960816350370225
340,12,0.9054970981001982,1.2582577809429574
340,13,0.8810230322720163,0.7694081299387592
340,14,0.9021307971527506,0.5639259322169057
340,15,0.9276019734954215,0.6091477055657499
340,16,0.882030474441528,0.47469677515404185
340,17,0.9458294887666395,0.8525473761056448
340,18,0.8706175701464253,0.6157850958228436
340,19,0.9078747025081677,0.533341185515241
340,20,0.9264957751143162,0.6836962414369185
340,21,0.9292946163014787,0.8796412730054344
340,22,0.9229380841799382,0.8102941511858477
340,23,0.9532628038611437,0.8597573540008816
341,0,0.9189211356690418,0.7859919243964675
341,1,0.9222763954817517,0.9094337671090993
341,2,0.9268819048258692,1.0423825818075585
341,3,0.9301720066734532,1.1411160055402978
341,4,0.9298037954814997,1.2173301445081322
341,5,0.9306191563287771,1.2852663231043815
341,6,0.92732212168637,1.3264386549697993
341,7,0.9322665758580678,1.3799874856219312
341,8,0.9359795902952546,1.4371651199303634
341,9,0.9345212803599308,1.4731639804383292
341,10,0.9324848344491868,1.4889750505469876
341,11,0.9304292449940642,1.495031877124379
341,12,0.9059537445426712,1.2608832737942157
341,13,0.8814795751981517,0.7703829717958093
341,14,0.901996808394824,0.5636928975375852
341,15,0.9274216778343263,0.6093090665806393
341,16,0.8872351722264851,0.513594473277668
341,17,0.9456247057481332,0.8530728713792115
341,18,0.8735191200360101,0.6270020098669953
341,19,0.9097394119565133,0.5505662353322025
341,20,0.9267877994186132,0.7026707686337457
341,21,0.9294062973383148,0.894705587384369
341,22,0.9669234182512516,0.9736380287465118
341,23,0.9527186961183195,0.8556908548563177
342,0,0.9191252165553718,0.7878949462284912
342,1,0.9225396163442624,0.9116081354951366
342,2,0.9268491164304268,1.0443345757829299
342,3,0.9301238238826884,1.1435022851684367
342,4,0.929714412304087,1.2192755141077818
342,5,0.930371670450689,1.2863157520412027
342,6,0.9269079138675755,1.3266962706334389
342,7,0.9320983423034184,1.3798478616679555
342,8,0.9360763795421787,1.4378709131291343
342,9,0.9344606384473512,1.4732178351768848
342,10,0.9323848873348721,1.4884190375676853
342,11,0.930513946293308,1.4957348856716144
342,12,0.9069844775094131,1.2660337364472767
342,13,0.8821972808290257,0.7727492120502042
342,14,0.9020708763425037,0.563252719385936
342,15,0.9278289329111052,0.6085872119444566
342,16,0.889055407344679,0.5566783235340218
342,17,0.9451065614910703,0.8534397024461624
342,18,0.8773516149282045,0.6806463472331686
342,19,0.9144457672194415,0.5860378308160312
342,20,0.9300256297857323,0.7298139092875993
342,21,0.9303858822019205,0.9262151245962649
342,22,0.9683121737456852,0.9806763681721136
342,23,0.9546643920880203,0.8660412499310821
343,0,0.9191492115267116,0.7895049481367167
343,1,0.9224775067649164,0.9137578055971516
343,2,0.9266691088319287,1.0467911991205479
343,3,0.9298769096185819,1.1451960699401007
343,4,0.9298267330445871,1.2215721489021467
343,5,0.9306799868587428,1.288830132752587
343,6,0.926929426280394,1.3277603660084953
343,7,0.9319117018584486,1.3797284385960022
343,8,0.9360795172143559,1.438655217799728
343,9,0.9341664394829532,1.4733639151003965
343,10,0.9318632323287952,1.4877589179864137
343,11,0.9301288786221813,1.4955945917734412
343,12,0.9077396669303761,1.2714561999096523
343,13,0.8824425229015286,0.7757907266214379
343,14,0.9021870566406344,0.5636288907018003
343,15,0.9278206858657293,0.6076749288146228
343,16,0.8905955458600309,0.5259119450700278
343,17,0.9447678133971787,0.8522727213092951
343,18,0.8764093274147534,0.6541596643256432
343,19,0.9158116189286108,0.5605319270687805
343,20,0.929778904549539,0.6941138888579576
343,21,0.9354141793709424,0.9270149707743749
343,22,0.9700728323336616,0.9872649593951726
343,23,0.9558401018603088,0.8723303411827296
344,0,0.9198900807983377,0.7907353924315954
344,1,0.923313810348827,0.9163088581576893
344,2,0.9273018308033311,1.0488978631501107
344,3,0.9303326355021876,1.1474780317304916
344,4,0.9298633194583596,1.2228700290703118
344,5,0.9300596391626504,1.287525315353005
344,6,0.9261699645269118,1.3256006950294859
344,7,0.9311505595982911,1.3768439706882165
344,8,0.935170058601232,1.4343733861471557
344,9,0.9331356883898617,1.468258945981362
344,10,0.9307777107334297,1.4815583636142018
344,11,0.9291415787393537,1.4900558322476716
344,12,0.9073468905260254,1.2695941598081688
344,13,0.8826597682274943,0.7754084041793052
344,14,0.9023262457098203,0.5620720396133225
344,15,0.9280464852443916,0.6059065572792237
344,16,0.8934375647545714,0.5723394657799206
344,17,0.9451773146179199,0.851649641959618
344,18,0.8806990170510032,0.6944109030145043
344,19,0.974358807890498,0.7068569122847732
344,20,0.9695889487515612,0.7889356611112137
344,21,0.9754039966541425,1.0330876465074688
344,22,0.9709537387776637,0.9908660671483711
344,23,0.9562629389557118,0.8759477002898471
345,0,0.9193696759188351,0.7904582059555487
345,1,0.9232763025692299,0.9168906117093858
345,2,0.9274034276694189,1.049803173857705
345,3,0.9308772564171517,1.1500020646228752
345,4,0.9303742598024132,1.2255145136612495
345,5,0.9306837524324449,1.2904977804114524
345,6,0.927044528425782,1.3294876959581088
345,7,0.9319616318751925,1.3806128576481265
345,8,0.9360906681834652,1.4382684814291837
345,9,0.9340915637191662,1.471887011321107
345,10,0.9317112887032515,1.4852498563496561
345,11,0.9302743617176833,1.4948747147957733
345,12,0.9081746945973812,1.2736411860479488
345,13,0.8828074435625479,0.7757536646774952
345,14,0.9016237114155623,0.5592337027114058
345,15,0.9277532507197878,0.6034615121163958
345,16,0.8849292142263904,0.5855202111497977
345,17,0.9448170374177783,0.8508419015835358
345,18,0.8790794223245854,0.7003987108491674
345,19,0.9256882783310943,0.610320972926593
345,20,0.9371456961705619,0.7195424479531606
345,21,0.9641081153578074,0.9937044797522495
345,22,0.9718315613191318,0.9944629155676548
345,23,0.9580541842652797,0.8844253683597403
346,0,0.9184797731561135,0.7890176894805601
346,1,0.9224545356858982,0.9151373952870689
346,2,0.9264913766825507,1.0472386509113352
346,3,0.930080573687692,1.1476476723540139
346,4,0.9295082018053411,1.222983153815358
346,5,0.9300699531354849,1.2890210832801123
346,6,0.9260694709724976,1.3257119717503958
346,7,0.931497967987356,1.37925999298551
346,8,0.9356696852677554,1.436719455167761
346,9,0.9337413206623586,1.4701061887849096
346,10,0.9312840103239548,1.482512341799628
346,11,0.9300569552569422,1.4935262240354978
346,12,0.9082577169362827,1.2755692009647412
346,13,0.8830724466049191,0.7782924705479795
346,14,0.9018069343512216,0.5604315644917599
346,15,0.9274939119573282,0.6043094584343516
346,16,0.902598606488879,0.5319800340913898
346,17,0.9442853829716158,0.8514260661170843
346,18,0.8904813932424382,0.6887195677410173
346,19,0.9321323125485975,0.6200873136162863
346,20,0.953125596944062,0.7446342300156226
346,21,0.9596919741622828,0.9779350741315633
346,22,0.972296385906037,0.996679507406412
346,23,0.9590434991590067,0.8890440993586297
347,0,0.9188186446217093,0.7914340010179601
347,1,0.9225802511034149,0.9169974429112462
347,2,0.9262016938019985,1.0480148334693915
347,3,0.9297798202756448,1.148268825659021
347,4,0.9293574953999162,1.2238960725578776
347,5,0.9300857131397875,1.2908304251153642
347,6,0.9258614893408876,1.326705726599669
347,7,0.9314750055327004,1.3799961697711893
347,8,0.9356865587291298,1.4373341753089746
347,9,0.9337787127237505,1.4705502614262667
347,10,0.9311056607234205,1.4813880316355859
347,11,0.9302386584480857,1.494186217219959
347,12,0.9093830615591013,1.2818663116612101
347,13,0.8844862839674825,0.7841886949904531
347,14,0.902623924878744,0.5626550732444171
347,15,0.9279464775626683,0.6054249659357813
347,16,0.8983899188542686,0.5232322128457343
347,17,0.9444495488706184,0.8526974051572616
347,18,0.8881008457281835,0.6939442113389527
347,19,0.9304134472936437,0.6199189338130472
347,20,0.951432410979261,0.7448070027876166
347,21,0.9590108475594159,0.9805359030975567
347,22,0.9729173331846972,0.998881170880381
347,23,0.9592400711642811,0.8892070711682926
348,0,0.9189408531824955,0.7916533463957829
348,1,0.9225952198464762,0.9179228211655324
348,2,0.9261335659945111,1.048995227060645
348,3,0.9296108685270089,1.1486226253361194
348,4,0.9292873390397678,1.2248708194467008
348,5,0.9300347530911113,1.291811087013175
348,6,0.9257112765977131,1.327092929035436
348,7,0.9313316549154972,1.3807282331439221
348,8,0.9352282788047799,1.4365999807722734
348,9,0.9335082564845021,1.4700083734548093
348,10,0.9308575042309745,1.4813379409237388
348,11,0.9300408671557315,1.4946180801509166
348,12,0.9099649685863032,1.2860385951186588
348,13,0.8850936022391188,0.7868857541862013
348,14,0.902782527724982,0.5630288348187729
348,15,0.9272354049291976,0.6040836868449881
348,16,0.8944717911589083,0.5224975905110376
348,17,0.9439907339105755,0.8534414296495436
348,18,0.8830874978573195,0.6946229947070818
348,19,0.9268808183888162,0.6177474795510502
348,20,0.9489267516729436,0.7432131326274327
348,21,0.9568129290101334,0.9781529248233838
348,22,0.9723801366015529,0.9984557118928635
348,23,0.9584731767598023,0.8890800520632058
349,0,0.9189978393819174,0.7934498816423821
349,1,0.9226445374079953,0.9193025081398916
349,2,0.926036851311575,1.0502347679720305
349,3,0.9292537106833754,1.149089093002959
349,4,0.9290937283196599,1.2259775167974036
349,5,0.9296835040224607,1.2921032789935474
349,6,0.9252476421153016,1.3271974132693438
349,7,0.9305563146204642,1.3781650526749956
349,8,0.9346794811365189,1.4345075183779512
349,9,0.9332225772770611,1.4692529036683308
349,10,0.9307904775255118,1.4817745328666814
349,11,0.930129421177765,1.4964692445597416
349,12,0.9105465720553032,1.2913163364895224
349,13,0.8854552987421103,0.7910076162212201
349,14,0.9026431851113721,0.5630217098747847
349,15,0.9271401832087243,0.6032469470911286
349,16,0.8891440937949848,0.5158811174911553
349,17,0.9439337139632485,0.8532165188186216
349,18,0.8767751081889031,0.6946593248127799
349,19,0.9222756523435564,0.6171195381289
349,20,0.9445295115353329,0.7425338911555901
349,21,0.9537182447000329,0.9818503547305506
349,22,0.945568763082785,0.9373051107630144
349,23,0.9599515947787067,0.8982525624509697
350,0,0.9196168442139131,0.7970212142359991
350,1,0.92344333573787,0.9234268783382
350,2,0.9266664771506211,1.054117696189333
350,3,0.9297114655674085,1.152341710062609
350,4,0.9293067061615788,1.2281994585261329
350,5,0.929799887886472,1.2945795486967406
350,6,0.9251309859807724,1.328983112999497
350,7,0.9300133131688764,1.377024418817561
350,8,0.9340356052240857,1.4330549211432844
350,9,0.9325654096943624,1.4674441126808795
350,10,0.9299058792584256,1.4786305022665691
350,11,0.9293788827382108,1.4940968085155715
350,12,0.9104266595926055,1.2931376831605323
350,13,0.8858971273191347,0.7943392278949595
350,14,0.9029878792427223,0.5649954975155698
350,15,0.9273686334749608,0.6050511204381657
350,16,0.8887506666780925,0.5317385642046784
350,17,0.9433488507997629,0.8556503026764082
350,18,0.8746998042623532,0.6937156936836018
350,19,0.9197246480441683,0.6115707256999607
350,20,0.9419423264162339,0.7388600756857768
350,21,0.9515304942577795,0.9781733896263642
350,22,0.9446417181206878,0.9394440959688053
350,23,0.9609865825318988,0.9044697387252352
351,0,0.920643982756936,0.8011796420694193
351,1,0.9238234128396418,0.926089983618505
351,2,0.9268055112065239,1.0563426920853551
351,3,0.9298000689034848,1.1547474454669207
351,4,0.9290558951779974,1.229223121513639
351,5,0.9290860752620929,1.2930753334759413
351,6,0.9240995487842969,1.3259232460905408
351,7,0.928484188903657,1.3703444864450274
351,8,0.9324936293751095,1.4249535936663036
351,9,0.9309209797500088,1.4584818469214023
351,10,0.9283794210670858,1.470818689827195
351,11,0.9283628518191612,1.4897033042909396
351,12,0.9105907428096826,1.296313513354523
351,13,0.8868560425435703,0.8004187931780318
351,14,0.9037259619222722,0.5675925252107397
351,15,0.8813053315462162,0.630446517852254
351,16,0.884022163926696,0.5044642728114159
351,17,0.9433864036190706,0.8566844646914511
351,18,0.8675494796024347,0.6626020091189821
351,19,0.9156894160863637,0.591268917252052
351,20,0.9388119044897794,0.7238813299782919
351,21,0.9510109882740296,0.9722909861661688
351,22,0.9378980190849715,0.9026681087940562
351,23,0.9625708437431156,0.9129009259737112
352,0,0.9209420758151183,0.8028986292392251
352,1,0.9236756100528352,0.9267087017121405
352,2,0.9264595608628238,1.0563788990078107
352,3,0.9294385551464296,1.1549097183323787
352,4,0.9286101325970229,1.228628432977737
352,5,0.9287757537624179,1.292979444975212
352,6,0.92393371933885,1.3267821237223463
352,7,0.9281432731363303,1.369739351201697
352,8,0.9320013703373138,1.4233594804491454
352,9,0.930200553707299,1.455061209395749
352,10,0.9275688304335071,1.4661098247111406
352,11,0.9276247286608181,1.4855741453063127
352,12,0.9103808685054826,1.2967450624616528
352,13,0.8871567950812965,0.8019611487640605
352,14,0.9033525349710126,0.5659163060152119
352,15,0.8846980536615858,0.6493646609113481
352,16,0.884108847584377,0.5155541168996922
352,17,0.9425837148880749,0.8561321277557363
352,18,0.8684714124595329,0.6706523240446197
352,19,0.9160790924009996,0.5932728469613716
352,20,0.9388298546071023,0.7206596972122162
352,21,0.9515490499459666,0.975212142162156
352,22,0.9760141000332635,1.0138147426528377
352,23,0.9636149357267543,0.9182349048597558
353,0,0.9206982836334235,0.8035311115864658
353,1,0.9235116264311349,0.9290747287129726
353,2,0.9262526146083223,1.0586497319995198
353,3,0.9293128086976901,1.157520272715245
353,4,0.928455804652216,1.232428604547812
353,5,0.9287565639738653,1.2973691119272652
353,6,0.9240653591157553,1.332277515162566
353,7,0.9285080408764149,1.3751023321867362
353,8,0.9324267048844931,1.4291261728147995
353,9,0.9304728933253795,1.459391779743057
353,10,0.9277197784688007,1.4689440701731835
353,11,0.9279564105173679,1.4874950397638989
353,12,0.9107462002622592,1.3023201320997833
353,13,0.8874237191295261,0.8061301597438555
353,14,0.9029736109527773,0.5652815300707732
353,15,0.8882423920541974,0.6756572151403164
353,16,0.8853827353564956,0.5220140223860266
353,17,0.9419984426646096,0.856108955291015
353,18,0.8662686991901302,0.6648115771155281
353,19,0.9148647086199814,0.5935640650141798
353,20,0.9373704881571715,0.7172714508001055
353,21,0.949617542772615,0.9695769918530934
353,22,0.9763148462889403,1.0521889514234366
353,23,0.9621235883872878,0.9126307489088499
354,0,0.9209264992979287,0.8083743044073479
354,1,0.9236837149165043,0.9338744369999739
354,2,0.9262021629170539,1.062713573189185
354,3,0.9289182563307818,1.1598278231692098
354,4,0.9278988877215373,1.2335296629877972
354,5,0.9281649158395363,1.2979002900111343
354,6,0.9235073752680875,1.3329443677422583
354,7,0.9280837187331,1.3746202895263864
354,8,0.9323138428343328,1.428311156354509
354,9,0.9304458003064672,1.458172508978151
354,10,0.9274147789758117,1.465779997708329
354,11,0.9278215829326345,1.484609591086217
354,12,0.9109546742706361,1.303174255589912
354,13,0.8871512623220794,0.8065891634385933
354,14,0.9020943700295929,0.5642499553061331
354,15,0.9253639971268067,0.6011170552995933
354,16,0.8857370861925442,0.5378955822887719
354,17,0.942243973576485,0.859492050434886
354,18,0.8655059562977653,0.6784679266762399
354,19,0.9614536307298862,0.7005881515268593
354,20,0.9361831060391868,0.7204179732844987
354,21,0.9467830324793465,0.960046109701227
354,22,0.9404088452702122,0.9095765952198693
354,23,0.9624953740231613,0.9166473096366055
355,0,0.9219494538096773,0.8120591402754571
355,1,0.924536791287566,0.9370093681795777
355,2,0.9266845630799042,1.064702738179727
355,3,0.928849447833094,1.1598054811221747
355,4,0.9279631008759774,1.234125132931588
355,5,0.9282760308121222,1.2982799199942683
355,6,0.923469785407236,1.332180051654549
355,7,0.9283252488908738,1.3747692882341647
355,8,0.9325971678972087,1.427922924045209
355,9,0.9302139027249383,1.4546052271535004
355,10,0.927344920716495,1.4616499654597799
355,11,0.927607389799343,1.4792412805155897
355,12,0.9112135363365516,1.3043322846534746
355,13,0.8882309111085724,0.812699478990821
355,14,0.9020918396514644,0.5653558519136479
355,15,0.8910743913260379,0.7318545212431533
355,16,0.8827348324077555,0.5264024332929886
355,17,0.9412550104458475,0.8602284613781128
355,18,0.9574828340564084,0.8301328903903054
355,19,0.9616261240520501,0.7008233559312247
355,20,0.9340635660525854,0.7217556056144842
355,21,0.9446398211183917,0.9589128465427463
355,22,0.942188998469505,0.9125085169370393
355,23,0.9327723207243593,0.7825006593020438
356,0,0.9233242757192582,0.8162867381097829
356,1,0.9253657115697232,0.9403467103395509
356,2,0.9267712239562287,1.0660343496442672
356,3,0.9285775395509739,1.1593621705954629
356,4,0.9272756489382636,1.2315419443587203
356,5,0.9275033128200926,1.294157822827601
356,6,0.9225828025424996,1.3261549563166874
356,7,0.9282263799912304,1.3706296073958522
356,8,0.9327453101877283,1.4228168831604857
356,9,0.9300748507062837,1.4475449559658282
356,10,0.9271105137552672,1.4534849189496082
356,11,0.92696803435407,1.4682529499630104
356,12,0.9109527742785389,1.2994065102623968
356,13,0.8883873995884739,0.8112915195848048
356,14,0.9025152858718934,0.563795064182242
356,15,0.9245140431582467,0.5990572037302315
356,16,0.8835318977774286,0.5539943639510563
356,17,0.9413910934316542,0.859803884775725
356,18,0.8610249810640243,0.6867719405422545
356,19,0.9114022622948521,0.6087047590270365
356,20,0.9327697015935513,0.7793657984749014
356,21,0.9497752375821261,1.0525035808201184
356,22,0.9430676960499177,0.9125908441542889
356,23,0.9330980172649809,0.7823489710512521
357,0,0.9236335690143055,0.8172981888843958
357,1,0.9251846154173039,0.9405513259632166
357,2,0.926212473636449,1.0651491451694386
357,3,0.9279543271393829,1.1587381421090526
357,4,0.9268003965038538,1.2313034830702316
357,5,0.9271062943082846,1.2942951236894198
357,6,0.9222771304301298,1.3270618333253865
357,7,0.9278568427043816,1.3702981241054562
357,8,0.9325869247185934,1.4232725028668298
357,9,0.9293922454127335,1.444759970806382
357,10,0.9258926354411453,1.4472913042473197
357,11,0.9256259005631761,1.4601188944748704
357,12,0.9099926892576248,1.2966708467295913
357,13,0.8884406121322692,0.813523268111088
357,14,0.9027818933126163,0.565521331190741
357,15,0.8926471201983835,0.6171141911681794
357,16,0.8850497427062087,0.5735525895512352
357,17,0.940845181299544,0.8615187386108261
357,18,0.8657298215961418,0.7061048712028236
357,19,0.9151412230570296,0.6228417955116609
357,20,0.9295436869540834,0.7811863049597891
357,21,0.9876731402925331,1.0764226736585574
357,22,0.9446441272091267,0.9167389578722003
357,23,0.9619383971283999,0.9174292654202842
358,0,0.9234828300677044,0.8197261216362066
358,1,0.9248398153710519,0.9419341329941477
358,2,0.9253601373150842,1.0651676893689588
358,3,0.9271145762524403,1.159224932362485
358,4,0.9257703547940839,1.2303011008491218
358,5,0.9258613304596859,1.2912909066771467
358,6,0.9210585536611575,1.323073412133041
358,7,0.9257130461882259,1.3614823279827384
358,8,0.9305306226635798,1.414027768765305
358,9,0.9275985075543521,1.4362653543749397
358,10,0.9242195374235169,1.4390632931037042
358,11,0.9237704304817136,1.4512750519628965
358,12,0.9087927291055752,1.293638783136465
358,13,0.887926347932309,0.8139503078827435
358,14,0.9023539050871701,0.5662482563043862
358,15,0.9238597390872331,0.6006529554815971
358,16,0.8852319584026451,0.5666916309177998
358,17,0.939641523079183,0.8641293849697425
358,18,0.8652623842359335,0.7057498536660692
358,19,0.9620042546334084,0.7021774835162518
358,20,0.9385092438245783,0.7382564027103593
358,21,0.981870826051262,1.0605751455264563
358,22,0.9779383159684292,1.028497004416049
358,23,0.9622156277670684,0.9205545544211907
359,0,0.9230222479852085,0.8199639570205588
359,1,0.9242949147944788,0.9423872597086749
359,2,0.9247922244592356,1.0655446920187879
359,3,0.9266470945135632,1.1599507874793376
359,4,0.925054453645996,1.2295092402712702
359,5,0.9250449462379524,1.2893927137678056
359,6,0.9202375850405752,1.3213430341445571
359,7,0.9250719537855745,1.3608945327683575
359,8,0.9300751486804757,1.4155933419063869
359,9,0.9270250546408608,1.4367376291279705
359,10,0.9230821799460935,1.4358729513856825
359,11,0.9227799122105279,1.448529016173135
359,12,0.9088651775614688,1.297755157760327
359,13,0.8889440823896892,0.8206802635710607
359,14,0.902703506404164,0.5692209211256787
359,15,0.8919897489402759,0.6337445945954534
359,16,0.8853814030197849,0.5840897121413593
359,17,0.9393540222871432,0.867016194023468
359,18,0.86603524593879,0.714161586062238
359,19,0.9627943656287794,0.7028022177813398
359,20,0.9695889487515612,0.7889356611112137
359,21,0.9754039966541425,1.0330876465074688
359,22,0.946668821031557,0.9226701549186709
359,23,0.9353546614540698,0.7921278346062373
360,0,0.9246150249469511,0.8264510451177494
360,1,0.9252855279255464,0.9483079120461018
360,2,0.9254740037102195,1.0707240565576348
360,3,0.9268016279638694,1.1621117186014884
360,4,0.9251620366950596,1.2300263165582237
360,5,0.9252989494829035,1.2904850968093882
360,6,0.9203087206921763,1.3211454807069598
360,7,0.9248467864350511,1.3580382908182942
360,8,0.9297074022932426,1.4114389509441192
360,9,0.9263652464727831,1.4314206019421416
360,10,0.9219584626464055,1.4277819104944134
360,11,0.9214010119567739,1.4386612895301187
360,12,0.9082761480296051,1.2958324114497939
360,13,0.8898491426079973,0.8279503254007587
360,14,0.9039925412718085,0.5739981764220825
360,15,0.890124510822775,0.6388141589888114
360,16,0.8830131870660104,0.5836583365721566
360,17,0.9401666865032289,0.86698402235176
360,18,0.898753600727238,0.7082969180617257
360,19,0.9387766994395272,0.6392309633119877
360,20,0.9580578904859334,0.7583433416635181
360,21,0.9641081153578074,0.9937044797522495
360,22,0.9536726945687115,0.9558733154430055
360,23,0.9362712308410784,0.7957527657957657
361,0,0.9254879705514253,0.8308434341603617
361,1,0.9259657557550018,0.9527130310200307
361,2,0.9256285067458201,1.0736106978379862
361,3,0.9263772541746869,1.1628876390388316
361,4,0.9244431548233115,1.229172645884289
361,5,0.9249413060345261,1.2907121819835283
361,6,0.9202627778914717,1.3222678280761877
361,7,0.9252013537145967,1.360382980687196
361,8,0.9296554115922667,1.411857048969093
361,9,0.9262507592326592,1.4318083529222607
361,10,0.9217542988232037,1.4275516987505399
361,11,0.9211757598000364,1.4375740014580767
361,12,0.9084265713944472,1.2982793354488693
361,13,0.8910488675224637,0.8361077156705627
361,14,0.8920468136010321,1.0307725286256257
361,15,0.8910948608027922,0.6494871861147793
361,16,0.883756656190372,0.5888087377363056
361,17,0.9406324982113846,0.8674891875856723
361,18,0.8904813932424382,0.6887195677410173
361,19,0.9321323125485975,0.6200873136162863
361,20,0.953125596944062,0.7446342300156226
361,21,0.9596919741622828,0.9779350741315633
361,22,0.9502765653429084,0.9374039670601115
361,23,0.9389288623351861,0.8023786274345377
362,0,0.9273271298143347,0.8371409355417698
362,1,0.9268112511199045,0.9569176974545843
362,2,0.9256609262543719,1.075678769554402
362,3,0.9254159814700637,1.161167971642704
362,4,0.9231939732280281,1.2253154956052443
362,5,0.9236238031651094,1.285623437965322
362,6,0.918782373475762,1.3160981934507583
362,7,0.9236961965792116,1.3531313235806983
362,8,0.9282984526714044,1.4044475212439576
362,9,0.9250349293582099,1.4241014765460709
362,10,0.9205030717610273,1.4195148924260237
362,11,0.9200637005841297,1.4301998475054674
362,12,0.9078443940793766,1.2951563354958162
362,13,0.8906801256163681,0.8343334550520551
362,14,0.8907405656008651,1.0307272871985393
362,15,0.8868442309713988,0.7630059304417509
362,16,0.8794509056145757,0.5521985001082206
362,17,0.939847947180247,0.8656084235388208
362,18,0.8881008457281835,0.6939442113389527
362,19,0.9304134472936437,0.6199189338130472
362,20,0.951432410979261,0.7448070027876166
362,21,0.9590108475594159,0.9805359030975567
362,22,0.949252980625096,0.9382317542352496
362,23,0.9404155515394564,0.8066387725271875
363,0,0.928540020823008,0.8428005636916385
363,1,0.927550513875344,0.9619177421608021
363,2,0.9255198480674308,1.0778880751899131
363,3,0.9250097780363795,1.1622801169144434
363,4,0.9225200525383483,1.2256152573030588
363,5,0.9227908824508326,1.2852985257956093
363,6,0.9177595610853755,1.3141260542220659
363,7,0.922198431145647,1.3467096307556572
363,8,0.9269013755815277,1.398031303305825
363,9,0.9239267289207769,1.4195984054153459
363,10,0.9190526716616443,1.4130876522810194
363,11,0.9187808283560216,1.424452284817415
363,12,0.9071880624222617,1.2940701681115785
363,13,0.890924904912811,0.8375039376501064
363,14,0.8924907398516659,1.0286470575487128
363,15,0.8975279676299273,0.5447886935301272
363,16,0.8944717911589083,0.5224975905110376
363,17,0.9416015937971963,0.8665298959436352
363,18,0.8830874978573195,0.6946229947070818
363,19,0.9268808183888162,0.6177474795510502
363,20,0.940370878378694,0.9073357747064823
363,21,0.9568129290101334,0.9781529248233838
363,22,0.9547104760138264,0.939921665095163
363,23,0.9418336669183943,0.8126330232565284
364,0,0.9297052021360527,0.8496366267028916
364,1,0.9282204493597929,0.9674510613035254
364,2,0.9258633462310306,1.081737567165172
364,3,0.9254809698128519,1.166932057713678
364,4,0.922750195676957,1.2291133903691915
364,5,0.9229240832896631,1.288914367478173
364,6,0.9178947648861007,1.3182448570429803
364,7,0.9221805930620671,1.349788630107873
364,8,0.9268379234153776,1.400096967113832
364,9,0.9238087655386373,1.420917360854151
364,10,0.9185425467137164,1.4134539157661088
364,11,0.918507264776656,1.4249429720785338
364,12,0.9076281466535229,1.301437058845427
364,13,0.8921923630421732,0.848441381558065
364,14,0.8903699854089383,1.0187995518396198
364,15,0.8942660821615322,0.5426161679754
364,16,0.8891440937949848,0.5158811174911553
364,17,0.851195910170689,0.7298838485995015
364,18,0.8767751081889031,0.6946593248127799
364,19,0.9222756523435564,0.6171195381289
364,20,0.9415368460913666,0.9229978146771274
364,21,0.9537182447000329,0.9818503547305506
364,22,0.9565024334179217,0.9445299700045844
364,23,0.9437977538404596,0.8192891998360012
365,0,0.9317027547945522,0.8583342094124078
365,1,0.9300467575786389,0.977230058809111
365,2,0.9278519212608166,1.093257608798985
365,3,0.9271269354470496,1.1774168558235871
365,4,0.9241663992619202,1.2387626346750291
365,5,0.9243188633876774,1.2984573179014396
365,6,0.9189815177798906,1.3262986590367178
365,7,0.9225955246103096,1.3539763881063378
365,8,0.9269858017463659,1.4021413617267258
365,9,0.9239351984303739,1.4226916016907702
365,10,0.918440123088479,1.4125968047249722
365,11,0.9183102568174699,1.4225167298161259
365,12,0.9079589924526376,1.3030622432561763
365,13,0.8926493431290794,0.8511312537785279
365,14,0.9084499623348287,0.5939018362005104
365,15,0.8947388721447931,0.5645192479222607
365,16,0.8887506666780925,0.5317385642046784
365,17,0.9414697245596716,0.8674481853663707
365,18,0.8746998042623532,0.6937156936836018
365,19,0.9197246480441683,0.6115707256999607
365,20,0.9419423264162339,0.7388600756857768
365,21,0.9515304942577795,0.9781733896263642
365,22,0.9579407278147825,0.9471868230156084
365,23,0.9451920557393678,0.8233153143806333
