dayofyear,hourofday,Wind,Tair
1,0,15,60
1,1,15,90
1,2,15,90
1,3,15,90
1,4,90,90
1,5,15,45
1,6,90,90
1,7,30,90
1,8,30,90
1,9,15,90
1,10,90,90
1,11,45,90
1,12,30,90
1,13,90,90
1,14,90,60
1,15,15,15
1,16,15,15
1,17,90,45
1,18,15,15
1,19,15,30
1,20,15,30
1,21,15,45
1,22,90,45
1,23,90,45
2,0,15,60
2,1,15,90
2,2,15,90
2,3,15,90
2,4,90,90
2,5,15,90
2,6,90,90
2,7,30,90
2,8,30,90
2,9,15,90
2,10,90,90
2,11,30,90
2,12,30,90
2,13,90,90
2,14,90,60
2,15,15,15
2,16,15,15
2,17,90,45
2,18,15,15
2,19,15,15
2,20,90,15
2,21,15,15
2,22,90,15
2,23,90,45
3,0,15,60
3,1,15,60
3,2,15,90
3,3,15,90
3,4,90,90
3,5,15,90
3,6,90,90
3,7,30,90
3,8,15,90
3,9,90,90
3,10,90,90
3,11,30,90
3,12,30,90
3,13,90,90
3,14,90,60
3,15,15,15
3,16,15,15
3,17,90,45
3,18,15,15
3,19,30,15
3,20,90,15
3,21,30,15
3,22,90,45
3,23,15,45
4,0,15,60
4,1,15,60
4,2,15,60
4,3,15,45
4,4,90,90
4,5,15,90
4,6,90,90
4,7,30,90
4,8,15,90
4,9,15,90
4,10,90,90
4,11,30,90
4,12,30,90
4,13,90,90
4,14,90,60
4,15,15,15
4,16,15,15
4,17,90,45
4,18,15,15
4,19,15,15
4,20,90,15
4,21,30,45
4,22,60,45
4,23,15,45
5,0,15,60
5,1,15,60
5,2,15,60
5,3,15,60
5,4,90,90
5,5,15,90
5,6,90,90
5,7,90,90
5,8,15,90
5,9,30,90
5,10,90,90
5,11,30,90
5,12,30,90
5,13,90,90
5,14,90,60
5,15,15,15
5,16,15,15
5,17,90,45
5,18,15,15
5,19,30,15
5,20,90,15
5,21,90,15
5,22,60,15
5,23,15,45
6,0,15,60
6,1,15,60
6,2,15,60
6,3,15,60
6,4,90,60
6,5,15,90
6,6,90,90
6,7,90,90
6,8,15,90
6,9,15,90
6,10,90,90
6,11,90,90
6,12,30,90
6,13,90,90
6,14,90,60
6,15,15,30
6,16,15,30
6,17,90,45
6,18,15,15
6,19,30,15
6,20,90,15
6,21,90,45
6,22,60,45
6,23,90,45
7,0,15,60
7,1,15,60
7,2,90,60
7,3,30,60
7,4,90,60
7,5,15,30
7,6,90,90
7,7,30,90
7,8,15,90
7,9,30,90
7,10,90,90
7,11,30,90
7,12,30,90
7,13,90,90
7,14,90,60
7,15,15,30
7,16,15,15
7,17,90,45
7,18,30,15
7,19,30,15
7,20,90,15
7,21,30,45
7,22,60,30
7,23,90,45
8,0,15,60
8,1,15,60
8,2,30,60
8,3,30,60
8,4,90,60
8,5,15,60
8,6,90,90
8,7,30,90
8,8,15,90
8,9,30,90
8,10,90,90
8,11,30,90
8,12,30,90
8,13,90,90
8,14,90,60
8,15,15,30
8,16,15,30
8,17,90,45
8,18,30,15
8,19,30,15
8,20,90,30
8,21,30,30
8,22,60,30
8,23,90,45
9,0,15,60
9,1,15,60
9,2,90,60
9,3,90,90
9,4,90,30
9,5,90,30
9,6,90,90
9,7,90,90
9,8,15,90
9,9,90,90
9,10,90,90
9,11,90,90
9,12,30,90
9,13,90,90
9,14,90,60
9,15,15,30
9,16,15,30
9,17,90,30
9,18,60,15
9,19,15,15
9,20,90,30
9,21,90,30
9,22,60,30
9,23,90,45
10,0,15,60
10,1,15,60
10,2,90,60
10,3,90,60
10,4,90,30
10,5,90,30
10,6,90,90
10,7,60,90
10,8,15,90
10,9,15,90
10,10,90,90
10,11,30,90
10,12,15,90
10,13,90,90
10,14,90,60
10,15,15,30
10,16,15,15
10,17,60,30
10,18,60,15
10,19,15,15
10,20,90,15
10,21,90,30
10,22,60,30
10,23,90,45
11,0,15,60
11,1,15,60
11,2,15,60
11,3,90,90
11,4,90,90
11,5,15,90
11,6,90,90
11,7,60,90
11,8,15,90
11,9,15,90
11,10,90,90
11,11,30,90
11,12,15,90
11,13,90,90
11,14,90,60
11,15,15,30
11,16,15,15
11,17,90,30
11,18,90,15
11,19,15,15
11,20,90,15
11,21,90,30
11,22,60,30
11,23,90,45
12,0,15,60
12,1,15,60
12,2,15,60
12,3,90,30
12,4,90,30
12,5,15,30
12,6,90,90
12,7,60,90
12,8,15,90
12,9,15,90
12,10,60,90
12,11,30,90
12,12,15,90
12,13,90,90
12,14,90,60
12,15,15,30
12,16,15,15
12,17,90,30
12,18,90,15
12,19,15,15
12,20,90,15
12,21,90,30
12,22,60,30
12,23,90,45
13,0,15,60
13,1,15,60
13,2,15,45
13,3,15,30
13,4,90,30
13,5,15,30
13,6,90,90
13,7,60,90
13,8,15,90
13,9,15,90
13,10,60,90
13,11,15,90
13,12,15,90
13,13,90,90
13,14,90,60
13,15,15,15
13,16,15,15
13,17,15,30
13,18,90,15
13,19,15,15
13,20,90,15
13,21,90,30
13,22,60,30
13,23,90,45
14,0,15,60
14,1,15,60
14,2,15,45
14,3,15,30
14,4,90,30
14,5,15,30
14,6,90,60
14,7,60,90
14,8,15,90
14,9,15,90
14,10,15,90
14,11,15,90
14,12,15,90
14,13,90,90
14,14,90,60
14,15,15,15
14,16,15,15
14,17,90,30
14,18,90,15
14,19,15,15
14,20,15,15
14,21,90,30
14,22,60,30
14,23,90,45
15,0,15,60
15,1,15,60
15,2,15,60
15,3,15,45
15,4,90,30
15,5,90,30
15,6,90,60
15,7,15,90
15,8,15,90
15,9,15,90
15,10,15,90
15,11,15,90
15,12,15,90
15,13,90,90
15,14,90,60
15,15,15,30
15,16,15,15
15,17,60,30
15,18,15,15
15,19,15,15
15,20,15,15
15,21,90,30
15,22,60,30
15,23,90,30
16,0,15,60
16,1,15,60
16,2,15,60
16,3,15,30
16,4,60,30
16,5,15,30
16,6,15,60
16,7,15,90
16,8,15,90
16,9,60,90
16,10,60,90
16,11,60,90
16,12,15,90
16,13,90,90
16,14,90,60
16,15,15,15
16,16,15,15
16,17,60,30
16,18,15,15
16,19,15,15
16,20,90,15
16,21,90,30
16,22,90,30
16,23,90,30
17,0,15,60
17,1,15,60
17,2,90,60
17,3,90,45
17,4,60,30
17,5,90,30
17,6,60,60
17,7,15,90
17,8,15,90
17,9,60,90
17,10,60,90
17,11,60,90
17,12,15,90
17,13,90,90
17,14,90,60
17,15,90,15
17,16,15,15
17,17,60,30
17,18,15,15
17,19,15,15
17,20,90,15
17,21,90,30
17,22,90,30
17,23,90,30
18,0,15,60
18,1,15,60
18,2,90,60
18,3,90,45
18,4,60,30
18,5,45,30
18,6,60,60
18,7,15,90
18,8,45,90
18,9,60,90
18,10,60,90
18,11,60,90
18,12,15,90
18,13,90,90
18,14,90,60
18,15,15,15
18,16,15,15
18,17,60,30
18,18,45,15
18,19,15,15
18,20,90,30
18,21,90,30
18,22,45,30
18,23,90,30
19,0,15,60
19,1,15,60
19,2,90,60
19,3,90,60
19,4,60,30
19,5,60,30
19,6,60,60
19,7,15,90
19,8,45,90
19,9,60,90
19,10,60,90
19,11,60,90
19,12,60,90
19,13,90,90
19,14,90,45
19,15,90,15
19,16,15,15
19,17,60,30
19,18,15,15
19,19,15,15
19,20,90,15
19,21,90,30
19,22,45,30
19,23,90,30
20,0,60,45
20,1,15,60
20,2,90,45
20,3,15,45
20,4,60,45
20,5,60,30
20,6,60,60
20,7,60,90
20,8,45,90
20,9,60,90
20,10,60,90
20,11,60,90
20,12,30,90
20,13,90,90
20,14,90,45
20,15,90,15
20,16,15,15
20,17,60,30
20,18,15,15
20,19,15,15
20,20,90,15
20,21,15,30
20,22,45,30
20,23,90,30
21,0,15,45
21,1,15,60
21,2,15,45
21,3,15,45
21,4,60,45
21,5,60,30
21,6,60,60
21,7,60,90
21,8,15,90
21,9,15,90
21,10,60,90
21,11,60,90
21,12,15,90
21,13,90,90
21,14,90,45
21,15,90,15
21,16,15,15
21,17,60,30
21,18,15,30
21,19,15,15
21,20,90,30
21,21,15,30
21,22,45,30
21,23,90,30
22,0,15,45
22,1,15,60
22,2,15,60
22,3,15,60
22,4,45,60
22,5,45,60
22,6,60,60
22,7,15,90
22,8,15,90
22,9,60,90
22,10,60,90
22,11,15,90
22,12,15,90
22,13,90,90
22,14,90,45
22,15,60,15
22,16,15,15
22,17,60,30
22,18,15,15
22,19,15,15
22,20,90,30
22,21,15,30
22,22,45,30
22,23,15,30
23,0,15,45
23,1,15,60
23,2,15,60
23,3,15,60
23,4,15,60
23,5,45,60
23,6,60,60
23,7,15,90
23,8,15,90
23,9,60,90
23,10,60,90
23,11,15,90
23,12,15,90
23,13,90,90
23,14,90,45
23,15,15,15
23,16,15,15
23,17,60,30
23,18,15,30
23,19,15,15
23,20,90,15
23,21,90,30
23,22,45,30
23,23,90,30
24,0,15,45
24,1,60,45
24,2,15,45
24,3,60,15
24,4,60,60
24,5,60,60
24,6,60,60
24,7,60,90
24,8,45,90
24,9,60,90
24,10,60,90
24,11,15,90
24,12,15,90
24,13,90,90
24,14,90,45
24,15,60,15
24,16,45,15
24,17,60,15
24,18,45,15
24,19,15,15
24,20,90,15
24,21,90,45
24,22,45,30
24,23,90,30
25,0,90,45
25,1,60,45
25,2,90,45
25,3,60,15
25,4,60,15
25,5,60,60
25,6,60,60
25,7,60,60
25,8,45,90
25,9,60,90
25,10,60,90
25,11,15,90
25,12,15,90
25,13,90,90
25,14,90,45
25,15,15,15
25,16,15,15
25,17,45,15
25,18,45,15
25,19,45,15
25,20,90,15
25,21,90,45
25,22,45,15
25,23,90,30
26,0,60,45
26,1,60,45
26,2,90,45
26,3,60,60
26,4,60,60
26,5,60,60
26,6,60,60
26,7,60,60
26,8,60,90
26,9,60,90
26,10,60,90
26,11,15,90
26,12,15,90
26,13,90,90
26,14,90,45
26,15,15,15
26,16,15,15
26,17,60,15
26,18,90,15
26,19,30,15
26,20,90,15
26,21,90,15
26,22,45,15
26,23,90,15
27,0,60,15
27,1,60,45
27,2,60,15
27,3,60,15
27,4,60,15
27,5,60,15
27,6,60,60
27,7,45,60
27,8,45,90
27,9,60,90
27,10,60,90
27,11,15,90
27,12,15,90
27,13,90,90
27,14,90,45
27,15,90,15
27,16,15,15
27,17,60,15
27,18,90,15
27,19,30,15
27,20,90,15
27,21,90,15
27,22,45,15
27,23,90,15
28,0,60,15
28,1,60,15
28,2,60,15
28,3,60,15
28,4,60,15
28,5,60,15
28,6,60,60
28,7,60,60
28,8,60,90
28,9,60,90
28,10,60,90
28,11,45,90
28,12,15,90
28,13,90,90
28,14,90,15
28,15,60,15
28,16,60,15
28,17,60,15
28,18,90,15
28,19,30,15
28,20,90,15
28,21,90,15
28,22,45,15
28,23,90,15
29,0,90,15
29,1,60,45
29,2,60,15
29,3,60,15
29,4,60,15
29,5,60,15
29,6,60,60
29,7,60,60
29,8,60,90
29,9,60,90
29,10,60,90
29,11,60,90
29,12,30,90
29,13,90,90
29,14,90,15
29,15,60,15
29,16,60,15
29,17,45,15
29,18,90,15
29,19,30,15
29,20,90,15
29,21,90,15
29,22,90,15
29,23,90,15
30,0,90,45
30,1,60,45
30,2,60,15
30,3,60,15
30,4,60,15
30,5,60,15
30,6,60,60
30,7,60,60
30,8,60,90
30,9,60,90
30,10,60,90
30,11,45,90
30,12,30,90
30,13,90,90
30,14,90,15
30,15,60,15
30,16,60,15
30,17,45,15
30,18,90,15
30,19,30,15
30,20,90,15
30,21,90,15
30,22,45,15
30,23,90,15
31,0,90,15
31,1,60,15
31,2,90,15
31,3,60,15
31,4,60,15
31,5,60,15
31,6,60,15
31,7,60,15
31,8,30,90
31,9,60,90
31,10,60,90
31,11,15,90
31,12,15,90
31,13,90,90
31,14,90,15
31,15,60,15
31,16,60,15
31,17,60,15
31,18,90,15
31,19,30,15
31,20,90,15
31,21,90,15
31,22,90,15
31,23,90,15
32,0,90,15
32,1,60,15
32,2,60,15
32,3,60,15
32,4,60,15
32,5,60,15
32,6,60,15
32,7,60,15
32,8,30,15
32,9,60,90
32,10,60,60
32,11,45,90
32,12,90,90
32,13,90,15
32,14,90,15
32,15,60,15
32,16,60,15
32,17,60,15
32,18,30,15
32,19,30,15
32,20,90,15
32,21,90,15
32,22,90,15
32,23,90,15
33,0,90,15
33,1,60,15
33,2,60,15
33,3,60,15
33,4,60,15
33,5,60,15
33,6,60,15
33,7,15,15
33,8,30,15
33,9,60,15
33,10,60,90
33,11,15,15
33,12,90,15
33,13,90,15
33,14,90,15
33,15,60,15
33,16,60,15
33,17,60,15
33,18,30,30
33,19,30,15
33,20,90,15
33,21,90,15
33,22,90,15
33,23,90,15
34,0,90,15
34,1,60,15
34,2,60,15
34,3,60,15
34,4,60,15
34,5,60,15
34,6,60,15
34,7,15,15
34,8,30,15
34,9,60,15
34,10,45,90
34,11,15,15
34,12,90,90
34,13,90,90
34,14,90,15
34,15,60,15
34,16,60,15
34,17,60,15
34,18,90,30
34,19,30,15
34,20,90,15
34,21,90,15
34,22,90,15
34,23,90,15
35,0,90,15
35,1,60,15
35,2,60,15
35,3,60,15
35,4,60,15
35,5,60,15
35,6,60,60
35,7,45,60
35,8,30,90
35,9,60,90
35,10,45,90
35,11,15,90
35,12,45,90
35,13,90,90
35,14,90,30
35,15,60,15
35,16,60,30
35,17,60,15
35,18,90,30
35,19,90,15
35,20,90,30
35,21,90,15
35,22,30,15
35,23,90,15
36,0,90,15
36,1,60,15
36,2,60,15
36,3,60,15
36,4,60,15
36,5,60,15
36,6,60,15
36,7,45,90
36,8,30,90
36,9,60,90
36,10,45,90
36,11,45,90
36,12,90,90
36,13,90,90
36,14,90,30
36,15,60,15
36,16,60,30
36,17,60,15
36,18,30,30
36,19,30,30
36,20,90,30
36,21,90,15
36,22,30,15
36,23,90,15
37,0,90,15
37,1,60,15
37,2,30,15
37,3,60,15
37,4,60,15
37,5,60,15
37,6,60,15
37,7,45,90
37,8,30,90
37,9,60,90
37,10,60,90
37,11,15,90
37,12,90,90
37,13,90,90
37,14,90,15
37,15,60,15
37,16,60,15
37,17,60,15
37,18,30,15
37,19,90,15
37,20,90,15
37,21,90,15
37,22,30,15
37,23,90,15
38,0,90,15
38,1,60,15
38,2,60,15
38,3,60,15
38,4,60,15
38,5,60,15
38,6,60,15
38,7,45,90
38,8,30,90
38,9,60,15
38,10,60,90
38,11,60,90
38,12,15,90
38,13,90,90
38,14,90,15
38,15,60,15
38,16,60,15
38,17,60,15
38,18,90,15
38,19,90,15
38,20,90,15
38,21,90,15
38,22,30,15
38,23,90,15
39,0,90,15
39,1,60,15
39,2,60,15
39,3,60,15
39,4,60,15
39,5,60,15
39,6,60,45
39,7,15,90
39,8,30,90
39,9,60,90
39,10,60,90
39,11,15,90
39,12,15,90
39,13,90,90
39,14,90,15
39,15,60,15
39,16,60,15
39,17,60,15
39,18,90,30
39,19,90,15
39,20,90,30
39,21,90,15
39,22,30,15
39,23,90,15
40,0,90,15
40,1,60,15
40,2,90,15
40,3,60,15
40,4,15,15
40,5,60,15
40,6,60,15
40,7,15,90
40,8,45,90
40,9,45,90
40,10,60,90
40,11,30,90
40,12,15,90
40,13,90,15
40,14,90,15
40,15,60,15
40,16,30,15
40,17,30,15
40,18,90,30
40,19,90,30
40,20,90,30
40,21,90,15
40,22,30,15
40,23,90,15
41,0,90,15
41,1,45,15
41,2,90,15
41,3,90,15
41,4,15,15
41,5,60,15
41,6,45,45
41,7,30,90
41,8,45,90
41,9,45,15
41,10,45,90
41,11,90,15
41,12,90,90
41,13,90,15
41,14,90,15
41,15,60,15
41,16,60,15
41,17,60,15
41,18,90,30
41,19,90,30
41,20,90,30
41,21,90,15
41,22,90,15
41,23,90,15
42,0,90,15
42,1,45,15
42,2,90,15
42,3,45,15
42,4,45,15
42,5,45,45
42,6,45,45
42,7,30,90
42,8,45,90
42,9,45,15
42,10,45,15
42,11,30,15
42,12,90,90
42,13,90,15
42,14,90,15
42,15,60,15
42,16,60,30
42,17,60,15
42,18,90,30
42,19,90,30
42,20,90,30
42,21,90,15
42,22,90,15
42,23,90,15
43,0,90,15
43,1,45,15
43,2,90,15
43,3,45,15
43,4,45,15
43,5,45,45
43,6,45,45
43,7,45,90
43,8,45,90
43,9,45,15
43,10,45,15
43,11,90,90
43,12,90,90
43,13,90,15
43,14,90,15
43,15,60,15
43,16,60,30
43,17,30,15
43,18,90,30
43,19,90,30
43,20,90,30
43,21,90,30
43,22,90,15
43,23,90,15
44,0,90,15
44,1,90,15
44,2,90,15
44,3,90,15
44,4,45,30
44,5,45,45
44,6,45,45
44,7,45,90
44,8,45,90
44,9,45,15
44,10,45,90
44,11,90,90
44,12,90,90
44,13,90,15
44,14,90,15
44,15,60,15
44,16,60,30
44,17,30,30
44,18,90,30
44,19,90,30
44,20,90,30
44,21,90,30
44,22,90,15
44,23,90,15
45,0,90,15
45,1,90,15
45,2,90,15
45,3,90,15
45,4,45,15
45,5,45,45
45,6,45,15
45,7,45,90
45,8,45,90
45,9,45,15
45,10,90,15
45,11,90,15
45,12,90,90
45,13,90,15
45,14,90,15
45,15,60,15
45,16,60,30
45,17,30,30
45,18,90,30
45,19,90,30
45,20,90,30
45,21,90,30
45,22,90,30
45,23,90,15
46,0,90,15
46,1,90,15
46,2,90,15
46,3,90,15
46,4,30,30
46,5,45,30
46,6,45,30
46,7,30,30
46,8,45,15
46,9,45,15
46,10,90,15
46,11,30,15
46,12,90,90
46,13,90,15
46,14,90,15
46,15,90,15
46,16,45,30
46,17,30,30
46,18,90,30
46,19,90,30
46,20,90,30
46,21,90,30
46,22,90,30
46,23,90,15
47,0,90,15
47,1,90,15
47,2,90,15
47,3,90,15
47,4,15,30
47,5,45,30
47,6,45,30
47,7,30,30
47,8,15,15
47,9,45,15
47,10,90,15
47,11,30,15
47,12,90,90
47,13,90,15
47,14,90,15
47,15,90,15
47,16,45,30
47,17,15,30
47,18,90,30
47,19,90,30
47,20,90,30
47,21,90,30
47,22,90,30
47,23,90,15
48,0,90,15
48,1,90,15
48,2,90,15
48,3,15,15
48,4,15,30
48,5,15,30
48,6,45,30
48,7,30,30
48,8,15,15
48,9,45,15
48,10,30,15
48,11,30,15
48,12,90,90
48,13,90,15
48,14,90,15
48,15,90,15
48,16,45,45
48,17,15,15
48,18,90,15
48,19,90,30
48,20,90,30
48,21,90,30
48,22,90,30
48,23,90,15
49,0,90,15
49,1,90,15
49,2,90,15
49,3,90,15
49,4,15,30
49,5,15,30
49,6,30,30
49,7,30,15
49,8,15,15
49,9,90,15
49,10,30,15
49,11,30,15
49,12,90,15
49,13,90,15
49,14,90,15
49,15,90,15
49,16,45,45
49,17,15,15
49,18,90,15
49,19,90,30
49,20,90,30
49,21,90,30
49,22,15,30
49,23,90,15
50,0,90,15
50,1,90,15
50,2,90,15
50,3,90,15
50,4,30,15
50,5,15,15
50,6,30,15
50,7,30,15
50,8,90,15
50,9,90,15
50,10,30,15
50,11,30,15
50,12,90,15
50,13,90,15
50,14,90,15
50,15,90,15
50,16,45,45
50,17,30,15
50,18,90,15
50,19,90,30
50,20,90,15
50,21,90,30
50,22,30,30
50,23,90,15
51,0,90,15
51,1,90,15
51,2,45,15
51,3,90,15
51,4,15,15
51,5,15,15
51,6,45,15
51,7,30,15
51,8,90,15
51,9,45,15
51,10,30,15
51,11,30,15
51,12,90,15
51,13,90,15
51,14,90,15
51,15,90,15
51,16,45,45
51,17,45,15
51,18,90,15
51,19,90,15
51,20,90,15
51,21,90,30
51,22,15,30
51,23,90,15
52,0,90,15
52,1,90,15
52,2,90,15
52,3,90,15
52,4,15,15
52,5,15,30
52,6,45,15
52,7,30,15
52,8,90,15
52,9,90,15
52,10,90,15
52,11,90,15
52,12,90,90
52,13,90,15
52,14,90,15
52,15,90,15
52,16,45,45
52,17,15,15
52,18,90,15
52,19,90,15
52,20,90,15
52,21,90,15
52,22,15,15
52,23,90,15
53,0,90,15
53,1,90,15
53,2,90,15
53,3,90,15
53,4,45,30
53,5,45,30
53,6,45,30
53,7,30,15
53,8,90,15
53,9,90,15
53,10,90,15
53,11,90,15
53,12,90,90
53,13,90,15
53,14,90,15
53,15,90,15
53,16,45,45
53,17,15,15
53,18,90,15
53,19,90,15
53,20,90,15
53,21,90,30
53,22,30,15
53,23,90,15
54,0,90,15
54,1,90,15
54,2,90,15
54,3,90,30
54,4,30,30
54,5,45,30
54,6,45,30
54,7,30,90
54,8,90,15
54,9,90,15
54,10,90,15
54,11,90,15
54,12,90,90
54,13,90,15
54,14,90,15
54,15,90,15
54,16,45,45
54,17,15,15
54,18,90,15
54,19,90,15
54,20,90,15
54,21,90,30
54,22,15,30
54,23,90,15
55,0,90,15
55,1,90,15
55,2,90,15
55,3,90,30
55,4,30,30
55,5,15,30
55,6,15,30
55,7,30,90
55,8,90,15
55,9,90,15
55,10,90,15
55,11,90,15
55,12,90,90
55,13,90,15
55,14,90,15
55,15,90,15
55,16,45,30
55,17,15,15
55,18,15,15
55,19,90,15
55,20,90,15
55,21,90,30
55,22,15,30
55,23,90,15
56,0,90,15
56,1,90,15
56,2,90,15
56,3,90,30
56,4,15,30
56,5,15,30
56,6,15,30
56,7,30,90
56,8,90,15
56,9,90,90
56,10,90,15
56,11,90,90
56,12,90,90
56,13,90,15
56,14,90,15
56,15,45,15
56,16,45,15
56,17,15,15
56,18,90,15
56,19,90,15
56,20,90,15
56,21,90,15
56,22,15,30
56,23,90,15
57,0,90,15
57,1,90,15
57,2,90,15
57,3,15,30
57,4,15,30
57,5,15,30
57,6,15,30
57,7,15,90
57,8,15,15
57,9,15,90
57,10,90,15
57,11,90,15
57,12,90,90
57,13,90,15
57,14,90,15
57,15,90,15
57,16,45,15
57,17,15,15
57,18,15,15
57,19,90,15
57,20,90,15
57,21,90,15
57,22,15,30
57,23,90,15
58,0,90,15
58,1,90,15
58,2,15,30
58,3,15,30
58,4,15,30
58,5,15,30
58,6,15,30
58,7,30,90
58,8,90,15
58,9,90,15
58,10,90,15
58,11,90,15
58,12,90,90
58,13,90,15
58,14,90,15
58,15,90,15
58,16,45,15
58,17,15,15
58,18,15,15
58,19,90,15
58,20,90,15
58,21,90,15
58,22,15,15
58,23,90,15
59,0,90,15
59,1,90,15
59,2,15,15
59,3,15,30
59,4,15,30
59,5,15,30
59,6,30,30
59,7,15,90
59,8,15,15
59,9,15,90
59,10,90,15
59,11,90,15
59,12,90,90
59,13,90,15
59,14,90,15
59,15,90,15
59,16,15,15
59,17,15,15
59,18,15,15
59,19,90,15
59,20,90,15
59,21,90,15
59,22,15,30
59,23,90,15
60,0,90,15
60,1,90,15
60,2,15,15
60,3,15,30
60,4,15,30
60,5,15,30
60,6,15,30
60,7,30,30
60,8,90,15
60,9,15,15
60,10,15,15
60,11,90,15
60,12,90,90
60,13,90,15
60,14,90,15
60,15,90,15
60,16,15,15
60,17,15,15
60,18,15,15
60,19,90,15
60,20,90,15
60,21,90,15
60,22,15,15
60,23,90,15
61,0,90,15
61,1,90,15
61,2,15,15
61,3,15,30
61,4,15,30
61,5,15,30
61,6,15,30
61,7,15,30
61,8,15,15
61,9,15,30
61,10,15,15
61,11,15,15
61,12,90,90
61,13,90,15
61,14,90,15
61,15,15,15
61,16,15,15
61,17,15,15
61,18,15,15
61,19,90,15
61,20,90,15
61,21,15,15
61,22,15,15
61,23,90,15
62,0,90,15
62,1,90,15
62,2,15,15
62,3,15,30
62,4,15,30
62,5,15,30
62,6,15,30
62,7,15,30
62,8,90,30
62,9,15,30
62,10,15,15
62,11,15,15
62,12,90,90
62,13,90,15
62,14,90,15
62,15,15,30
62,16,15,30
62,17,15,30
62,18,15,15
62,19,90,15
62,20,15,15
62,21,15,15
62,22,15,15
62,23,90,15
63,0,90,15
63,1,90,15
63,2,15,15
63,3,15,30
63,4,15,30
63,5,15,30
63,6,15,30
63,7,15,30
63,8,15,30
63,9,15,30
63,10,15,15
63,11,15,15
63,12,90,90
63,13,15,15
63,14,15,15
63,15,15,30
63,16,15,15
63,17,15,30
63,18,15,15
63,19,90,15
63,20,15,15
63,21,15,15
63,22,15,15
63,23,90,15
64,0,90,15
64,1,15,15
64,2,15,15
64,3,15,30
64,4,15,30
64,5,15,30
64,6,15,30
64,7,15,30
64,8,15,30
64,9,15,30
64,10,15,30
64,11,15,30
64,12,90,30
64,13,15,15
64,14,15,15
64,15,15,30
64,16,15,30
64,17,15,30
64,18,15,15
64,19,90,15
64,20,15,15
64,21,15,15
64,22,15,15
64,23,90,15
65,0,90,15
65,1,15,15
65,2,15,15
65,3,15,30
65,4,15,30
65,5,15,30
65,6,15,30
65,7,15,30
65,8,15,30
65,9,15,30
65,10,15,30
65,11,15,30
65,12,90,15
65,13,15,15
65,14,15,15
65,15,15,30
65,16,15,30
65,17,15,30
65,18,15,15
65,19,90,15
65,20,15,15
65,21,15,15
65,22,15,15
65,23,90,15
66,0,90,15
66,1,15,15
66,2,15,15
66,3,15,30
66,4,15,30
66,5,15,30
66,6,15,30
66,7,15,30
66,8,15,30
66,9,15,30
66,10,15,30
66,11,15,90
66,12,90,15
66,13,15,15
66,14,15,15
66,15,15,90
66,16,15,30
66,17,15,30
66,18,15,15
66,19,15,15
66,20,15,15
66,21,15,15
66,22,15,15
66,23,90,15
67,0,90,15
67,1,15,15
67,2,15,15
67,3,15,15
67,4,15,15
67,5,15,90
67,6,15,30
67,7,15,30
67,8,15,30
67,9,15,30
67,10,15,30
67,11,90,90
67,12,90,15
67,13,90,15
67,14,15,15
67,15,15,90
67,16,15,30
67,17,15,30
67,18,15,15
67,19,15,30
67,20,15,15
67,21,15,15
67,22,15,15
67,23,90,15
68,0,90,15
68,1,90,15
68,2,15,15
68,3,15,15
68,4,15,15
68,5,15,15
68,6,15,15
68,7,15,30
68,8,15,30
68,9,15,30
68,10,90,30
68,11,90,90
68,12,90,15
68,13,15,15
68,14,15,15
68,15,15,90
68,16,15,90
68,17,15,30
68,18,15,15
68,19,15,15
68,20,15,15
68,21,15,15
68,22,15,15
68,23,90,15
69,0,90,15
69,1,15,15
69,2,15,30
69,3,15,30
69,4,15,30
69,5,15,90
69,6,15,15
69,7,15,90
69,8,15,30
69,9,15,30
69,10,90,30
69,11,90,90
69,12,90,15
69,13,15,15
69,14,15,15
69,15,15,90
69,16,15,90
69,17,15,30
69,18,15,15
69,19,15,15
69,20,15,15
69,21,15,15
69,22,15,15
69,23,90,15
70,0,90,15
70,1,15,15
70,2,15,30
70,3,15,15
70,4,15,15
70,5,15,90
70,6,15,15
70,7,15,15
70,8,15,15
70,9,15,90
70,10,15,30
70,11,90,90
70,12,90,15
70,13,90,15
70,14,15,15
70,15,15,90
70,16,15,90
70,17,15,15
70,18,15,15
70,19,60,15
70,20,15,15
70,21,15,15
70,22,15,15
70,23,15,15
71,0,15,15
71,1,15,15
71,2,15,15
71,3,15,15
71,4,15,15
71,5,15,15
71,6,15,15
71,7,15,15
71,8,15,15
71,9,15,90
71,10,15,30
71,11,90,90
71,12,90,90
71,13,90,15
71,14,15,15
71,15,15,90
71,16,15,90
71,17,15,15
71,18,15,15
71,19,90,15
71,20,15,15
71,21,15,15
71,22,15,15
71,23,15,15
72,0,15,15
72,1,15,15
72,2,15,30
72,3,15,15
72,4,15,15
72,5,15,15
72,6,15,15
72,7,15,15
72,8,15,90
72,9,15,90
72,10,15,30
72,11,15,90
72,12,90,90
72,13,15,15
72,14,15,15
72,15,15,90
72,16,15,90
72,17,15,90
72,18,15,90
72,19,90,90
72,20,15,15
72,21,15,15
72,22,15,15
72,23,15,15
73,0,15,15
73,1,15,15
73,2,15,30
73,3,15,15
73,4,15,15
73,5,15,15
73,6,15,15
73,7,15,15
73,8,15,15
73,9,15,30
73,10,15,30
73,11,15,90
73,12,90,90
73,13,15,15
73,14,15,15
73,15,15,90
73,16,15,90
73,17,15,90
73,18,15,90
73,19,90,90
73,20,15,15
73,21,15,15
73,22,15,15
73,23,15,15
74,0,15,15
74,1,15,15
74,2,15,15
74,3,15,15
74,4,15,15
74,5,15,90
74,6,15,15
74,7,15,15
74,8,90,90
74,9,15,90
74,10,15,30
74,11,90,90
74,12,90,15
74,13,90,15
74,14,15,15
74,15,15,90
74,16,15,90
74,17,15,15
74,18,15,90
74,19,60,90
74,20,15,15
74,21,15,15
74,22,15,15
74,23,15,15
75,0,15,15
75,1,15,15
75,2,15,15
75,3,15,15
75,4,15,15
75,5,15,15
75,6,15,15
75,7,15,15
75,8,15,90
75,9,15,90
75,10,15,30
75,11,90,90
75,12,90,15
75,13,90,15
75,14,15,15
75,15,15,90
75,16,15,90
75,17,15,15
75,18,30,90
75,19,60,90
75,20,30,60
75,21,15,15
75,22,15,15
75,23,15,15
76,0,15,15
76,1,15,15
76,2,15,15
76,3,15,15
76,4,15,15
76,5,15,15
76,6,15,15
76,7,15,15
76,8,90,90
76,9,15,90
76,10,15,90
76,11,90,90
76,12,90,15
76,13,60,15
76,14,15,15
76,15,15,90
76,16,15,90
76,17,15,90
76,18,15,90
76,19,60,90
76,20,30,15
76,21,15,15
76,22,15,15
76,23,15,15
77,0,15,15
77,1,15,15
77,2,15,15
77,3,15,15
77,4,15,15
77,5,15,15
77,6,15,15
77,7,15,15
77,8,90,15
77,9,15,90
77,10,15,90
77,11,90,90
77,12,90,15
77,13,60,15
77,14,15,15
77,15,15,90
77,16,15,90
77,17,15,15
77,18,30,90
77,19,60,90
77,20,30,15
77,21,15,15
77,22,15,15
77,23,15,15
78,0,15,15
78,1,15,15
78,2,15,15
78,3,15,15
78,4,15,15
78,5,15,15
78,6,15,15
78,7,15,15
78,8,90,90
78,9,15,90
78,10,15,90
78,11,90,90
78,12,90,60
78,13,60,15
78,14,15,15
78,15,15,90
78,16,15,90
78,17,15,15
78,18,30,90
78,19,60,90
78,20,30,15
78,21,30,15
78,22,15,15
78,23,15,15
79,0,90,30
79,1,15,45
79,2,15,15
79,3,15,15
79,4,30,15
79,5,15,15
79,6,15,15
79,7,15,15
79,8,90,90
79,9,15,90
79,10,15,90
79,11,90,90
79,12,90,15
79,13,60,15
79,14,15,15
79,15,15,90
79,16,15,90
79,17,15,90
79,18,30,90
79,19,60,90
79,20,30,15
79,21,30,15
79,22,30,15
79,23,90,15
80,0,90,30
80,1,90,15
80,2,15,15
80,3,15,15
80,4,15,15
80,5,15,15
80,6,15,15
80,7,15,15
80,8,90,90
80,9,15,90
80,10,15,90
80,11,15,90
80,12,90,45
80,13,60,15
80,14,15,15
80,15,15,90
80,16,15,90
80,17,15,90
80,18,30,90
80,19,60,90
80,20,30,15
80,21,30,15
80,22,30,15
80,23,90,15
81,0,90,30
81,1,90,60
81,2,15,60
81,3,15,90
81,4,15,90
81,5,15,90
81,6,15,15
81,7,15,15
81,8,90,90
81,9,15,90
81,10,15,90
81,11,15,90
81,12,90,45
81,13,15,15
81,14,15,45
81,15,15,90
81,16,15,90
81,17,15,90
81,18,30,90
81,19,60,90
81,20,30,15
81,21,30,15
81,22,30,15
81,23,90,15
82,0,90,30
82,1,15,60
82,2,15,60
82,3,15,90
82,4,15,90
82,5,15,90
82,6,15,90
82,7,90,90
82,8,90,90
82,9,15,90
82,10,15,90
82,11,15,90
82,12,90,60
82,13,60,15
82,14,15,60
82,15,15,90
82,16,15,90
82,17,15,90
82,18,30,90
82,19,60,90
82,20,30,45
82,21,15,15
82,22,30,15
82,23,60,15
83,0,90,30
83,1,90,60
83,2,15,60
83,3,15,90
83,4,15,90
83,5,15,90
83,6,15,90
83,7,90,90
83,8,90,90
83,9,15,90
83,10,15,90
83,11,15,90
83,12,90,15
83,13,15,15
83,14,15,60
83,15,15,90
83,16,15,90
83,17,15,90
83,18,30,90
83,19,60,90
83,20,30,60
83,21,30,15
83,22,30,15
83,23,60,15
84,0,90,30
84,1,90,60
84,2,15,60
84,3,15,90
84,4,15,90
84,5,15,90
84,6,15,90
84,7,90,90
84,8,90,90
84,9,90,90
84,10,15,90
84,11,15,90
84,12,90,45
84,13,15,15
84,14,15,60
84,15,15,90
84,16,15,90
84,17,15,90
84,18,30,90
84,19,60,90
84,20,30,60
84,21,30,15
84,22,30,15
84,23,30,15
85,0,90,45
85,1,90,60
85,2,15,60
85,3,15,90
85,4,15,90
85,5,15,90
85,6,15,90
85,7,90,90
85,8,90,90
85,9,90,90
85,10,90,90
85,11,90,90
85,12,90,15
85,13,60,15
85,14,15,60
85,15,15,90
85,16,30,90
85,17,30,90
85,18,30,90
85,19,90,90
85,20,30,60
85,21,30,15
85,22,30,15
85,23,30,15
86,0,90,15
86,1,90,60
86,2,90,60
86,3,15,90
86,4,90,90
86,5,90,90
86,6,30,90
86,7,90,90
86,8,90,90
86,9,90,90
86,10,90,90
86,11,90,90
86,12,90,15
86,13,60,15
86,14,15,60
86,15,15,90
86,16,30,90
86,17,30,90
86,18,30,90
86,19,45,90
86,20,30,60
86,21,30,15
86,22,30,15
86,23,30,15
87,0,90,45
87,1,90,60
87,2,90,60
87,3,90,90
87,4,90,90
87,5,90,90
87,6,30,90
87,7,90,90
87,8,90,90
87,9,90,90
87,10,90,15
87,11,90,90
87,12,90,15
87,13,60,45
87,14,15,60
87,15,15,90
87,16,15,90
87,17,15,90
87,18,15,90
87,19,45,90
87,20,30,60
87,21,30,15
87,22,30,15
87,23,30,15
88,0,90,15
88,1,90,60
88,2,90,60
88,3,90,90
88,4,90,90
88,5,90,90
88,6,30,90
88,7,90,90
88,8,90,90
88,9,90,90
88,10,90,15
88,11,90,90
88,12,90,15
88,13,60,45
88,14,15,60
88,15,15,90
88,16,15,90
88,17,15,90
88,18,15,90
88,19,45,90
88,20,30,60
88,21,30,60
88,22,30,60
88,23,30,45
89,0,90,45
89,1,90,60
89,2,90,60
89,3,90,90
89,4,90,90
89,5,90,90
89,6,90,90
89,7,90,90
89,8,90,90
89,9,90,90
89,10,90,90
89,11,90,90
89,12,90,15
89,13,45,45
89,14,30,60
89,15,15,90
89,16,15,90
89,17,45,90
89,18,45,90
89,19,45,90
89,20,30,60
89,21,30,45
89,22,30,60
89,23,30,45
90,0,90,60
90,1,90,60
90,2,45,60
90,3,90,90
90,4,90,90
90,5,90,90
90,6,15,90
90,7,90,90
90,8,90,90
90,9,90,90
90,10,90,90
90,11,90,90
90,12,90,45
90,13,45,45
90,14,15,60
90,15,15,90
90,16,15,90
90,17,45,90
90,18,45,90
90,19,45,90
90,20,15,60
90,21,30,45
90,22,30,45
90,23,45,45
91,0,90,60
91,1,90,60
91,2,45,60
91,3,90,90
91,4,90,90
91,5,90,90
91,6,90,90
91,7,90,90
91,8,90,60
91,9,90,90
91,10,90,90
91,11,90,90
91,12,90,30
91,13,45,45
91,14,30,60
91,15,30,90
91,16,45,90
91,17,45,90
91,18,45,90
91,19,45,90
91,20,45,60
91,21,30,45
91,22,30,45
91,23,30,45
92,0,90,45
92,1,90,60
92,2,45,60
92,3,90,90
92,4,90,90
92,5,90,90
92,6,90,90
92,7,90,90
92,8,90,60
92,9,90,60
92,10,90,90
92,11,90,90
92,12,90,45
92,13,45,45
92,14,30,60
92,15,30,90
92,16,45,90
92,17,45,90
92,18,45,90
92,19,45,90
92,20,45,60
92,21,30,30
92,22,30,45
92,23,30,45
93,0,90,45
93,1,90,60
93,2,45,60
93,3,45,90
93,4,45,90
93,5,15,90
93,6,45,90
93,7,90,60
93,8,90,60
93,9,45,90
93,10,90,90
93,11,90,90
93,12,90,45
93,13,45,45
93,14,30,60
93,15,45,90
93,16,45,90
93,17,45,90
93,18,45,90
93,19,45,90
93,20,45,60
93,21,45,45
93,22,45,45
93,23,30,45
94,0,45,45
94,1,90,60
94,2,45,60
94,3,45,90
94,4,45,90
94,5,15,90
94,6,45,90
94,7,90,60
94,8,90,60
94,9,45,60
94,10,90,60
94,11,90,90
94,12,90,15
94,13,45,45
94,14,45,60
94,15,45,90
94,16,45,90
94,17,45,90
94,18,45,90
94,19,45,90
94,20,45,60
94,21,45,45
94,22,45,45
94,23,45,45
95,0,90,45
95,1,90,60
95,2,45,60
95,3,45,90
95,4,45,90
95,5,45,90
95,6,45,90
95,7,90,60
95,8,90,60
95,9,45,60
95,10,90,60
95,11,90,60
95,12,90,15
95,13,45,45
95,14,45,60
95,15,45,90
95,16,45,90
95,17,45,90
95,18,45,90
95,19,45,15
95,20,45,60
95,21,45,15
95,22,45,45
95,23,45,45
96,0,90,45
96,1,90,60
96,2,90,60
96,3,45,90
96,4,45,90
96,5,90,90
96,6,90,90
96,7,90,60
96,8,90,60
96,9,90,60
96,10,90,60
96,11,90,60
96,12,90,15
96,13,45,45
96,14,45,60
96,15,45,90
96,16,45,90
96,17,45,90
96,18,45,90
96,19,45,15
96,20,45,60
96,21,45,30
96,22,45,45
96,23,15,45
97,0,90,45
97,1,90,60
97,2,90,60
97,3,90,90
97,4,45,90
97,5,90,90
97,6,90,90
97,7,90,60
97,8,90,60
97,9,90,60
97,10,90,60
97,11,90,90
97,12,90,15
97,13,45,45
97,14,45,60
97,15,45,90
97,16,45,90
97,17,45,90
97,18,45,15
97,19,45,15
97,20,45,45
97,21,30,30
97,22,45,30
97,23,45,45
98,0,90,60
98,1,90,60
98,2,90,60
98,3,90,90
98,4,90,90
98,5,90,90
98,6,90,90
98,7,90,60
98,8,90,60
98,9,90,60
98,10,90,60
98,11,90,90
98,12,90,15
98,13,45,45
98,14,45,60
98,15,45,90
98,16,45,15
98,17,45,90
98,18,45,15
98,19,45,15
98,20,45,45
98,21,30,30
98,22,45,30
98,23,15,45
99,0,90,60
99,1,90,60
99,2,90,60
99,3,90,90
99,4,90,90
99,5,90,90
99,6,90,90
99,7,90,90
99,8,90,60
99,9,90,60
99,10,90,60
99,11,90,90
99,12,90,15
99,13,45,45
99,14,45,60
99,15,45,90
99,16,45,90
99,17,45,90
99,18,45,15
99,19,45,30
99,20,45,45
99,21,30,30
99,22,45,30
99,23,15,45
100,0,90,45
100,1,90,60
100,2,90,90
100,3,90,90
100,4,90,90
100,5,90,90
100,6,90,90
100,7,90,90
100,8,90,60
100,9,90,60
100,10,90,60
100,11,90,90
100,12,90,15
100,13,45,45
100,14,45,60
100,15,45,90
100,16,45,90
100,17,45,90
100,18,45,15
100,19,45,30
100,20,30,45
100,21,30,30
100,22,45,30
100,23,30,30
101,0,90,45
101,1,90,60
101,2,90,90
101,3,90,90
101,4,90,90
101,5,90,90
101,6,90,90
101,7,90,90
101,8,90,60
101,9,45,60
101,10,45,60
101,11,90,90
101,12,90,15
101,13,45,45
101,14,45,60
101,15,45,90
101,16,45,90
101,17,45,90
101,18,45,15
101,19,45,30
101,20,45,45
101,21,45,30
101,22,45,30
101,23,45,30
102,0,90,60
102,1,90,60
102,2,60,90
102,3,90,90
102,4,60,90
102,5,90,90
102,6,45,90
102,7,90,90
102,8,90,60
102,9,45,90
102,10,45,60
102,11,90,90
102,12,90,15
102,13,45,45
102,14,45,60
102,15,45,90
102,16,45,15
102,17,45,90
102,18,45,15
102,19,30,15
102,20,15,45
102,21,30,30
102,22,45,30
102,23,45,15
103,0,90,90
103,1,90,90
103,2,60,90
103,3,90,90
103,4,90,90
103,5,90,90
103,6,60,90
103,7,90,90
103,8,90,60
103,9,45,90
103,10,45,60
103,11,90,90
103,12,90,15
103,13,45,45
103,14,45,90
103,15,45,90
103,16,45,90
103,17,45,90
103,18,45,15
103,19,30,15
103,20,15,45
103,21,45,30
103,22,45,30
103,23,30,30
104,0,90,90
104,1,90,90
104,2,60,90
104,3,90,90
104,4,90,90
104,5,90,90
104,6,60,90
104,7,90,90
104,8,90,90
104,9,90,90
104,10,45,90
104,11,90,90
104,12,90,30
104,13,30,45
104,14,45,90
104,15,45,90
104,16,45,90
104,17,45,90
104,18,45,15
104,19,30,15
104,20,30,45
104,21,30,30
104,22,45,30
104,23,30,15
105,0,90,90
105,1,90,90
105,2,60,90
105,3,90,90
105,4,60,90
105,5,90,90
105,6,60,90
105,7,90,90
105,8,90,90
105,9,90,90
105,10,45,90
105,11,90,90
105,12,15,15
105,13,30,45
105,14,30,90
105,15,30,90
105,16,45,90
105,17,60,90
105,18,30,15
105,19,30,15
105,20,30,45
105,21,30,30
105,22,30,30
105,23,30,15
106,0,90,90
106,1,90,90
106,2,60,90
106,3,90,90
106,4,90,90
106,5,60,90
106,6,60,90
106,7,90,90
106,8,90,90
106,9,90,90
106,10,60,90
106,11,90,90
106,12,90,15
106,13,30,45
106,14,30,90
106,15,30,15
106,16,60,15
106,17,60,15
106,18,30,15
106,19,30,15
106,20,15,15
106,21,15,15
106,22,15,15
106,23,30,15
107,0,90,90
107,1,60,90
107,2,60,90
107,3,60,90
107,4,90,90
107,5,60,90
107,6,90,90
107,7,90,90
107,8,90,90
107,9,90,90
107,10,90,90
107,11,90,90
107,12,90,15
107,13,30,30
107,14,30,90
107,15,30,15
107,16,60,15
107,17,60,15
107,18,30,15
107,19,30,15
107,20,15,15
107,21,15,15
107,22,15,15
107,23,30,15
108,0,60,15
108,1,60,90
108,2,60,90
108,3,60,90
108,4,60,90
108,5,60,90
108,6,90,90
108,7,90,90
108,8,90,90
108,9,60,90
108,10,90,90
108,11,90,90
108,12,90,15
108,13,15,30
108,14,30,90
108,15,30,15
108,16,60,15
108,17,60,90
108,18,30,15
108,19,15,15
108,20,15,15
108,21,30,15
108,22,30,15
108,23,30,15
109,0,30,15
109,1,60,90
109,2,60,90
109,3,60,90
109,4,60,90
109,5,60,90
109,6,90,90
109,7,90,90
109,8,90,90
109,9,60,90
109,10,90,90
109,11,90,90
109,12,90,15
109,13,15,30
109,14,30,90
109,15,60,90
109,16,60,30
109,17,60,90
109,18,30,15
109,19,30,15
109,20,15,15
109,21,30,15
109,22,30,15
109,23,30,15
110,0,60,15
110,1,60,90
110,2,60,90
110,3,60,90
110,4,60,90
110,5,60,90
110,6,90,90
110,7,90,90
110,8,90,90
110,9,60,90
110,10,90,90
110,11,90,90
110,12,90,15
110,13,30,30
110,14,30,90
110,15,60,15
110,16,60,15
110,17,60,90
110,18,30,15
110,19,15,15
110,20,15,15
110,21,15,15
110,22,30,15
110,23,15,15
111,0,60,15
111,1,60,90
111,2,60,90
111,3,60,90
111,4,90,90
111,5,60,90
111,6,90,90
111,7,90,90
111,8,90,90
111,9,60,90
111,10,90,90
111,11,90,90
111,12,45,15
111,13,30,30
111,14,30,90
111,15,60,15
111,16,60,15
111,17,60,90
111,18,30,15
111,19,15,15
111,20,15,15
111,21,15,15
111,22,30,15
111,23,30,15
112,0,60,15
112,1,60,90
112,2,60,90
112,3,90,90
112,4,90,90
112,5,90,90
112,6,90,90
112,7,90,90
112,8,90,90
112,9,60,90
112,10,90,90
112,11,90,90
112,12,45,15
112,13,30,30
112,14,30,90
112,15,30,15
112,16,60,15
112,17,60,15
112,18,30,15
112,19,15,15
112,20,15,15
112,21,15,15
112,22,15,15
112,23,15,15
113,0,30,15
113,1,60,90
113,2,60,90
113,3,90,90
113,4,90,90
113,5,90,90
113,6,90,90
113,7,90,90
113,8,90,90
113,9,90,90
113,10,90,90
113,11,30,90
113,12,30,15
113,13,30,30
113,14,30,90
113,15,30,15
113,16,60,15
113,17,60,15
113,18,30,15
113,19,15,15
113,20,15,15
113,21,15,15
113,22,15,15
113,23,30,15
114,0,30,15
114,1,60,90
114,2,30,90
114,3,90,90
114,4,90,90
114,5,90,90
114,6,90,90
114,7,90,90
114,8,90,90
114,9,90,90
114,10,90,90
114,11,30,90
114,12,30,15
114,13,30,30
114,14,30,90
114,15,30,15
114,16,60,15
114,17,60,30
114,18,30,15
114,19,15,15
114,20,15,15
114,21,15,15
114,22,15,15
114,23,15,15
115,0,30,15
115,1,60,90
115,2,30,90
115,3,90,90
115,4,90,90
115,5,90,90
115,6,90,90
115,7,90,90
115,8,90,90
115,9,90,90
115,10,90,90
115,11,30,90
115,12,30,15
115,13,30,30
115,14,30,90
115,15,30,15
115,16,60,15
115,17,60,30
115,18,30,15
115,19,15,15
115,20,15,15
115,21,15,15
115,22,15,15
115,23,15,15
116,0,60,15
116,1,60,90
116,2,60,90
116,3,90,90
116,4,90,90
116,5,90,90
116,6,90,90
116,7,90,90
116,8,90,90
116,9,60,90
116,10,90,90
116,11,30,15
116,12,30,15
116,13,30,30
116,14,30,90
116,15,30,15
116,16,60,15
116,17,60,30
116,18,30,30
116,19,15,15
116,20,15,15
116,21,15,15
116,22,15,15
116,23,15,15
117,0,60,15
117,1,60,90
117,2,60,90
117,3,90,90
117,4,90,90
117,5,90,90
117,6,90,90
117,7,90,90
117,8,90,90
117,9,60,90
117,10,60,90
117,11,30,90
117,12,30,15
117,13,30,30
117,14,30,90
117,15,30,15
117,16,60,15
117,17,60,30
117,18,30,30
117,19,15,15
117,20,15,15
117,21,15,15
117,22,15,15
117,23,15,15
118,0,15,15
118,1,60,90
118,2,60,90
118,3,90,90
118,4,90,90
118,5,90,90
118,6,90,90
118,7,90,90
118,8,15,90
118,9,60,90
118,10,60,90
118,11,15,90
118,12,15,15
118,13,15,15
118,14,15,90
118,15,15,15
118,16,60,15
118,17,60,30
118,18,15,30
118,19,15,15
118,20,15,15
118,21,15,15
118,22,15,15
118,23,15,15
119,0,15,15
119,1,60,90
119,2,60,90
119,3,90,90
119,4,90,90
119,5,90,90
119,6,90,90
119,7,90,90
119,8,15,90
119,9,15,90
119,10,60,90
119,11,15,90
119,12,15,15
119,13,15,15
119,14,15,15
119,15,15,15
119,16,60,15
119,17,60,30
119,18,15,30
119,19,15,15
119,20,15,15
119,21,15,15
119,22,15,15
119,23,15,15
120,0,15,90
120,1,60,90
120,2,60,90
120,3,15,90
120,4,90,90
120,5,90,90
120,6,90,90
120,7,90,90
120,8,15,90
120,9,15,90
120,10,15,90
120,11,15,15
120,12,15,15
120,13,15,15
120,14,15,15
120,15,15,15
120,16,60,15
120,17,15,15
120,18,15,15
120,19,15,15
120,20,15,15
120,21,15,15
120,22,15,15
120,23,15,15
121,0,15,90
121,1,60,90
121,2,15,90
121,3,15,90
121,4,90,90
121,5,90,90
121,6,90,90
121,7,90,90
121,8,15,90
121,9,15,90
121,10,15,90
121,11,15,15
121,12,15,15
121,13,15,15
121,14,15,15
121,15,15,15
121,16,60,15
121,17,15,15
121,18,15,30
121,19,15,15
121,20,15,15
121,21,15,15
121,22,15,15
121,23,15,15
122,0,15,15
122,1,15,90
122,2,15,90
122,3,15,90
122,4,15,90
122,5,90,90
122,6,90,90
122,7,90,90
122,8,15,90
122,9,15,90
122,10,15,90
122,11,15,15
122,12,15,15
122,13,15,15
122,14,15,15
122,15,15,15
122,16,15,15
122,17,15,15
122,18,15,30
122,19,15,15
122,20,15,15
122,21,15,15
122,22,15,15
122,23,15,15
123,0,15,15
123,1,15,90
123,2,15,90
123,3,15,90
123,4,15,90
123,5,90,90
123,6,90,90
123,7,90,90
123,8,15,15
123,9,15,90
123,10,15,90
123,11,15,15
123,12,15,15
123,13,15,15
123,14,15,15
123,15,15,15
123,16,15,15
123,17,15,15
123,18,15,30
123,19,15,15
123,20,15,15
123,21,15,15
123,22,15,15
123,23,15,15
124,0,15,15
124,1,15,90
124,2,15,90
124,3,15,90
124,4,15,90
124,5,90,90
124,6,90,90
124,7,90,15
124,8,15,15
124,9,15,15
124,10,15,90
124,11,15,15
124,12,15,15
124,13,15,15
124,14,15,15
124,15,15,15
124,16,15,15
124,17,15,15
124,18,15,30
124,19,15,15
124,20,15,15
124,21,15,15
124,22,15,15
124,23,15,15
125,0,15,15
125,1,15,90
125,2,15,90
125,3,15,90
125,4,15,90
125,5,90,90
125,6,90,90
125,7,90,15
125,8,15,15
125,9,15,90
125,10,15,90
125,11,15,15
125,12,15,15
125,13,15,15
125,14,15,15
125,15,15,15
125,16,15,15
125,17,15,15
125,18,15,30
125,19,15,15
125,20,15,15
125,21,15,15
125,22,15,15
125,23,15,15
126,0,15,15
126,1,15,15
126,2,15,90
126,3,15,90
126,4,15,90
126,5,90,90
126,6,90,90
126,7,90,15
126,8,15,90
126,9,15,90
126,10,15,90
126,11,15,15
126,12,15,15
126,13,15,15
126,14,15,15
126,15,15,15
126,16,15,15
126,17,15,15
126,18,15,30
126,19,15,15
126,20,15,15
126,21,15,15
126,22,15,15
126,23,15,15
127,0,15,90
127,1,15,90
127,2,15,90
127,3,15,90
127,4,15,90
127,5,90,90
127,6,90,90
127,7,90,15
127,8,15,15
127,9,15,90
127,10,15,90
127,11,15,15
127,12,15,15
127,13,15,15
127,14,15,15
127,15,15,15
127,16,15,15
127,17,15,15
127,18,15,30
127,19,15,15
127,20,15,15
127,21,15,15
127,22,15,15
127,23,15,15
128,0,15,90
128,1,15,90
128,2,15,90
128,3,15,90
128,4,15,90
128,5,90,90
128,6,90,90
128,7,90,15
128,8,15,90
128,9,15,90
128,10,15,90
128,11,15,15
128,12,15,15
128,13,15,15
128,14,15,15
128,15,15,15
128,16,15,15
128,17,15,15
128,18,15,15
128,19,15,15
128,20,15,15
128,21,15,15
128,22,15,15
128,23,15,15
129,0,15,90
129,1,15,90
129,2,15,90
129,3,15,90
129,4,15,90
129,5,90,90
129,6,90,90
129,7,15,15
129,8,15,90
129,9,15,90
129,10,15,90
129,11,15,15
129,12,15,15
129,13,15,15
129,14,15,90
129,15,15,15
129,16,15,15
129,17,15,15
129,18,15,15
129,19,15,15
129,20,15,15
129,21,15,15
129,22,15,15
129,23,15,15
130,0,15,90
130,1,15,90
130,2,15,90
130,3,15,90
130,4,15,90
130,5,90,90
130,6,90,90
130,7,15,15
130,8,15,90
130,9,15,90
130,10,15,90
130,11,15,15
130,12,15,15
130,13,15,15
130,14,15,15
130,15,15,15
130,16,15,15
130,17,15,15
130,18,15,15
130,19,15,15
130,20,15,15
130,21,15,15
130,22,15,15
130,23,15,15
131,0,15,90
131,1,15,90
131,2,15,90
131,3,15,90
131,4,15,90
131,5,90,15
131,6,90,90
131,7,15,15
131,8,15,15
131,9,15,90
131,10,15,90
131,11,15,15
131,12,15,15
131,13,15,15
131,14,15,15
131,15,15,15
131,16,15,15
131,17,15,15
131,18,15,15
131,19,15,15
131,20,15,15
131,21,15,15
131,22,15,15
131,23,15,90
132,0,15,90
132,1,15,90
132,2,15,15
132,3,15,90
132,4,15,90
132,5,90,15
132,6,90,15
132,7,15,15
132,8,15,15
132,9,15,90
132,10,15,90
132,11,15,15
132,12,15,15
132,13,15,15
132,14,15,15
132,15,15,15
132,16,15,15
132,17,15,15
132,18,15,15
132,19,15,15
132,20,15,15
132,21,15,15
132,22,15,15
132,23,15,90
133,0,15,90
133,1,15,90
133,2,15,15
133,3,15,90
133,4,15,90
133,5,90,15
133,6,90,15
133,7,15,15
133,8,15,15
133,9,15,90
133,10,15,90
133,11,15,15
133,12,15,15
133,13,30,15
133,14,15,15
133,15,15,15
133,16,15,15
133,17,15,15
133,18,15,15
133,19,15,15
133,20,15,15
133,21,15,15
133,22,30,15
133,23,15,90
134,0,15,90
134,1,15,90
134,2,15,15
134,3,15,90
134,4,15,90
134,5,15,15
134,6,90,90
134,7,15,15
134,8,15,15
134,9,15,90
134,10,15,90
134,11,15,15
134,12,15,15
134,13,30,15
134,14,15,15
134,15,15,15
134,16,15,15
134,17,15,15
134,18,15,15
134,19,15,15
134,20,15,15
134,21,15,15
134,22,30,15
134,23,15,90
135,0,15,90
135,1,15,90
135,2,15,15
135,3,15,90
135,4,15,15
135,5,15,15
135,6,30,90
135,7,30,15
135,8,15,15
135,9,15,15
135,10,15,15
135,11,15,15
135,12,15,15
135,13,30,15
135,14,15,15
135,15,15,15
135,16,90,15
135,17,15,15
135,18,15,15
135,19,15,15
135,20,15,15
135,21,15,15
135,22,15,15
135,23,15,90
136,0,15,90
136,1,15,90
136,2,15,15
136,3,15,90
136,4,15,15
136,5,15,15
136,6,30,90
136,7,30,15
136,8,30,15
136,9,15,15
136,10,15,15
136,11,15,15
136,12,15,15
136,13,15,15
136,14,15,15
136,15,30,15
136,16,90,15
136,17,15,15
136,18,15,15
136,19,15,15
136,20,15,15
136,21,15,15
136,22,15,15
136,23,15,90
137,0,15,90
137,1,15,90
137,2,15,15
137,3,15,90
137,4,15,90
137,5,15,90
137,6,30,90
137,7,30,15
137,8,30,15
137,9,30,15
137,10,15,15
137,11,15,15
137,12,15,15
137,13,15,15
137,14,30,90
137,15,30,15
137,16,90,15
137,17,30,15
137,18,15,15
137,19,15,15
137,20,15,15
137,21,15,15
137,22,15,15
137,23,30,90
138,0,15,90
138,1,15,90
138,2,15,15
138,3,15,90
138,4,15,90
138,5,15,90
138,6,30,90
138,7,30,15
138,8,15,15
138,9,15,15
138,10,15,15
138,11,15,15
138,12,15,15
138,13,15,15
138,14,30,90
138,15,30,30
138,16,90,30
138,17,15,15
138,18,15,15
138,19,15,15
138,20,15,15
138,21,15,15
138,22,15,15
138,23,15,90
139,0,15,90
139,1,15,90
139,2,15,15
139,3,15,90
139,4,15,90
139,5,15,30
139,6,30,90
139,7,30,15
139,8,30,15
139,9,15,15
139,10,15,15
139,11,15,15
139,12,15,15
139,13,15,15
139,14,30,90
139,15,30,30
139,16,90,90
139,17,15,15
139,18,15,15
139,19,30,15
139,20,15,15
139,21,15,15
139,22,30,15
139,23,30,90
140,0,15,90
140,1,15,90
140,2,15,15
140,3,15,15
140,4,15,15
140,5,15,15
140,6,30,90
140,7,30,15
140,8,30,15
140,9,30,60
140,10,15,15
140,11,15,15
140,12,15,15
140,13,15,15
140,14,30,90
140,15,30,30
140,16,90,90
140,17,15,15
140,18,15,15
140,19,30,15
140,20,30,15
140,21,15,15
140,22,15,15
140,23,15,90
141,0,15,90
141,1,15,15
141,2,15,15
141,3,15,15
141,4,15,15
141,5,15,15
141,6,15,15
141,7,15,15
141,8,15,15
141,9,15,60
141,10,15,60
141,11,15,15
141,12,15,15
141,13,15,15
141,14,30,90
141,15,30,30
141,16,90,90
141,17,30,15
141,18,30,15
141,19,30,90
141,20,15,15
141,21,15,15
141,22,15,15
141,23,15,90
142,0,15,90
142,1,15,15
142,2,15,15
142,3,15,15
142,4,15,15
142,5,15,15
142,6,15,15
142,7,15,15
142,8,15,15
142,9,15,15
142,10,15,15
142,11,15,15
142,12,15,15
142,13,15,15
142,14,15,90
142,15,30,30
142,16,90,90
142,17,30,90
142,18,15,15
142,19,30,90
142,20,15,15
142,21,15,15
142,22,15,15
142,23,15,90
143,0,15,90
143,1,15,15
143,2,15,15
143,3,15,15
143,4,15,15
143,5,15,15
143,6,15,15
143,7,15,15
143,8,15,15
143,9,15,15
143,10,15,30
143,11,15,15
143,12,15,15
143,13,15,15
143,14,15,90
143,15,30,30
143,16,30,90
143,17,15,90
143,18,15,15
143,19,30,90
143,20,15,15
143,21,15,15
143,22,15,15
143,23,15,90
144,0,15,90
144,1,15,15
144,2,15,15
144,3,15,15
144,4,15,15
144,5,15,15
144,6,15,15
144,7,15,15
144,8,15,15
144,9,15,15
144,10,15,30
144,11,15,15
144,12,15,15
144,13,15,15
144,14,15,90
144,15,30,30
144,16,30,90
144,17,15,90
144,18,15,90
144,19,15,90
144,20,15,15
144,21,15,15
144,22,15,15
144,23,15,90
145,0,15,90
145,1,15,15
145,2,15,15
145,3,15,15
145,4,15,15
145,5,15,15
145,6,15,15
145,7,15,15
145,8,15,15
145,9,15,15
145,10,15,30
145,11,15,15
145,12,15,15
145,13,15,15
145,14,15,15
145,15,15,30
145,16,15,30
145,17,15,30
145,18,15,15
145,19,30,30
145,20,15,15
145,21,15,15
145,22,15,15
145,23,15,90
146,0,15,90
146,1,15,15
146,2,15,15
146,3,15,15
146,4,15,15
146,5,15,15
146,6,15,30
146,7,15,30
146,8,15,15
146,9,15,15
146,10,15,30
146,11,15,15
146,12,15,15
146,13,15,15
146,14,15,15
146,15,15,30
146,16,15,30
146,17,15,30
146,18,15,15
146,19,15,30
146,20,15,15
146,21,15,15
146,22,15,15
146,23,15,90
147,0,15,90
147,1,15,15
147,2,15,15
147,3,15,15
147,4,15,15
147,5,15,15
147,6,15,30
147,7,15,30
147,8,15,15
147,9,15,30
147,10,15,30
147,11,15,15
147,12,15,15
147,13,15,15
147,14,15,15
147,15,15,30
147,16,15,30
147,17,15,30
147,18,15,15
147,19,15,90
147,20,15,15
147,21,15,90
147,22,15,15
147,23,15,90
148,0,15,90
148,1,15,15
148,2,15,15
148,3,15,15
148,4,15,15
148,5,15,15
148,6,15,30
148,7,15,15
148,8,15,15
148,9,15,30
148,10,15,30
148,11,15,30
148,12,15,15
148,13,15,15
148,14,15,15
148,15,15,30
148,16,15,30
148,17,15,30
148,18,15,15
148,19,15,90
148,20,15,15
148,21,15,15
148,22,15,15
148,23,15,15
149,0,15,15
149,1,15,15
149,2,15,15
149,3,15,15
149,4,15,15
149,5,15,15
149,6,15,30
149,7,15,15
149,8,15,30
149,9,15,30
149,10,15,30
149,11,15,30
149,12,15,30
149,13,15,15
149,14,15,30
149,15,15,30
149,16,15,30
149,17,15,30
149,18,15,15
149,19,15,90
149,20,15,15
149,21,15,90
149,22,15,15
149,23,15,90
150,0,15,15
150,1,15,15
150,2,15,15
150,3,15,15
150,4,15,15
150,5,15,15
150,6,15,15
150,7,15,15
150,8,15,15
150,9,15,30
150,10,15,30
150,11,15,30
150,12,15,30
150,13,15,15
150,14,15,15
150,15,15,30
150,16,15,30
150,17,15,30
150,18,15,15
150,19,15,90
150,20,15,15
150,21,15,90
150,22,15,15
150,23,15,15
151,0,15,15
151,1,15,15
151,2,15,15
151,3,15,15
151,4,15,15
151,5,15,15
151,6,15,15
151,7,15,15
151,8,15,15
151,9,15,30
151,10,15,30
151,11,15,30
151,12,15,30
151,13,15,15
151,14,15,30
151,15,15,30
151,16,15,30
151,17,15,30
151,18,15,15
151,19,15,90
151,20,15,15
151,21,15,90
151,22,15,15
151,23,15,15
152,0,15,15
152,1,15,15
152,2,15,15
152,3,15,15
152,4,15,15
152,5,15,15
152,6,15,15
152,7,15,15
152,8,15,15
152,9,15,30
152,10,15,30
152,11,15,15
152,12,15,30
152,13,15,15
152,14,15,30
152,15,15,30
152,16,15,30
152,17,15,30
152,18,15,15
152,19,15,15
152,20,15,15
152,21,15,90
152,22,15,15
152,23,15,15
153,0,15,15
153,1,15,15
153,2,15,15
153,3,15,15
153,4,15,15
153,5,15,15
153,6,15,15
153,7,15,15
153,8,15,15
153,9,15,30
153,10,15,30
153,11,15,30
153,12,15,30
153,13,15,30
153,14,15,30
153,15,15,30
153,16,15,30
153,17,15,15
153,18,15,15
153,19,15,15
153,20,15,15
153,21,15,15
153,22,15,15
153,23,15,15
154,0,15,15
154,1,15,15
154,2,15,15
154,3,15,15
154,4,15,15
154,5,15,15
154,6,15,15
154,7,15,15
154,8,15,30
154,9,15,30
154,10,15,30
154,11,15,30
154,12,15,30
154,13,15,30
154,14,15,15
154,15,15,30
154,16,15,30
154,17,15,15
154,18,15,15
154,19,15,15
154,20,15,15
154,21,15,15
154,22,15,15
154,23,15,15
155,0,15,15
155,1,15,15
155,2,15,15
155,3,15,15
155,4,15,15
155,5,15,15
155,6,15,15
155,7,15,15
155,8,15,30
155,9,15,30
155,10,15,30
155,11,15,30
155,12,15,30
155,13,15,15
155,14,15,15
155,15,15,15
155,16,15,90
155,17,15,15
155,18,15,15
155,19,15,15
155,20,15,15
155,21,15,15
155,22,15,15
155,23,15,15
156,0,15,15
156,1,15,15
156,2,15,15
156,3,15,15
156,4,15,15
156,5,15,15
156,6,15,15
156,7,15,15
156,8,15,15
156,9,15,30
156,10,15,30
156,11,15,30
156,12,15,30
156,13,15,30
156,14,15,15
156,15,15,15
156,16,15,90
156,17,15,15
156,18,15,15
156,19,15,90
156,20,15,15
156,21,15,15
156,22,15,15
156,23,15,15
157,0,15,15
157,1,15,15
157,2,15,15
157,3,15,15
157,4,15,15
157,5,15,15
157,6,15,15
157,7,15,15
157,8,15,15
157,9,15,30
157,10,15,30
157,11,15,30
157,12,15,30
157,13,15,30
157,14,15,15
157,15,15,15
157,16,15,15
157,17,15,15
157,18,15,15
157,19,15,90
157,20,15,15
157,21,15,15
157,22,15,15
157,23,15,15
158,0,15,15
158,1,15,15
158,2,15,15
158,3,15,15
158,4,15,15
158,5,15,15
158,6,15,15
158,7,15,15
158,8,15,15
158,9,15,30
158,10,15,30
158,11,15,30
158,12,15,45
158,13,15,30
158,14,15,15
158,15,15,15
158,16,15,90
158,17,15,15
158,18,15,15
158,19,15,90
158,20,15,15
158,21,15,15
158,22,15,15
158,23,15,15
159,0,15,15
159,1,15,15
159,2,15,15
159,3,15,15
159,4,15,15
159,5,15,15
159,6,15,15
159,7,15,15
159,8,15,15
159,9,15,15
159,10,15,15
159,11,15,15
159,12,15,45
159,13,15,45
159,14,15,15
159,15,15,15
159,16,15,90
159,17,15,15
159,18,15,15
159,19,15,90
159,20,15,90
159,21,15,15
159,22,15,15
159,23,15,15
160,0,15,15
160,1,15,15
160,2,15,15
160,3,15,15
160,4,15,15
160,5,15,15
160,6,15,15
160,7,15,15
160,8,15,15
160,9,15,15
160,10,15,15
160,11,15,15
160,12,15,45
160,13,15,30
160,14,15,15
160,15,15,15
160,16,15,15
160,17,15,15
160,18,15,15
160,19,15,15
160,20,15,90
160,21,15,15
160,22,15,15
160,23,15,15
161,0,15,15
161,1,15,15
161,2,15,15
161,3,15,15
161,4,15,15
161,5,15,15
161,6,15,15
161,7,15,15
161,8,15,15
161,9,15,15
161,10,15,15
161,11,15,15
161,12,15,45
161,13,15,45
161,14,15,15
161,15,15,15
161,16,15,15
161,17,15,15
161,18,15,15
161,19,15,15
161,20,15,15
161,21,15,15
161,22,15,15
161,23,15,15
162,0,15,15
162,1,15,15
162,2,15,15
162,3,15,15
162,4,15,15
162,5,15,15
162,6,15,15
162,7,15,15
162,8,15,15
162,9,15,15
162,10,15,15
162,11,15,15
162,12,15,90
162,13,15,45
162,14,15,15
162,15,15,15
162,16,15,15
162,17,15,15
162,18,15,15
162,19,15,15
162,20,15,15
162,21,15,15
162,22,15,15
162,23,15,15
163,0,15,15
163,1,15,15
163,2,15,15
163,3,15,15
163,4,15,15
163,5,15,15
163,6,15,15
163,7,15,15
163,8,15,15
163,9,15,15
163,10,15,15
163,11,15,15
163,12,15,90
163,13,15,45
163,14,15,15
163,15,15,15
163,16,15,15
163,17,15,15
163,18,15,15
163,19,15,90
163,20,15,90
163,21,15,15
163,22,15,15
163,23,15,15
164,0,15,15
164,1,15,15
164,2,15,15
164,3,15,15
164,4,15,15
164,5,15,15
164,6,15,15
164,7,15,15
164,8,15,15
164,9,15,15
164,10,15,15
164,11,15,15
164,12,15,90
164,13,15,45
164,14,15,15
164,15,15,15
164,16,15,15
164,17,15,15
164,18,15,15
164,19,15,15
164,20,15,90
164,21,15,15
164,22,15,15
164,23,15,15
165,0,15,15
165,1,15,15
165,2,15,15
165,3,15,15
165,4,15,15
165,5,15,15
165,6,15,15
165,7,15,15
165,8,15,15
165,9,15,15
165,10,15,15
165,11,15,15
165,12,15,45
165,13,15,45
165,14,15,15
165,15,15,15
165,16,15,15
165,17,15,15
165,18,15,15
165,19,15,15
165,20,15,15
165,21,15,15
165,22,15,15
165,23,15,15
166,0,15,15
166,1,15,15
166,2,15,15
166,3,15,15
166,4,15,15
166,5,15,15
166,6,15,15
166,7,15,15
166,8,15,15
166,9,15,15
166,10,15,15
166,11,15,15
166,12,15,45
166,13,15,45
166,14,15,15
166,15,15,15
166,16,15,15
166,17,15,15
166,18,15,15
166,19,15,15
166,20,15,15
166,21,15,15
166,22,15,15
166,23,15,15
167,0,15,15
167,1,15,15
167,2,15,15
167,3,15,15
167,4,15,15
167,5,15,15
167,6,15,15
167,7,15,15
167,8,15,15
167,9,15,15
167,10,15,15
167,11,15,15
167,12,15,60
167,13,15,45
167,14,15,15
167,15,15,15
167,16,15,15
167,17,15,15
167,18,15,15
167,19,15,15
167,20,15,15
167,21,15,15
167,22,15,15
167,23,15,15
168,0,15,15
168,1,15,15
168,2,15,15
168,3,15,15
168,4,15,15
168,5,15,15
168,6,15,15
168,7,15,15
168,8,15,15
168,9,15,15
168,10,30,15
168,11,15,15
168,12,15,45
168,13,15,45
168,14,15,15
168,15,15,15
168,16,15,15
168,17,15,15
168,18,15,15
168,19,15,15
168,20,15,15
168,21,15,15
168,22,15,15
168,23,15,15
169,0,15,15
169,1,15,15
169,2,15,15
169,3,15,15
169,4,15,15
169,5,15,15
169,6,15,15
169,7,15,15
169,8,15,15
169,9,15,15
169,10,30,15
169,11,15,15
169,12,15,60
169,13,15,45
169,14,15,15
169,15,15,15
169,16,15,15
169,17,15,15
169,18,15,15
169,19,15,15
169,20,15,15
169,21,15,15
169,22,15,15
169,23,15,15
170,0,15,15
170,1,15,15
170,2,15,30
170,3,15,15
170,4,15,15
170,5,30,15
170,6,15,15
170,7,15,15
170,8,15,15
170,9,15,15
170,10,30,15
170,11,15,15
170,12,15,60
170,13,15,45
170,14,15,15
170,15,15,15
170,16,15,15
170,17,15,15
170,18,15,15
170,19,15,90
170,20,15,90
170,21,15,15
170,22,15,15
170,23,15,15
171,0,15,15
171,1,15,15
171,2,15,30
171,3,15,15
171,4,15,15
171,5,30,15
171,6,15,15
171,7,15,15
171,8,30,15
171,9,15,15
171,10,15,15
171,11,15,15
171,12,15,90
171,13,15,60
171,14,15,15
171,15,15,15
171,16,15,15
171,17,15,15
171,18,15,15
171,19,15,90
171,20,15,90
171,21,15,15
171,22,15,15
171,23,15,15
172,0,15,15
172,1,15,15
172,2,30,30
172,3,15,15
172,4,30,15
172,5,30,15
172,6,30,15
172,7,15,15
172,8,30,15
172,9,30,15
172,10,30,15
172,11,15,15
172,12,15,60
172,13,15,60
172,14,15,15
172,15,15,15
172,16,15,15
172,17,15,30
172,18,15,15
172,19,15,90
172,20,15,90
172,21,15,15
172,22,15,15
172,23,15,15
173,0,15,15
173,1,15,15
173,2,30,30
173,3,15,30
173,4,30,15
173,5,30,15
173,6,30,15
173,7,15,15
173,8,30,15
173,9,30,15
173,10,30,15
173,11,15,15
173,12,15,60
173,13,15,60
173,14,15,15
173,15,15,15
173,16,15,60
173,17,15,30
173,18,15,15
173,19,15,90
173,20,15,90
173,21,15,15
173,22,15,15
173,23,15,15
174,0,15,15
174,1,15,30
174,2,30,30
174,3,15,30
174,4,30,30
174,5,30,15
174,6,15,15
174,7,15,15
174,8,30,15
174,9,30,15
174,10,30,15
174,11,30,15
174,12,30,60
174,13,15,60
174,14,15,15
174,15,15,15
174,16,15,15
174,17,30,15
174,18,15,15
174,19,30,90
174,20,30,90
174,21,30,15
174,22,15,15
174,23,15,15
175,0,15,15
175,1,30,15
175,2,30,30
175,3,30,30
175,4,30,30
175,5,30,15
175,6,30,15
175,7,30,15
175,8,30,15
175,9,30,15
175,10,30,15
175,11,30,15
175,12,30,60
175,13,15,60
175,14,15,15
175,15,15,15
175,16,15,15
175,17,30,15
175,18,15,15
175,19,30,15
175,20,15,15
175,21,30,15
175,22,15,15
175,23,15,15
176,0,15,15
176,1,30,15
176,2,30,30
176,3,15,30
176,4,30,30
176,5,30,15
176,6,30,15
176,7,30,15
176,8,30,15
176,9,30,30
176,10,30,30
176,11,15,15
176,12,30,60
176,13,15,60
176,14,15,30
176,15,15,15
176,16,15,15
176,17,15,15
176,18,15,15
176,19,30,15
176,20,15,15
176,21,30,15
176,22,15,15
176,23,15,15
177,0,15,15
177,1,15,15
177,2,30,30
177,3,15,15
177,4,30,30
177,5,30,15
177,6,30,15
177,7,15,15
177,8,30,30
177,9,30,30
177,10,30,30
177,11,30,15
177,12,15,60
177,13,15,60
177,14,15,60
177,15,15,15
177,16,15,15
177,17,15,15
177,18,15,15
177,19,30,15
177,20,15,15
177,21,30,15
177,22,30,15
177,23,15,15
178,0,15,15
178,1,15,15
178,2,30,30
178,3,15,30
178,4,30,30
178,5,30,15
178,6,30,15
178,7,15,15
178,8,30,30
178,9,30,30
178,10,30,30
178,11,30,15
178,12,30,60
178,13,15,60
178,14,15,60
178,15,15,15
178,16,15,15
178,17,15,15
178,18,15,15
178,19,15,15
178,20,15,15
178,21,30,15
178,22,15,15
178,23,15,15
179,0,15,15
179,1,15,15
179,2,30,15
179,3,15,15
179,4,30,15
179,5,30,15
179,6,30,15
179,7,30,15
179,8,30,15
179,9,30,15
179,10,30,15
179,11,30,15
179,12,15,60
179,13,15,60
179,14,15,15
179,15,15,15
179,16,15,15
179,17,30,15
179,18,15,15
179,19,15,15
179,20,15,15
179,21,30,15
179,22,15,15
179,23,15,15
180,0,15,15
180,1,15,15
180,2,30,15
180,3,15,15
180,4,30,15
180,5,30,15
180,6,45,15
180,7,30,15
180,8,15,15
180,9,30,15
180,10,30,30
180,11,30,15
180,12,15,60
180,13,15,60
180,14,15,15
180,15,15,15
180,16,30,15
180,17,30,15
180,18,15,15
180,19,15,15
180,20,15,15
180,21,30,15
180,22,15,15
180,23,15,15
181,0,15,15
181,1,15,15
181,2,30,15
181,3,15,15
181,4,30,15
181,5,45,15
181,6,45,15
181,7,30,15
181,8,30,15
181,9,30,15
181,10,30,15
181,11,15,15
181,12,15,60
181,13,15,60
181,14,15,30
181,15,15,15
181,16,30,15
181,17,30,15
181,18,15,15
181,19,15,15
181,20,15,15
181,21,30,15
181,22,15,15
181,23,15,15
182,0,15,15
182,1,15,15
182,2,30,15
182,3,15,15
182,4,30,15
182,5,45,15
182,6,45,15
182,7,30,15
182,8,30,15
182,9,30,15
182,10,30,15
182,11,30,15
182,12,30,60
182,13,30,60
182,14,15,30
182,15,15,15
182,16,30,15
182,17,30,15
182,18,15,15
182,19,15,15
182,20,15,15
182,21,30,15
182,22,15,15
182,23,15,15
183,0,15,15
183,1,15,15
183,2,30,15
183,3,30,15
183,4,30,15
183,5,45,15
183,6,45,15
183,7,30,15
183,8,30,15
183,9,30,15
183,10,30,15
183,11,30,15
183,12,15,60
183,13,30,60
183,14,15,30
183,15,15,15
183,16,30,15
183,17,30,15
183,18,15,45
183,19,15,90
183,20,15,60
183,21,30,15
183,22,15,15
183,23,15,15
184,0,15,15
184,1,30,15
184,2,30,15
184,3,30,15
184,4,45,15
184,5,45,15
184,6,45,15
184,7,30,30
184,8,15,15
184,9,30,15
184,10,15,15
184,11,30,15
184,12,15,60
184,13,15,60
184,14,15,30
184,15,15,15
184,16,30,15
184,17,30,15
184,18,15,45
184,19,30,90
184,20,15,60
184,21,30,45
184,22,30,15
184,23,30,15
185,0,15,15
185,1,30,15
185,2,30,15
185,3,15,15
185,4,45,15
185,5,45,15
185,6,45,15
185,7,30,15
185,8,30,15
185,9,30,15
185,10,45,15
185,11,30,15
185,12,30,60
185,13,30,60
185,14,15,45
185,15,15,45
185,16,30,45
185,17,30,45
185,18,15,45
185,19,30,90
185,20,15,45
185,21,30,45
185,22,30,15
185,23,30,15
186,0,30,15
186,1,30,15
186,2,30,15
186,3,15,15
186,4,30,15
186,5,45,15
186,6,45,15
186,7,30,15
186,8,30,15
186,9,30,15
186,10,30,15
186,11,30,15
186,12,15,60
186,13,15,60
186,14,15,45
186,15,15,45
186,16,30,45
186,17,30,45
186,18,15,45
186,19,30,45
186,20,15,45
186,21,30,45
186,22,30,15
186,23,15,15
187,0,15,15
187,1,30,15
187,2,30,15
187,3,30,15
187,4,45,15
187,5,45,15
187,6,45,15
187,7,30,15
187,8,30,15
187,9,30,15
187,10,45,15
187,11,30,15
187,12,15,60
187,13,30,60
187,14,15,45
187,15,15,45
187,16,30,45
187,17,30,45
187,18,30,45
187,19,30,45
187,20,15,45
187,21,30,45
187,22,30,15
187,23,15,15
188,0,15,15
188,1,45,15
188,2,45,15
188,3,30,15
188,4,45,15
188,5,45,15
188,6,30,15
188,7,30,15
188,8,30,15
188,9,30,15
188,10,45,15
188,11,45,15
188,12,15,60
188,13,30,60
188,14,15,45
188,15,15,45
188,16,30,45
188,17,45,45
188,18,30,45
188,19,30,45
188,20,15,45
188,21,30,45
188,22,30,15
188,23,45,15
189,0,15,15
189,1,30,15
189,2,45,15
189,3,30,15
189,4,45,15
189,5,45,15
189,6,30,15
189,7,30,15
189,8,30,15
189,9,45,15
189,10,45,15
189,11,45,15
189,12,15,60
189,13,30,60
189,14,15,15
189,15,15,15
189,16,15,45
189,17,45,15
189,18,30,45
189,19,30,45
189,20,15,45
189,21,30,45
189,22,30,45
189,23,45,15
190,0,15,15
190,1,30,15
190,2,45,15
190,3,30,15
190,4,30,15
190,5,45,15
190,6,30,15
190,7,30,15
190,8,30,15
190,9,30,15
190,10,45,15
190,11,45,15
190,12,15,15
190,13,30,15
190,14,15,15
190,15,15,45
190,16,30,45
190,17,45,15
190,18,30,45
190,19,15,45
190,20,15,45
190,21,15,45
190,22,30,30
190,23,45,15
191,0,30,15
191,1,30,15
191,2,45,15
191,3,30,15
191,4,30,15
191,5,45,15
191,6,30,15
191,7,30,15
191,8,30,15
191,9,30,15
191,10,45,15
191,11,30,15
191,12,15,15
191,13,30,15
191,14,15,15
191,15,15,30
191,16,30,45
191,17,30,30
191,18,30,45
191,19,30,45
191,20,30,45
191,21,30,45
191,22,30,30
191,23,45,15
192,0,30,15
192,1,30,15
192,2,30,15
192,3,30,15
192,4,30,15
192,5,45,15
192,6,30,15
192,7,30,15
192,8,30,15
192,9,30,15
192,10,30,15
192,11,30,15
192,12,30,15
192,13,30,15
192,14,15,15
192,15,15,30
192,16,30,45
192,17,45,30
192,18,30,45
192,19,15,45
192,20,30,45
192,21,15,45
192,22,30,30
192,23,15,15
193,0,15,15
193,1,30,15
193,2,30,15
193,3,30,15
193,4,30,15
193,5,45,15
193,6,30,15
193,7,30,15
193,8,30,15
193,9,30,15
193,10,30,15
193,11,30,15
193,12,30,15
193,13,30,15
193,14,15,15
193,15,15,30
193,16,30,30
193,17,30,30
193,18,30,30
193,19,15,45
193,20,30,45
193,21,15,30
193,22,30,30
193,23,30,30
194,0,15,15
194,1,30,15
194,2,30,15
194,3,30,15
194,4,30,15
194,5,45,15
194,6,30,30
194,7,30,15
194,8,30,15
194,9,30,15
194,10,30,15
194,11,45,15
194,12,30,15
194,13,30,15
194,14,15,30
194,15,15,30
194,16,30,30
194,17,45,30
194,18,30,30
194,19,15,45
194,20,30,45
194,21,15,30
194,22,30,30
194,23,15,30
195,0,15,15
195,1,30,15
195,2,30,15
195,3,30,15
195,4,30,15
195,5,45,15
195,6,30,30
195,7,30,15
195,8,30,15
195,9,30,15
195,10,15,15
195,11,45,15
195,12,30,15
195,13,30,15
195,14,15,15
195,15,15,30
195,16,30,30
195,17,45,30
195,18,30,30
195,19,15,45
195,20,30,30
195,21,15,30
195,22,30,30
195,23,30,30
196,0,30,15
196,1,30,15
196,2,30,15
196,3,30,15
196,4,30,15
196,5,45,15
196,6,30,30
196,7,30,30
196,8,15,15
196,9,30,15
196,10,30,15
196,11,30,15
196,12,30,15
196,13,30,15
196,14,15,15
196,15,15,30
196,16,30,30
196,17,45,30
196,18,30,30
196,19,15,30
196,20,30,30
196,21,15,30
196,22,30,30
196,23,15,30
197,0,15,15
197,1,30,15
197,2,30,15
197,3,30,30
197,4,30,30
197,5,45,30
197,6,30,30
197,7,30,30
197,8,15,15
197,9,30,15
197,10,30,15
197,11,30,15
197,12,30,15
197,13,30,15
197,14,15,30
197,15,15,30
197,16,15,30
197,17,30,30
197,18,30,30
197,19,15,30
197,20,30,30
197,21,15,30
197,22,30,30
197,23,30,30
198,0,30,15
198,1,30,15
198,2,30,15
198,3,30,45
198,4,30,30
198,5,45,30
198,6,30,30
198,7,30,30
198,8,15,30
198,9,30,15
198,10,30,15
198,11,30,15
198,12,30,15
198,13,30,15
198,14,15,30
198,15,15,30
198,16,15,30
198,17,30,30
198,18,30,30
198,19,15,60
198,20,30,30
198,21,15,30
198,22,30,30
198,23,30,30
199,0,15,15
199,1,30,15
199,2,30,15
199,3,30,45
199,4,30,15
199,5,30,15
199,6,30,30
199,7,30,45
199,8,15,45
199,9,30,45
199,10,30,15
199,11,30,15
199,12,30,15
199,13,30,15
199,14,15,15
199,15,15,30
199,16,15,30
199,17,30,30
199,18,30,30
199,19,15,60
199,20,30,60
199,21,15,30
199,22,30,30
199,23,45,30
200,0,15,30
200,1,15,15
200,2,30,15
200,3,30,45
200,4,30,30
200,5,30,30
200,6,30,30
200,7,15,30
200,8,15,30
200,9,30,30
200,10,30,30
200,11,45,15
200,12,30,15
200,13,15,15
200,14,15,30
200,15,15,30
200,16,15,30
200,17,30,30
200,18,30,60
200,19,15,60
200,20,15,60
200,21,15,30
200,22,30,30
200,23,15,30
201,0,15,30
201,1,15,15
201,2,15,15
201,3,30,45
201,4,15,15
201,5,30,15
201,6,30,30
201,7,15,30
201,8,15,30
201,9,15,30
201,10,30,30
201,11,30,15
201,12,30,15
201,13,15,15
201,14,15,30
201,15,15,30
201,16,15,30
201,17,15,30
201,18,30,60
201,19,15,60
201,20,15,60
201,21,15,30
201,22,30,30
201,23,45,30
202,0,30,30
202,1,30,15
202,2,15,15
202,3,15,30
202,4,15,15
202,5,15,30
202,6,15,30
202,7,15,45
202,8,15,45
202,9,15,45
202,10,15,30
202,11,30,15
202,12,30,15
202,13,15,15
202,14,15,30
202,15,15,30
202,16,15,30
202,17,15,30
202,18,30,30
202,19,15,30
202,20,15,30
202,21,15,30
202,22,30,30
202,23,45,30
203,0,30,30
203,1,30,30
203,2,15,30
203,3,15,30
203,4,15,15
203,5,15,30
203,6,15,30
203,7,15,45
203,8,15,45
203,9,15,30
203,10,15,30
203,11,30,15
203,12,30,30
203,13,15,90
203,14,15,30
203,15,15,30
203,16,15,30
203,17,15,30
203,18,30,30
203,19,15,30
203,20,15,30
203,21,15,30
203,22,30,30
203,23,45,30
204,0,30,30
204,1,30,30
204,2,15,30
204,3,15,30
204,4,15,30
204,5,15,15
204,6,15,30
204,7,15,45
204,8,15,45
204,9,15,30
204,10,30,30
204,11,30,15
204,12,30,30
204,13,15,90
204,14,15,30
204,15,15,15
204,16,15,30
204,17,15,30
204,18,15,30
204,19,15,30
204,20,15,30
204,21,15,30
204,22,15,30
204,23,30,30
205,0,30,30
205,1,30,30
205,2,15,30
205,3,15,30
205,4,15,30
205,5,15,30
205,6,15,30
205,7,15,45
205,8,15,45
205,9,15,30
205,10,15,30
205,11,15,15
205,12,15,30
205,13,15,30
205,14,15,30
205,15,15,30
205,16,15,30
205,17,15,30
205,18,15,30
205,19,15,45
205,20,15,30
205,21,15,30
205,22,15,30
205,23,30,30
206,0,30,30
206,1,15,30
206,2,15,30
206,3,15,30
206,4,15,30
206,5,15,30
206,6,15,30
206,7,15,30
206,8,15,30
206,9,15,30
206,10,15,30
206,11,15,15
206,12,15,30
206,13,15,30
206,14,15,30
206,15,15,15
206,16,15,30
206,17,15,15
206,18,15,15
206,19,15,45
206,20,15,30
206,21,15,30
206,22,15,30
206,23,45,30
207,0,30,30
207,1,15,30
207,2,15,30
207,3,15,30
207,4,15,15
207,5,15,45
207,6,15,15
207,7,15,45
207,8,15,45
207,9,15,15
207,10,15,30
207,11,15,15
207,12,15,30
207,13,15,30
207,14,15,15
207,15,15,15
207,16,15,30
207,17,15,15
207,18,30,15
207,19,15,45
207,20,15,30
207,21,15,30
207,22,15,30
207,23,30,30
208,0,15,30
208,1,15,30
208,2,15,30
208,3,15,30
208,4,15,30
208,5,15,45
208,6,15,45
208,7,15,45
208,8,15,45
208,9,15,30
208,10,15,30
208,11,15,30
208,12,15,30
208,13,15,30
208,14,15,15
208,15,15,15
208,16,15,15
208,17,15,15
208,18,30,15
208,19,15,45
208,20,15,30
208,21,15,30
208,22,15,45
208,23,45,45
209,0,15,30
209,1,15,30
209,2,15,30
209,3,15,45
209,4,15,30
209,5,15,45
209,6,15,45
209,7,15,45
209,8,15,45
209,9,15,30
209,10,15,30
209,11,15,30
209,12,15,30
209,13,15,30
209,14,15,15
209,15,15,15
209,16,15,15
209,17,30,15
209,18,30,15
209,19,15,45
209,20,15,45
209,21,15,30
209,22,15,45
209,23,45,45
210,0,15,30
210,1,15,45
210,2,15,30
210,3,15,45
210,4,15,30
210,5,15,45
210,6,15,15
210,7,15,15
210,8,15,45
210,9,15,30
210,10,15,30
210,11,30,30
210,12,15,30
210,13,15,30
210,14,15,30
210,15,15,15
210,16,15,30
210,17,15,15
210,18,30,15
210,19,15,45
210,20,15,45
210,21,15,30
210,22,15,45
210,23,45,45
211,0,15,30
211,1,15,30
211,2,15,30
211,3,15,30
211,4,15,30
211,5,15,15
211,6,15,15
211,7,15,15
211,8,15,15
211,9,15,30
211,10,15,30
211,11,15,30
211,12,15,30
211,13,15,30
211,14,15,30
211,15,15,15
211,16,15,15
211,17,15,15
211,18,15,15
211,19,15,45
211,20,15,45
211,21,15,30
211,22,15,45
211,23,45,45
212,0,15,15
212,1,15,45
212,2,15,30
212,3,15,45
212,4,15,30
212,5,15,15
212,6,15,15
212,7,15,15
212,8,15,30
212,9,15,30
212,10,15,30
212,11,15,15
212,12,15,15
212,13,15,30
212,14,15,15
212,15,15,15
212,16,15,15
212,17,15,15
212,18,15,15
212,19,15,45
212,20,15,45
212,21,15,30
212,22,15,30
212,23,45,45
213,0,15,15
213,1,15,45
213,2,15,30
213,3,15,45
213,4,15,30
213,5,15,30
213,6,15,15
213,7,15,15
213,8,15,30
213,9,15,30
213,10,15,30
213,11,15,15
213,12,15,15
213,13,15,15
213,14,15,15
213,15,15,15
213,16,15,15
213,17,15,15
213,18,15,15
213,19,15,45
213,20,15,45
213,21,15,15
213,22,15,15
213,23,45,15
214,0,15,15
214,1,15,15
214,2,15,30
214,3,15,30
214,4,15,30
214,5,15,15
214,6,15,15
214,7,15,15
214,8,15,30
214,9,15,30
214,10,15,30
214,11,15,15
214,12,15,30
214,13,15,15
214,14,15,15
214,15,15,15
214,16,15,15
214,17,15,15
214,18,15,15
214,19,15,45
214,20,15,45
214,21,15,15
214,22,15,15
214,23,45,15
215,0,15,15
215,1,15,45
215,2,15,30
215,3,15,30
215,4,15,15
215,5,15,15
215,6,15,15
215,7,15,15
215,8,15,15
215,9,15,30
215,10,15,30
215,11,15,30
215,12,15,30
215,13,15,30
215,14,30,15
215,15,15,15
215,16,15,15
215,17,15,15
215,18,15,15
215,19,15,15
215,20,15,15
215,21,15,15
215,22,15,15
215,23,45,15
216,0,15,15
216,1,15,45
216,2,15,30
216,3,15,30
216,4,15,30
216,5,15,15
216,6,15,15
216,7,15,15
216,8,15,30
216,9,15,30
216,10,15,30
216,11,15,30
216,12,15,30
216,13,15,15
216,14,30,15
216,15,15,15
216,16,15,15
216,17,15,15
216,18,15,15
216,19,15,15
216,20,15,15
216,21,15,15
216,22,15,15
216,23,45,15
217,0,15,15
217,1,15,45
217,2,15,45
217,3,15,30
217,4,15,30
217,5,15,15
217,6,15,15
217,7,15,15
217,8,15,30
217,9,15,30
217,10,15,30
217,11,15,30
217,12,15,30
217,13,15,15
217,14,30,15
217,15,15,15
217,16,15,15
217,17,15,15
217,18,15,15
217,19,15,15
217,20,15,15
217,21,15,15
217,22,15,15
217,23,30,15
218,0,15,15
218,1,15,45
218,2,15,45
218,3,15,30
218,4,15,30
218,5,15,30
218,6,15,30
218,7,15,30
218,8,15,30
218,9,15,30
218,10,15,30
218,11,15,15
218,12,15,15
218,13,15,15
218,14,15,15
218,15,15,15
218,16,15,15
218,17,15,15
218,18,15,15
218,19,15,15
218,20,15,15
218,21,15,15
218,22,15,15
218,23,15,15
219,0,15,15
219,1,15,45
219,2,15,45
219,3,15,45
219,4,15,30
219,5,15,30
219,6,15,15
219,7,15,30
219,8,15,30
219,9,15,30
219,10,15,30
219,11,15,15
219,12,15,15
219,13,15,15
219,14,15,15
219,15,15,15
219,16,15,15
219,17,15,15
219,18,15,15
219,19,15,15
219,20,15,15
219,21,15,15
219,22,15,15
219,23,15,15
220,0,15,15
220,1,15,45
220,2,15,45
220,3,15,30
220,4,15,30
220,5,15,30
220,6,15,15
220,7,15,30
220,8,30,30
220,9,15,30
220,10,15,30
220,11,15,15
220,12,15,15
220,13,15,15
220,14,15,15
220,15,15,15
220,16,15,15
220,17,15,15
220,18,15,15
220,19,15,15
220,20,15,15
220,21,15,15
220,22,15,15
220,23,15,15
221,0,15,15
221,1,15,45
221,2,15,45
221,3,15,30
221,4,15,30
221,5,15,30
221,6,15,15
221,7,15,45
221,8,30,30
221,9,15,30
221,10,15,30
221,11,15,15
221,12,15,30
221,13,15,30
221,14,15,15
221,15,15,15
221,16,15,15
221,17,15,15
221,18,15,15
221,19,15,15
221,20,15,15
221,21,15,15
221,22,15,15
221,23,15,15
222,0,15,15
222,1,15,45
222,2,15,45
222,3,15,30
222,4,15,30
222,5,15,30
222,6,15,30
222,7,15,30
222,8,30,30
222,9,15,30
222,10,15,30
222,11,15,15
222,12,15,30
222,13,15,30
222,14,15,15
222,15,15,15
222,16,15,15
222,17,15,15
222,18,15,15
222,19,15,15
222,20,15,15
222,21,15,15
222,22,15,15
222,23,15,15
223,0,30,30
223,1,30,45
223,2,15,45
223,3,15,30
223,4,15,30
223,5,15,30
223,6,15,30
223,7,15,30
223,8,30,30
223,9,15,30
223,10,15,30
223,11,15,15
223,12,15,15
223,13,15,30
223,14,15,15
223,15,15,15
223,16,15,15
223,17,15,30
223,18,15,30
223,19,15,15
223,20,15,15
223,21,15,15
223,22,15,15
223,23,15,15
224,0,30,30
224,1,30,45
224,2,15,30
224,3,15,30
224,4,30,30
224,5,15,30
224,6,15,30
224,7,15,30
224,8,30,30
224,9,15,30
224,10,15,30
224,11,15,15
224,12,15,15
224,13,15,30
224,14,15,15
224,15,15,15
224,16,15,15
224,17,15,30
224,18,15,30
224,19,15,15
224,20,15,15
224,21,15,15
224,22,15,15
224,23,15,15
225,0,45,30
225,1,30,60
225,2,30,30
225,3,15,30
225,4,15,30
225,5,15,30
225,6,15,30
225,7,15,30
225,8,30,30
225,9,15,30
225,10,15,30
225,11,15,15
225,12,15,15
225,13,15,15
225,14,30,15
225,15,15,15
225,16,15,15
225,17,15,30
225,18,15,30
225,19,15,15
225,20,15,15
225,21,15,15
225,22,15,15
225,23,45,15
226,0,60,30
226,1,30,60
226,2,30,30
226,3,30,30
226,4,30,15
226,5,15,30
226,6,15,15
226,7,30,30
226,8,30,30
226,9,15,30
226,10,15,30
226,11,15,15
226,12,15,15
226,13,15,15
226,14,30,15
226,15,15,15
226,16,15,15
226,17,30,30
226,18,15,30
226,19,15,15
226,20,15,15
226,21,30,15
226,22,15,15
226,23,30,15
227,0,45,30
227,1,30,30
227,2,30,30
227,3,30,30
227,4,30,15
227,5,15,30
227,6,30,15
227,7,30,30
227,8,30,15
227,9,15,30
227,10,15,15
227,11,15,15
227,12,15,15
227,13,15,15
227,14,30,15
227,15,15,15
227,16,30,15
227,17,30,30
227,18,15,30
227,19,15,15
227,20,15,15
227,21,45,15
227,22,15,15
227,23,30,15
228,0,45,30
228,1,30,30
228,2,30,15
228,3,30,15
228,4,30,15
228,5,15,15
228,6,30,15
228,7,30,15
228,8,30,15
228,9,15,15
228,10,15,15
228,11,15,15
228,12,15,15
228,13,15,15
228,14,30,15
228,15,15,15
228,16,45,15
228,17,30,15
228,18,15,15
228,19,15,15
228,20,15,15
228,21,30,15
228,22,15,15
228,23,15,15
229,0,45,30
229,1,30,45
229,2,15,15
229,3,30,15
229,4,30,15
229,5,15,15
229,6,30,15
229,7,30,15
229,8,30,15
229,9,30,15
229,10,15,15
229,11,15,15
229,12,30,15
229,13,15,30
229,14,30,15
229,15,15,15
229,16,45,15
229,17,15,30
229,18,15,30
229,19,30,15
229,20,15,15
229,21,30,15
229,22,30,15
229,23,30,15
230,0,45,30
230,1,30,30
230,2,15,15
230,3,30,15
230,4,30,15
230,5,15,15
230,6,30,15
230,7,30,15
230,8,30,15
230,9,30,15
230,10,15,15
230,11,15,15
230,12,30,15
230,13,15,15
230,14,45,15
230,15,45,15
230,16,30,15
230,17,30,30
230,18,15,30
230,19,30,15
230,20,30,15
230,21,30,15
230,22,30,15
230,23,30,15
231,0,30,30
231,1,30,30
231,2,15,15
231,3,30,15
231,4,30,15
231,5,15,15
231,6,30,15
231,7,30,15
231,8,30,15
231,9,30,15
231,10,15,15
231,11,15,15
231,12,30,15
231,13,15,15
231,14,45,15
231,15,45,15
231,16,30,15
231,17,30,30
231,18,30,30
231,19,30,15
231,20,30,15
231,21,30,15
231,22,30,15
231,23,30,15
232,0,30,30
232,1,30,45
232,2,15,15
232,3,30,15
232,4,30,15
232,5,15,15
232,6,30,15
232,7,30,15
232,8,30,15
232,9,30,15
232,10,15,15
232,11,15,15
232,12,30,15
232,13,15,15
232,14,45,15
232,15,45,15
232,16,45,15
232,17,45,30
232,18,15,30
232,19,30,15
232,20,15,15
232,21,30,15
232,22,30,15
232,23,15,15
233,0,15,15
233,1,15,45
233,2,15,15
233,3,30,15
233,4,30,15
233,5,30,15
233,6,30,15
233,7,30,15
233,8,30,15
233,9,30,15
233,10,15,15
233,11,15,15
233,12,15,15
233,13,30,15
233,14,45,15
233,15,45,15
233,16,45,15
233,17,45,15
233,18,30,30
233,19,30,15
233,20,15,15
233,21,30,15
233,22,30,15
233,23,15,15
234,0,15,15
234,1,15,15
234,2,15,15
234,3,30,15
234,4,30,15
234,5,30,15
234,6,30,15
234,7,30,15
234,8,30,15
234,9,30,15
234,10,15,15
234,11,15,15
234,12,30,15
234,13,30,15
234,14,45,15
234,15,45,30
234,16,45,15
234,17,45,15
234,18,30,30
234,19,30,15
234,20,30,15
234,21,30,15
234,22,30,15
234,23,15,15
235,0,15,15
235,1,30,15
235,2,15,15
235,3,30,15
235,4,30,15
235,5,30,15
235,6,30,15
235,7,30,15
235,8,30,15
235,9,15,15
235,10,15,15
235,11,15,15
235,12,30,15
235,13,30,15
235,14,45,15
235,15,45,30
235,16,45,15
235,17,45,15
235,18,30,30
235,19,30,15
235,20,30,15
235,21,30,15
235,22,30,15
235,23,15,15
236,0,15,15
236,1,30,15
236,2,15,15
236,3,30,15
236,4,30,15
236,5,30,15
236,6,30,15
236,7,30,15
236,8,30,15
236,9,15,15
236,10,15,15
236,11,15,15
236,12,30,15
236,13,30,15
236,14,45,15
236,15,45,30
236,16,45,15
236,17,45,15
236,18,30,30
236,19,30,15
236,20,30,15
236,21,30,15
236,22,30,15
236,23,15,15
237,0,15,15
237,1,15,15
237,2,15,15
237,3,30,15
237,4,45,15
237,5,30,15
237,6,30,15
237,7,30,15
237,8,15,15
237,9,15,15
237,10,15,15
237,11,15,15
237,12,15,15
237,13,15,15
237,14,45,15
237,15,45,30
237,16,45,15
237,17,45,15
237,18,30,30
237,19,30,15
237,20,30,15
237,21,30,15
237,22,30,15
237,23,15,15
238,0,15,15
238,1,15,15
238,2,15,15
238,3,15,15
238,4,15,15
238,5,15,15
238,6,30,15
238,7,15,15
238,8,15,15
238,9,15,15
238,10,15,15
238,11,15,15
238,12,15,15
238,13,15,15
238,14,15,15
238,15,45,30
238,16,30,15
238,17,30,15
238,18,15,30
238,19,15,15
238,20,30,15
238,21,30,15
238,22,30,15
238,23,15,15
239,0,45,15
239,1,15,15
239,2,15,15
239,3,30,15
239,4,15,15
239,5,15,15
239,6,30,15
239,7,15,15
239,8,15,15
239,9,15,15
239,10,15,15
239,11,30,15
239,12,30,15
239,13,30,15
239,14,45,15
239,15,30,30
239,16,30,15
239,17,30,15
239,18,30,30
239,19,30,15
239,20,30,15
239,21,30,15
239,22,30,15
239,23,15,15
240,0,15,15
240,1,15,15
240,2,15,15
240,3,30,15
240,4,30,15
240,5,30,15
240,6,30,15
240,7,15,15
240,8,15,15
240,9,15,15
240,10,15,15
240,11,30,15
240,12,30,15
240,13,30,15
240,14,45,15
240,15,15,30
240,16,30,15
240,17,30,15
240,18,30,30
240,19,15,15
240,20,15,15
240,21,30,15
240,22,30,15
240,23,15,15
241,0,30,15
241,1,30,15
241,2,15,15
241,3,30,15
241,4,30,15
241,5,30,15
241,6,30,15
241,7,15,15
241,8,15,15
241,9,15,15
241,10,15,15
241,11,15,15
241,12,45,15
241,13,30,15
241,14,45,15
241,15,45,30
241,16,45,15
241,17,30,15
241,18,30,15
241,19,15,15
241,20,15,15
241,21,45,15
241,22,30,15
241,23,15,15
242,0,30,15
242,1,30,15
242,2,15,15
242,3,30,15
242,4,30,15
242,5,30,15
242,6,30,15
242,7,15,15
242,8,15,15
242,9,15,15
242,10,15,15
242,11,30,15
242,12,45,15
242,13,30,15
242,14,45,15
242,15,45,30
242,16,45,15
242,17,30,15
242,18,15,30
242,19,15,15
242,20,15,15
242,21,30,15
242,22,30,15
242,23,15,15
243,0,30,15
243,1,30,15
243,2,15,15
243,3,15,15
243,4,30,15
243,5,30,15
243,6,30,15
243,7,15,15
243,8,15,15
243,9,15,15
243,10,15,15
243,11,15,15
243,12,45,15
243,13,45,15
243,14,45,15
243,15,45,30
243,16,45,30
243,17,30,30
243,18,30,30
243,19,15,15
243,20,15,15
243,21,30,15
243,22,30,15
243,23,15,15
244,0,30,15
244,1,30,15
244,2,30,15
244,3,15,15
244,4,30,15
244,5,30,15
244,6,30,15
244,7,15,15
244,8,15,15
244,9,15,15
244,10,15,15
244,11,15,15
244,12,45,15
244,13,45,15
244,14,45,15
244,15,30,30
244,16,45,30
244,17,30,15
244,18,30,30
244,19,15,15
244,20,15,15
244,21,45,15
244,22,30,15
244,23,15,15
245,0,45,15
245,1,15,15
245,2,15,15
245,3,15,15
245,4,30,15
245,5,30,15
245,6,30,15
245,7,15,15
245,8,15,15
245,9,15,15
245,10,15,15
245,11,15,15
245,12,30,15
245,13,30,15
245,14,45,15
245,15,45,30
245,16,45,30
245,17,30,15
245,18,15,15
245,19,15,15
245,20,15,15
245,21,45,15
245,22,30,15
245,23,15,15
246,0,45,15
246,1,15,15
246,2,15,15
246,3,15,15
246,4,30,15
246,5,30,15
246,6,30,15
246,7,15,15
246,8,15,15
246,9,15,15
246,10,15,15
246,11,15,15
246,12,30,15
246,13,30,15
246,14,15,15
246,15,30,30
246,16,45,30
246,17,30,30
246,18,15,15
246,19,15,15
246,20,15,15
246,21,15,15
246,22,15,15
246,23,15,15
247,0,45,15
247,1,45,15
247,2,15,15
247,3,15,15
247,4,30,15
247,5,30,15
247,6,30,15
247,7,15,15
247,8,15,15
247,9,15,15
247,10,15,15
247,11,15,15
247,12,30,15
247,13,15,15
247,14,15,15
247,15,30,30
247,16,45,30
247,17,30,15
247,18,30,15
247,19,15,15
247,20,15,15
247,21,15,15
247,22,15,15
247,23,15,15
248,0,30,15
248,1,30,15
248,2,15,15
248,3,30,15
248,4,30,15
248,5,30,15
248,6,15,15
248,7,15,15
248,8,15,15
248,9,15,15
248,10,15,15
248,11,15,15
248,12,30,15
248,13,15,15
248,14,30,15
248,15,30,30
248,16,30,30
248,17,30,30
248,18,30,30
248,19,15,30
248,20,30,15
248,21,15,15
248,22,15,15
248,23,15,15
249,0,30,15
249,1,30,15
249,2,15,15
249,3,30,15
249,4,30,15
249,5,30,15
249,6,15,15
249,7,15,15
249,8,15,15
249,9,15,15
249,10,30,15
249,11,15,15
249,12,30,15
249,13,15,15
249,14,30,15
249,15,30,30
249,16,30,30
249,17,30,30
249,18,30,15
249,19,15,30
249,20,30,15
249,21,15,15
249,22,15,15
249,23,15,15
250,0,30,15
250,1,30,15
250,2,15,15
250,3,30,15
250,4,15,15
250,5,30,15
250,6,15,15
250,7,15,15
250,8,15,15
250,9,15,15
250,10,30,15
250,11,30,15
250,12,30,15
250,13,30,15
250,14,30,15
250,15,30,15
250,16,30,30
250,17,30,15
250,18,30,15
250,19,15,15
250,20,15,15
250,21,15,15
250,22,15,15
250,23,15,15
251,0,30,15
251,1,30,15
251,2,15,15
251,3,15,15
251,4,15,15
251,5,15,15
251,6,15,15
251,7,15,15
251,8,15,15
251,9,45,15
251,10,30,15
251,11,15,30
251,12,30,15
251,13,30,15
251,14,30,15
251,15,30,15
251,16,30,15
251,17,30,15
251,18,30,15
251,19,15,15
251,20,15,15
251,21,15,15
251,22,15,15
251,23,15,15
252,0,30,15
252,1,30,15
252,2,30,30
252,3,30,30
252,4,30,30
252,5,30,15
252,6,15,15
252,7,45,15
252,8,45,15
252,9,45,15
252,10,30,15
252,11,30,30
252,12,30,15
252,13,30,15
252,14,30,15
252,15,30,15
252,16,30,15
252,17,30,15
252,18,30,15
252,19,15,15
252,20,15,15
252,21,15,15
252,22,15,15
252,23,15,15
253,0,30,15
253,1,15,15
253,2,30,15
253,3,30,15
253,4,30,30
253,5,30,15
253,6,15,15
253,7,15,15
253,8,15,15
253,9,45,15
253,10,30,30
253,11,15,30
253,12,30,15
253,13,30,15
253,14,30,15
253,15,30,15
253,16,30,15
253,17,30,15
253,18,30,15
253,19,15,15
253,20,15,15
253,21,15,15
253,22,15,15
253,23,15,15
254,0,15,15
254,1,15,15
254,2,30,15
254,3,15,15
254,4,30,30
254,5,30,15
254,6,15,15
254,7,30,15
254,8,15,15
254,9,45,30
254,10,30,30
254,11,15,30
254,12,15,15
254,13,30,30
254,14,30,15
254,15,30,15
254,16,30,15
254,17,15,15
254,18,30,15
254,19,15,15
254,20,15,15
254,21,15,15
254,22,15,15
254,23,15,15
255,0,15,15
255,1,15,15
255,2,30,15
255,3,15,15
255,4,15,30
255,5,30,15
255,6,15,15
255,7,30,15
255,8,15,45
255,9,30,30
255,10,30,30
255,11,30,30
255,12,30,15
255,13,30,30
255,14,30,15
255,15,30,15
255,16,15,15
255,17,15,15
255,18,30,15
255,19,30,15
255,20,30,15
255,21,15,15
255,22,15,15
255,23,15,15
256,0,15,15
256,1,15,15
256,2,30,30
256,3,15,15
256,4,15,30
256,5,30,15
256,6,15,15
256,7,30,15
256,8,30,45
256,9,30,30
256,10,30,30
256,11,30,30
256,12,30,15
256,13,30,30
256,14,30,15
256,15,30,15
256,16,30,15
256,17,15,15
256,18,30,15
256,19,30,15
256,20,30,15
256,21,15,15
256,22,15,15
256,23,15,15
257,0,15,15
257,1,15,15
257,2,30,15
257,3,15,15
257,4,15,30
257,5,30,15
257,6,15,15
257,7,30,45
257,8,30,45
257,9,30,30
257,10,30,30
257,11,15,30
257,12,30,15
257,13,15,30
257,14,30,15
257,15,30,15
257,16,15,15
257,17,15,15
257,18,30,15
257,19,30,15
257,20,30,15
257,21,15,15
257,22,15,15
257,23,15,15
258,0,15,15
258,1,15,15
258,2,15,15
258,3,15,15
258,4,15,15
258,5,30,15
258,6,15,15
258,7,30,15
258,8,30,45
258,9,30,30
258,10,30,30
258,11,15,45
258,12,15,15
258,13,15,30
258,14,30,15
258,15,30,15
258,16,15,15
258,17,15,15
258,18,15,15
258,19,30,30
258,20,15,15
258,21,15,15
258,22,15,15
258,23,15,15
259,0,15,15
259,1,15,15
259,2,15,15
259,3,15,15
259,4,15,15
259,5,15,15
259,6,15,15
259,7,30,45
259,8,30,45
259,9,30,45
259,10,30,45
259,11,30,45
259,12,15,15
259,13,15,30
259,14,30,15
259,15,15,15
259,16,15,15
259,17,15,15
259,18,15,15
259,19,30,30
259,20,15,15
259,21,15,15
259,22,15,15
259,23,30,15
260,0,15,15
260,1,15,15
260,2,15,15
260,3,15,15
260,4,15,15
260,5,30,15
260,6,15,45
260,7,30,45
260,8,30,45
260,9,30,45
260,10,30,45
260,11,30,45
260,12,15,15
260,13,15,30
260,14,15,15
260,15,30,15
260,16,30,15
260,17,15,15
260,18,15,15
260,19,30,30
260,20,15,30
260,21,15,15
260,22,15,15
260,23,30,15
261,0,15,15
261,1,15,15
261,2,30,15
261,3,15,15
261,4,15,15
261,5,15,15
261,6,15,15
261,7,30,45
261,8,30,45
261,9,30,45
261,10,30,45
261,11,15,45
261,12,15,15
261,13,15,30
261,14,15,15
261,15,15,15
261,16,15,15
261,17,15,15
261,18,15,15
261,19,15,30
261,20,15,30
261,21,15,15
261,22,15,15
261,23,30,30
262,0,30,15
262,1,15,15
262,2,30,15
262,3,15,15
262,4,15,15
262,5,15,15
262,6,15,15
262,7,30,45
262,8,30,45
262,9,30,45
262,10,30,45
262,11,15,45
262,12,15,15
262,13,15,30
262,14,15,15
262,15,15,15
262,16,15,15
262,17,15,15
262,18,15,15
262,19,30,30
262,20,15,30
262,21,15,15
262,22,15,15
262,23,30,15
263,0,15,15
263,1,15,15
263,2,30,15
263,3,15,15
263,4,15,15
263,5,15,15
263,6,15,45
263,7,30,45
263,8,30,45
263,9,30,45
263,10,30,45
263,11,15,45
263,12,15,15
263,13,15,30
263,14,15,15
263,15,15,15
263,16,15,15
263,17,15,15
263,18,15,15
263,19,15,30
263,20,15,15
263,21,15,15
263,22,15,15
263,23,30,15
264,0,15,15
264,1,15,15
264,2,30,15
264,3,15,15
264,4,15,15
264,5,15,15
264,6,15,45
264,7,30,45
264,8,30,45
264,9,30,45
264,10,30,45
264,11,30,45
264,12,15,30
264,13,15,30
264,14,15,30
264,15,15,15
264,16,15,15
264,17,15,15
264,18,15,15
264,19,15,30
264,20,15,30
264,21,15,15
264,22,15,15
264,23,15,15
265,0,15,15
265,1,15,15
265,2,30,15
265,3,15,15
265,4,15,15
265,5,15,45
265,6,15,45
265,7,15,45
265,8,30,45
265,9,30,45
265,10,30,45
265,11,15,45
265,12,15,15
265,13,15,30
265,14,15,30
265,15,15,15
265,16,15,45
265,17,15,15
265,18,15,15
265,19,15,30
265,20,15,30
265,21,15,30
265,22,15,15
265,23,15,30
266,0,15,15
266,1,15,15
266,2,30,15
266,3,15,15
266,4,15,15
266,5,15,45
266,6,15,45
266,7,30,30
266,8,30,45
266,9,30,45
266,10,30,45
266,11,15,45
266,12,15,15
266,13,15,15
266,14,15,15
266,15,15,15
266,16,15,15
266,17,15,15
266,18,15,15
266,19,15,30
266,20,15,30
266,21,15,30
266,22,15,30
266,23,15,30
267,0,15,15
267,1,15,15
267,2,30,15
267,3,15,15
267,4,15,15
267,5,15,30
267,6,15,30
267,7,30,30
267,8,30,30
267,9,30,30
267,10,30,45
267,11,15,45
267,12,15,15
267,13,15,15
267,14,15,15
267,15,15,15
267,16,15,15
267,17,15,15
267,18,15,15
267,19,15,30
267,20,30,15
267,21,15,15
267,22,15,15
267,23,15,30
268,0,15,15
268,1,15,15
268,2,30,15
268,3,15,15
268,4,15,15
268,5,15,30
268,6,15,30
268,7,30,30
268,8,30,30
268,9,30,30
268,10,30,30
268,11,15,45
268,12,15,15
268,13,15,15
268,14,15,15
268,15,15,15
268,16,15,15
268,17,15,30
268,18,15,30
268,19,15,30
268,20,15,15
268,21,15,15
268,22,15,15
268,23,15,30
269,0,15,15
269,1,15,15
269,2,30,15
269,3,15,15
269,4,15,15
269,5,15,30
269,6,15,30
269,7,15,30
269,8,30,30
269,9,30,30
269,10,30,30
269,11,15,45
269,12,15,15
269,13,15,15
269,14,15,15
269,15,15,15
269,16,15,15
269,17,15,30
269,18,15,30
269,19,15,30
269,20,15,15
269,21,15,15
269,22,15,15
269,23,15,30
270,0,15,15
270,1,15,15
270,2,30,15
270,3,15,15
270,4,15,30
270,5,15,30
270,6,15,30
270,7,30,30
270,8,30,30
270,9,30,30
270,10,30,30
270,11,15,30
270,12,15,15
270,13,15,15
270,14,15,15
270,15,15,15
270,16,15,15
270,17,15,30
270,18,15,30
270,19,15,30
270,20,15,15
270,21,15,15
270,22,15,30
270,23,15,30
271,0,15,15
271,1,15,15
271,2,30,15
271,3,15,15
271,4,15,15
271,5,15,30
271,6,15,30
271,7,30,30
271,8,30,30
271,9,30,30
271,10,15,30
271,11,15,45
271,12,15,15
271,13,15,15
271,14,15,15
271,15,15,15
271,16,15,15
271,17,15,30
271,18,15,30
271,19,15,30
271,20,15,15
271,21,15,15
271,22,15,15
271,23,15,30
272,0,15,15
272,1,15,15
272,2,30,15
272,3,15,15
272,4,15,15
272,5,15,30
272,6,15,30
272,7,15,30
272,8,30,30
272,9,30,30
272,10,30,30
272,11,15,45
272,12,15,15
272,13,15,15
272,14,15,15
272,15,15,15
272,16,15,15
272,17,15,30
272,18,15,30
272,19,15,30
272,20,15,15
272,21,15,15
272,22,15,30
272,23,15,30
273,0,15,15
273,1,15,15
273,2,15,15
273,3,15,15
273,4,15,15
273,5,15,30
273,6,15,30
273,7,15,30
273,8,15,30
273,9,15,30
273,10,15,45
273,11,15,45
273,12,15,15
273,13,15,15
273,14,15,15
273,15,15,15
273,16,15,15
273,17,15,30
273,18,15,30
273,19,15,30
273,20,15,15
273,21,15,15
273,22,15,15
273,23,15,30
274,0,15,15
274,1,15,15
274,2,15,15
274,3,15,15
274,4,15,30
274,5,15,30
274,6,15,30
274,7,15,30
274,8,15,30
274,9,15,30
274,10,15,30
274,11,15,30
274,12,15,15
274,13,15,15
274,14,15,15
274,15,15,15
274,16,15,15
274,17,15,30
274,18,15,30
274,19,15,30
274,20,15,15
274,21,15,15
274,22,15,15
274,23,15,15
275,0,15,15
275,1,15,15
275,2,15,15
275,3,15,15
275,4,15,15
275,5,15,30
275,6,15,30
275,7,15,30
275,8,15,30
275,9,15,30
275,10,15,30
275,11,15,30
275,12,15,15
275,13,15,15
275,14,15,15
275,15,15,15
275,16,15,15
275,17,15,15
275,18,15,30
275,19,15,15
275,20,15,15
275,21,15,15
275,22,15,15
275,23,15,15
276,0,15,15
276,1,15,15
276,2,15,15
276,3,15,15
276,4,15,15
276,5,15,30
276,6,15,30
276,7,15,30
276,8,15,30
276,9,15,30
276,10,15,30
276,11,15,30
276,12,15,15
276,13,15,15
276,14,15,15
276,15,15,15
276,16,15,30
276,17,15,30
276,18,15,30
276,19,15,15
276,20,15,15
276,21,15,15
276,22,15,15
276,23,15,15
277,0,15,15
277,1,15,15
277,2,15,15
277,3,15,15
277,4,15,30
277,5,15,30
277,6,15,30
277,7,15,30
277,8,15,30
277,9,15,30
277,10,15,45
277,11,15,45
277,12,15,15
277,13,15,15
277,14,15,15
277,15,15,15
277,16,15,15
277,17,15,15
277,18,15,30
277,19,15,15
277,20,15,15
277,21,15,15
277,22,15,15
277,23,15,15
278,0,15,15
278,1,15,15
278,2,15,15
278,3,15,30
278,4,15,30
278,5,15,30
278,6,15,30
278,7,15,30
278,8,15,30
278,9,15,30
278,10,15,45
278,11,15,45
278,12,15,15
278,13,15,15
278,14,15,15
278,15,15,15
278,16,15,15
278,17,15,30
278,18,15,30
278,19,15,15
278,20,15,15
278,21,15,15
278,22,15,15
278,23,15,60
279,0,15,15
279,1,15,15
279,2,15,15
279,3,15,30
279,4,15,30
279,5,15,30
279,6,15,30
279,7,15,30
279,8,15,30
279,9,15,30
279,10,15,30
279,11,15,30
279,12,15,15
279,13,15,15
279,14,15,15
279,15,15,15
279,16,15,15
279,17,15,15
279,18,15,30
279,19,15,15
279,20,15,15
279,21,15,15
279,22,15,15
279,23,15,60
280,0,15,15
280,1,15,15
280,2,15,15
280,3,15,30
280,4,15,30
280,5,15,30
280,6,15,30
280,7,15,30
280,8,15,30
280,9,15,30
280,10,15,30
280,11,15,30
280,12,15,15
280,13,15,15
280,14,15,15
280,15,15,15
280,16,15,15
280,17,15,15
280,18,15,30
280,19,15,15
280,20,15,15
280,21,15,15
280,22,15,15
280,23,15,60
281,0,15,15
281,1,15,15
281,2,15,30
281,3,15,30
281,4,15,30
281,5,15,30
281,6,15,30
281,7,15,30
281,8,15,30
281,9,15,30
281,10,15,30
281,11,15,30
281,12,15,15
281,13,15,15
281,14,15,15
281,15,15,30
281,16,15,30
281,17,15,15
281,18,15,30
281,19,15,15
281,20,15,15
281,21,15,15
281,22,15,15
281,23,15,60
282,0,15,15
282,1,15,15
282,2,15,15
282,3,15,15
282,4,15,15
282,5,15,30
282,6,15,30
282,7,15,30
282,8,15,30
282,9,15,45
282,10,15,45
282,11,15,45
282,12,15,15
282,13,15,15
282,14,15,15
282,15,15,30
282,16,15,60
282,17,15,30
282,18,15,30
282,19,15,15
282,20,15,15
282,21,15,15
282,22,15,15
282,23,15,45
283,0,15,45
283,1,15,15
283,2,15,15
283,3,15,15
283,4,15,15
283,5,15,15
283,6,15,15
283,7,15,15
283,8,15,15
283,9,15,15
283,10,15,45
283,11,15,15
283,12,15,15
283,13,15,15
283,14,15,15
283,15,15,45
283,16,15,60
283,17,15,15
283,18,15,45
283,19,15,15
283,20,15,15
283,21,15,15
283,22,15,15
283,23,15,45
284,0,15,45
284,1,15,15
284,2,15,15
284,3,15,15
284,4,15,15
284,5,15,15
284,6,15,15
284,7,15,15
284,8,15,15
284,9,15,15
284,10,15,15
284,11,15,15
284,12,15,15
284,13,15,15
284,14,15,15
284,15,15,30
284,16,15,60
284,17,15,15
284,18,15,45
284,19,15,15
284,20,15,15
284,21,15,15
284,22,15,15
284,23,15,45
285,0,15,60
285,1,15,15
285,2,15,15
285,3,15,15
285,4,15,15
285,5,15,15
285,6,15,15
285,7,15,15
285,8,15,15
285,9,15,15
285,10,15,15
285,11,15,15
285,12,15,15
285,13,15,15
285,14,15,15
285,15,15,45
285,16,15,45
285,17,15,15
285,18,15,45
285,19,15,15
285,20,15,15
285,21,15,15
285,22,15,15
285,23,15,45
286,0,15,60
286,1,15,15
286,2,15,15
286,3,15,15
286,4,15,15
286,5,15,15
286,6,15,15
286,7,15,15
286,8,15,15
286,9,15,15
286,10,15,15
286,11,15,15
286,12,15,15
286,13,15,15
286,14,15,15
286,15,15,45
286,16,15,45
286,17,15,15
286,18,15,45
286,19,15,15
286,20,15,15
286,21,15,15
286,22,15,15
286,23,15,45
287,0,15,60
287,1,15,15
287,2,15,15
287,3,15,15
287,4,15,15
287,5,15,15
287,6,15,15
287,7,15,15
287,8,15,15
287,9,15,15
287,10,15,15
287,11,15,15
287,12,15,15
287,13,15,15
287,14,15,15
287,15,15,45
287,16,15,45
287,17,15,45
287,18,15,45
287,19,15,15
287,20,15,15
287,21,15,15
287,22,15,45
287,23,15,45
288,0,15,60
288,1,15,15
288,2,15,15
288,3,15,15
288,4,15,15
288,5,15,15
288,6,15,15
288,7,15,15
288,8,15,15
288,9,15,15
288,10,15,15
288,11,15,15
288,12,15,15
288,13,15,15
288,14,15,15
288,15,15,45
288,16,15,45
288,17,15,45
288,18,15,45
288,19,15,15
288,20,15,15
288,21,15,15
288,22,15,45
288,23,15,15
289,0,15,15
289,1,15,15
289,2,15,15
289,3,15,15
289,4,15,15
289,5,15,15
289,6,15,15
289,7,15,15
289,8,15,15
289,9,15,15
289,10,15,15
289,11,15,15
289,12,15,15
289,13,15,15
289,14,15,15
289,15,15,45
289,16,15,45
289,17,15,45
289,18,15,45
289,19,15,15
289,20,15,15
289,21,15,15
289,22,15,15
289,23,15,15
290,0,15,15
290,1,15,15
290,2,15,15
290,3,15,15
290,4,15,15
290,5,15,15
290,6,15,15
290,7,15,15
290,8,15,15
290,9,15,15
290,10,15,15
290,11,15,15
290,12,15,15
290,13,15,15
290,14,15,15
290,15,15,45
290,16,60,45
290,17,45,45
290,18,15,45
290,19,15,15
290,20,15,60
290,21,15,15
290,22,15,15
290,23,15,15
291,0,15,15
291,1,15,15
291,2,15,15
291,3,15,15
291,4,15,15
291,5,15,15
291,6,15,15
291,7,15,15
291,8,15,15
291,9,15,15
291,10,15,15
291,11,15,15
291,12,15,15
291,13,15,15
291,14,15,15
291,15,15,45
291,16,45,45
291,17,45,45
291,18,15,45
291,19,90,45
291,20,15,60
291,21,15,15
291,22,15,15
291,23,15,15
292,0,90,15
292,1,15,15
292,2,15,15
292,3,15,15
292,4,15,15
292,5,15,15
292,6,15,15
292,7,15,15
292,8,15,15
292,9,15,15
292,10,15,15
292,11,15,15
292,12,15,15
292,13,30,15
292,14,30,15
292,15,90,30
292,16,45,45
292,17,45,45
292,18,90,45
292,19,90,45
292,20,90,60
292,21,30,60
292,22,15,45
292,23,15,15
293,0,90,15
293,1,15,15
293,2,15,15
293,3,15,15
293,4,15,15
293,5,15,15
293,6,15,15
293,7,15,15
293,8,15,15
293,9,15,15
293,10,15,15
293,11,15,15
293,12,15,15
293,13,30,15
293,14,30,15
293,15,90,45
293,16,45,45
293,17,45,45
293,18,90,45
293,19,90,45
293,20,90,60
293,21,15,60
293,22,15,45
293,23,15,15
294,0,90,15
294,1,15,15
294,2,15,15
294,3,15,15
294,4,15,15
294,5,15,15
294,6,15,15
294,7,90,15
294,8,15,15
294,9,15,15
294,10,15,15
294,11,15,15
294,12,15,15
294,13,15,15
294,14,30,15
294,15,90,30
294,16,45,30
294,17,45,30
294,18,90,45
294,19,90,30
294,20,90,60
294,21,30,60
294,22,15,45
294,23,15,15
295,0,90,15
295,1,15,15
295,2,15,15
295,3,15,15
295,4,15,15
295,5,15,15
295,6,90,15
295,7,90,15
295,8,15,15
295,9,90,15
295,10,15,15
295,11,15,15
295,12,15,15
295,13,15,15
295,14,15,15
295,15,90,45
295,16,45,15
295,17,45,15
295,18,90,15
295,19,90,15
295,20,90,60
295,21,30,15
295,22,15,15
295,23,15,15
296,0,90,15
296,1,90,15
296,2,15,15
296,3,90,15
296,4,15,15
296,5,15,15
296,6,90,15
296,7,90,15
296,8,15,15
296,9,90,15
296,10,90,15
296,11,15,15
296,12,15,15
296,13,30,15
296,14,30,15
296,15,90,45
296,16,15,45
296,17,15,15
296,18,15,15
296,19,90,15
296,20,90,60
296,21,90,15
296,22,15,15
296,23,90,15
297,0,90,15
297,1,90,15
297,2,90,15
297,3,90,15
297,4,90,15
297,5,15,15
297,6,90,15
297,7,90,15
297,8,15,15
297,9,90,15
297,10,90,15
297,11,90,15
297,12,15,15
297,13,30,15
297,14,30,15
297,15,90,45
297,16,45,45
297,17,45,15
297,18,90,15
297,19,90,15
297,20,90,60
297,21,90,15
297,22,15,15
297,23,90,15
298,0,90,15
298,1,90,15
298,2,90,30
298,3,90,15
298,4,90,15
298,5,90,15
298,6,90,15
298,7,90,15
298,8,90,15
298,9,90,15
298,10,90,15
298,11,90,15
298,12,15,15
298,13,30,15
298,14,30,30
298,15,90,45
298,16,45,45
298,17,45,45
298,18,90,45
298,19,90,15
298,20,90,60
298,21,15,15
298,22,15,15
298,23,90,15
299,0,90,15
299,1,90,45
299,2,90,30
299,3,90,15
299,4,90,15
299,5,90,15
299,6,90,15
299,7,90,15
299,8,90,15
299,9,90,15
299,10,90,15
299,11,90,15
299,12,30,15
299,13,30,15
299,14,30,45
299,15,90,45
299,16,45,45
299,17,90,15
299,18,90,15
299,19,90,15
299,20,90,60
299,21,90,60
299,22,15,15
299,23,90,15
300,0,90,15
300,1,90,45
300,2,90,30
300,3,90,30
300,4,90,15
300,5,90,15
300,6,90,15
300,7,90,15
300,8,90,15
300,9,90,15
300,10,90,15
300,11,90,15
300,12,30,15
300,13,30,15
300,14,30,90
300,15,90,45
300,16,45,45
300,17,45,15
300,18,90,15
300,19,90,30
300,20,90,60
300,21,90,60
300,22,15,15
300,23,90,15
301,0,90,15
301,1,90,15
301,2,90,15
301,3,90,30
301,4,90,15
301,5,90,15
301,6,90,15
301,7,90,15
301,8,90,15
301,9,90,15
301,10,90,15
301,11,90,15
301,12,30,15
301,13,30,15
301,14,30,15
301,15,90,15
301,16,45,15
301,17,45,15
301,18,90,15
301,19,90,30
301,20,90,60
301,21,90,60
301,22,90,15
301,23,90,15
302,0,90,15
302,1,90,15
302,2,90,15
302,3,90,15
302,4,90,15
302,5,90,15
302,6,90,15
302,7,90,15
302,8,90,15
302,9,90,15
302,10,90,15
302,11,90,15
302,12,30,15
302,13,30,15
302,14,30,15
302,15,90,45
302,16,45,15
302,17,45,15
302,18,90,15
302,19,90,15
302,20,90,60
302,21,90,60
302,22,90,15
302,23,90,15
303,0,90,15
303,1,90,15
303,2,90,15
303,3,90,30
303,4,90,15
303,5,90,15
303,6,90,15
303,7,90,15
303,8,90,15
303,9,90,15
303,10,90,15
303,11,90,15
303,12,90,15
303,13,30,15
303,14,30,15
303,15,90,45
303,16,90,15
303,17,90,15
303,18,90,15
303,19,90,30
303,20,90,60
303,21,90,60
303,22,90,30
303,23,90,15
304,0,90,15
304,1,90,15
304,2,90,15
304,3,90,30
304,4,90,15
304,5,90,15
304,6,90,15
304,7,90,15
304,8,90,15
304,9,90,15
304,10,90,15
304,11,90,15
304,12,90,15
304,13,90,15
304,14,15,15
304,15,90,15
304,16,45,15
304,17,90,15
304,18,90,15
304,19,90,30
304,20,90,60
304,21,90,30
304,22,90,30
304,23,90,15
305,0,90,15
305,1,90,15
305,2,90,15
305,3,90,30
305,4,90,15
305,5,90,15
305,6,90,15
305,7,90,15
305,8,90,15
305,9,90,15
305,10,90,15
305,11,90,15
305,12,90,15
305,13,90,15
305,14,15,15
305,15,90,90
305,16,45,15
305,17,90,15
305,18,90,15
305,19,90,30
305,20,90,60
305,21,90,30
305,22,90,30
305,23,90,15
306,0,90,15
306,1,90,15
306,2,90,15
306,3,90,30
306,4,90,30
306,5,90,15
306,6,90,30
306,7,90,30
306,8,90,15
306,9,90,15
306,10,90,15
306,11,90,15
306,12,90,15
306,13,90,15
306,14,15,15
306,15,90,15
306,16,45,15
306,17,90,15
306,18,90,15
306,19,90,30
306,20,90,60
306,21,90,30
306,22,90,30
306,23,90,15
307,0,90,15
307,1,90,15
307,2,90,15
307,3,90,30
307,4,90,30
307,5,90,30
307,6,90,30
307,7,90,30
307,8,90,15
307,9,90,15
307,10,90,15
307,11,90,15
307,12,90,15
307,13,15,15
307,14,15,15
307,15,90,15
307,16,90,15
307,17,90,15
307,18,90,15
307,19,90,15
307,20,90,90
307,21,90,30
307,22,90,30
307,23,90,15
308,0,90,15
308,1,90,15
308,2,90,30
308,3,90,30
308,4,90,30
308,5,90,30
308,6,90,30
308,7,90,30
308,8,90,30
308,9,90,15
308,10,90,15
308,11,90,15
308,12,90,15
308,13,15,15
308,14,15,15
308,15,90,15
308,16,90,15
308,17,90,15
308,18,90,15
308,19,90,15
308,20,90,90
308,21,90,30
308,22,90,30
308,23,90,15
309,0,90,15
309,1,90,15
309,2,90,15
309,3,90,30
309,4,90,90
309,5,90,15
309,6,90,90
309,7,90,90
309,8,90,15
309,9,90,15
309,10,90,15
309,11,90,15
309,12,90,15
309,13,15,15
309,14,15,15
309,15,90,15
309,16,90,15
309,17,90,15
309,18,90,15
309,19,90,15
309,20,90,90
309,21,90,90
309,22,90,30
309,23,90,15
310,0,90,15
310,1,90,15
310,2,90,15
310,3,90,90
310,4,90,90
310,5,90,90
310,6,90,90
310,7,90,90
310,8,90,30
310,9,90,30
310,10,90,15
310,11,90,15
310,12,90,90
310,13,15,15
310,14,15,90
310,15,90,15
310,16,90,15
310,17,90,15
310,18,90,15
310,19,90,30
310,20,90,15
310,21,90,15
310,22,90,15
310,23,90,15
311,0,90,15
311,1,90,15
311,2,90,15
311,3,90,30
311,4,90,90
311,5,90,90
311,6,90,90
311,7,90,90
311,8,90,30
311,9,90,15
311,10,90,15
311,11,90,15
311,12,90,90
311,13,15,15
311,14,15,15
311,15,90,15
311,16,90,15
311,17,90,30
311,18,90,30
311,19,90,15
311,20,90,15
311,21,90,15
311,22,90,15
311,23,90,15
312,0,90,15
312,1,90,15
312,2,90,15
312,3,90,90
312,4,90,90
312,5,90,90
312,6,90,90
312,7,90,90
312,8,90,15
312,9,90,15
312,10,90,15
312,11,90,15
312,12,90,15
312,13,15,15
312,14,15,15
312,15,90,15
312,16,90,15
312,17,90,30
312,18,90,30
312,19,90,15
312,20,90,15
312,21,90,15
312,22,90,15
312,23,90,15
313,0,90,15
313,1,90,15
313,2,90,15
313,3,90,90
313,4,90,90
313,5,90,90
313,6,90,90
313,7,90,90
313,8,90,15
313,9,90,15
313,10,90,15
313,11,90,15
313,12,90,90
313,13,15,15
313,14,15,15
313,15,90,15
313,16,90,15
313,17,90,15
313,18,90,15
313,19,90,15
313,20,90,15
313,21,90,15
313,22,90,15
313,23,90,15
314,0,90,15
314,1,90,15
314,2,90,15
314,3,90,90
314,4,90,90
314,5,90,90
314,6,90,90
314,7,90,90
314,8,90,90
314,9,90,90
314,10,90,15
314,11,90,90
314,12,90,90
314,13,15,15
314,14,15,90
314,15,90,15
314,16,90,15
314,17,90,15
314,18,90,15
314,19,90,15
314,20,90,15
314,21,90,15
314,22,90,15
314,23,90,15
315,0,90,15
315,1,90,15
315,2,90,90
315,3,90,90
315,4,90,90
315,5,90,90
315,6,90,90
315,7,90,90
315,8,90,90
315,9,90,15
315,10,90,15
315,11,90,90
315,12,90,90
315,13,15,15
315,14,15,90
315,15,90,15
315,16,90,15
315,17,90,15
315,18,90,15
315,19,90,15
315,20,90,90
315,21,90,15
315,22,90,15
315,23,90,15
316,0,90,15
316,1,90,15
316,2,90,90
316,3,90,90
316,4,90,90
316,5,90,90
316,6,90,90
316,7,90,90
316,8,90,90
316,9,90,90
316,10,90,15
316,11,90,90
316,12,90,90
316,13,15,15
316,14,15,15
316,15,90,15
316,16,90,15
316,17,90,15
316,18,90,15
316,19,90,30
316,20,90,90
316,21,90,15
316,22,90,15
316,23,90,15
317,0,90,15
317,1,90,15
317,2,90,90
317,3,90,90
317,4,90,90
317,5,90,90
317,6,90,90
317,7,90,90
317,8,90,90
317,9,90,90
317,10,90,90
317,11,90,90
317,12,90,90
317,13,15,15
317,14,15,15
317,15,90,15
317,16,90,15
317,17,90,15
317,18,90,15
317,19,90,15
317,20,90,15
317,21,90,15
317,22,90,15
317,23,90,15
318,0,90,15
318,1,90,15
318,2,90,15
318,3,90,90
318,4,90,90
318,5,90,90
318,6,90,90
318,7,90,90
318,8,90,90
318,9,90,90
318,10,90,90
318,11,90,90
318,12,90,90
318,13,90,90
318,14,15,90
318,15,90,15
318,16,90,15
318,17,90,15
318,18,90,15
318,19,90,15
318,20,90,15
318,21,90,15
318,22,90,15
318,23,90,15
319,0,90,15
319,1,90,15
319,2,90,15
319,3,90,90
319,4,90,90
319,5,90,90
319,6,90,90
319,7,90,90
319,8,90,90
319,9,90,90
319,10,90,90
319,11,90,90
319,12,90,90
319,13,90,90
319,14,15,90
319,15,90,15
319,16,90,15
319,17,90,15
319,18,90,15
319,19,90,15
319,20,90,15
319,21,90,15
319,22,90,15
319,23,90,15
320,0,90,15
320,1,90,15
320,2,90,15
320,3,90,90
320,4,90,90
320,5,90,90
320,6,90,90
320,7,90,90
320,8,90,90
320,9,90,90
320,10,90,90
320,11,90,90
320,12,90,90
320,13,90,90
320,14,90,90
320,15,90,15
320,16,90,15
320,17,90,15
320,18,90,15
320,19,90,15
320,20,90,15
320,21,90,15
320,22,90,15
320,23,90,15
321,0,90,15
321,1,90,15
321,2,90,15
321,3,90,90
321,4,90,90
321,5,90,90
321,6,90,90
321,7,90,90
321,8,90,90
321,9,90,90
321,10,90,90
321,11,90,90
321,12,90,90
321,13,90,90
321,14,90,90
321,15,90,15
321,16,90,15
321,17,90,15
321,18,90,15
321,19,90,15
321,20,90,15
321,21,90,15
321,22,90,15
321,23,90,15
322,0,90,15
322,1,90,15
322,2,90,15
322,3,90,90
322,4,90,90
322,5,90,90
322,6,90,90
322,7,90,90
322,8,90,90
322,9,90,90
322,10,90,90
322,11,90,90
322,12,90,90
322,13,90,90
322,14,90,90
322,15,90,90
322,16,15,15
322,17,15,15
322,18,90,15
322,19,90,15
322,20,90,15
322,21,90,15
322,22,90,15
322,23,90,15
323,0,90,15
323,1,90,15
323,2,90,15
323,3,90,90
323,4,90,90
323,5,90,90
323,6,90,90
323,7,90,90
323,8,90,90
323,9,90,90
323,10,90,90
323,11,90,90
323,12,90,90
323,13,90,90
323,14,90,90
323,15,90,90
323,16,15,15
323,17,15,15
323,18,90,15
323,19,90,15
323,20,90,15
323,21,90,15
323,22,90,15
323,23,90,15
324,0,90,15
324,1,90,15
324,2,90,90
324,3,90,90
324,4,90,90
324,5,90,90
324,6,90,90
324,7,90,90
324,8,90,90
324,9,90,90
324,10,90,90
324,11,90,90
324,12,90,90
324,13,90,90
324,14,90,90
324,15,90,90
324,16,15,15
324,17,15,15
324,18,90,15
324,19,90,15
324,20,90,15
324,21,90,15
324,22,90,15
324,23,90,15
325,0,90,15
325,1,90,15
325,2,90,90
325,3,90,90
325,4,90,90
325,5,90,90
325,6,90,90
325,7,90,90
325,8,90,90
325,9,90,90
325,10,90,90
325,11,90,90
325,12,90,90
325,13,90,90
325,14,90,90
325,15,90,90
325,16,90,15
325,17,90,15
325,18,90,15
325,19,90,15
325,20,90,15
325,21,90,15
325,22,90,15
325,23,90,15
326,0,90,15
326,1,90,15
326,2,90,90
326,3,90,90
326,4,90,90
326,5,90,90
326,6,90,90
326,7,90,90
326,8,90,90
326,9,90,90
326,10,90,90
326,11,90,90
326,12,90,90
326,13,90,90
326,14,90,90
326,15,90,90
326,16,90,90
326,17,90,15
326,18,90,15
326,19,90,15
326,20,90,15
326,21,90,15
326,22,90,15
326,23,90,15
327,0,90,15
327,1,90,15
327,2,90,90
327,3,90,90
327,4,90,90
327,5,90,90
327,6,90,90
327,7,90,90
327,8,90,90
327,9,90,90
327,10,90,90
327,11,90,90
327,12,90,90
327,13,90,90
327,14,90,90
327,15,90,90
327,16,90,15
327,17,90,15
327,18,90,15
327,19,90,15
327,20,90,15
327,21,90,15
327,22,90,15
327,23,90,15
328,0,90,15
328,1,90,15
328,2,90,90
328,3,90,90
328,4,90,90
328,5,90,90
328,6,90,90
328,7,90,90
328,8,90,90
328,9,90,90
328,10,90,90
328,11,90,90
328,12,90,90
328,13,90,90
328,14,90,90
328,15,90,90
328,16,90,90
328,17,90,15
328,18,90,15
328,19,90,15
328,20,90,15
328,21,90,15
328,22,90,15
328,23,90,15
329,0,90,15
329,1,90,15
329,2,90,90
329,3,90,90
329,4,90,90
329,5,90,90
329,6,90,90
329,7,90,90
329,8,90,90
329,9,90,90
329,10,90,90
329,11,90,90
329,12,90,90
329,13,90,90
329,14,90,90
329,15,90,90
329,16,90,15
329,17,90,15
329,18,90,15
329,19,90,15
329,20,90,15
329,21,90,15
329,22,90,15
329,23,90,15
330,0,90,15
330,1,90,15
330,2,90,90
330,3,90,90
330,4,90,90
330,5,90,90
330,6,90,90
330,7,90,90
330,8,90,90
330,9,90,90
330,10,90,90
330,11,90,90
330,12,90,90
330,13,90,90
330,14,90,90
330,15,90,90
330,16,90,15
330,17,90,15
330,18,90,15
330,19,90,15
330,20,90,15
330,21,90,15
330,22,90,15
330,23,90,15
331,0,90,15
331,1,90,90
331,2,90,90
331,3,90,90
331,4,90,90
331,5,90,90
331,6,90,90
331,7,90,90
331,8,90,90
331,9,90,90
331,10,90,90
331,11,90,90
331,12,90,90
331,13,90,90
331,14,90,90
331,15,90,90
331,16,90,15
331,17,90,15
331,18,90,15
331,19,90,15
331,20,90,15
331,21,90,15
331,22,90,15
331,23,90,15
332,0,90,15
332,1,90,90
332,2,90,90
332,3,90,90
332,4,90,90
332,5,90,90
332,6,90,90
332,7,90,90
332,8,90,90
332,9,90,90
332,10,90,90
332,11,90,90
332,12,90,90
332,13,90,90
332,14,90,90
332,15,90,90
332,16,90,15
332,17,90,90
332,18,90,15
332,19,90,15
332,20,90,15
332,21,90,15
332,22,90,15
332,23,90,15
333,0,90,15
333,1,90,90
333,2,90,90
333,3,90,90
333,4,90,90
333,5,90,90
333,6,90,90
333,7,90,90
333,8,90,90
333,9,90,90
333,10,90,90
333,11,90,90
333,12,90,90
333,13,90,90
333,14,90,90
333,15,90,90
333,16,90,15
333,17,90,90
333,18,90,15
333,19,90,15
333,20,90,90
333,21,90,15
333,22,90,15
333,23,90,15
334,0,90,15
334,1,90,90
334,2,90,90
334,3,90,90
334,4,90,90
334,5,90,90
334,6,90,90
334,7,90,90
334,8,90,90
334,9,90,90
334,10,90,90
334,11,90,90
334,12,90,90
334,13,90,90
334,14,90,90
334,15,90,90
334,16,90,15
334,17,90,90
334,18,90,15
334,19,90,15
334,20,90,15
334,21,90,15
334,22,90,15
334,23,90,15
335,0,90,15
335,1,90,90
335,2,90,90
335,3,90,90
335,4,90,90
335,5,90,90
335,6,90,90
335,7,90,90
335,8,90,90
335,9,90,90
335,10,90,90
335,11,90,90
335,12,90,90
335,13,90,90
335,14,90,90
335,15,90,90
335,16,15,15
335,17,15,90
335,18,90,15
335,19,15,15
335,20,90,15
335,21,90,15
335,22,90,15
335,23,90,15
336,0,90,15
336,1,90,90
336,2,90,90
336,3,90,90
336,4,90,90
336,5,90,90
336,6,90,90
336,7,90,90
336,8,90,90
336,9,90,90
336,10,90,90
336,11,90,90
336,12,90,90
336,13,90,90
336,14,90,90
336,15,90,15
336,16,15,15
336,17,15,90
336,18,90,15
336,19,15,15
336,20,90,15
336,21,90,15
336,22,90,15
336,23,90,15
337,0,90,15
337,1,90,90
337,2,90,90
337,3,90,90
337,4,90,90
337,5,90,90
337,6,90,90
337,7,90,90
337,8,90,90
337,9,90,90
337,10,90,90
337,11,90,90
337,12,90,90
337,13,90,90
337,14,90,90
337,15,90,90
337,16,90,15
337,17,90,90
337,18,90,15
337,19,15,15
337,20,15,15
337,21,90,15
337,22,90,15
337,23,90,15
338,0,90,15
338,1,90,90
338,2,90,90
338,3,90,90
338,4,90,90
338,5,90,90
338,6,90,90
338,7,90,90
338,8,90,90
338,9,90,90
338,10,90,90
338,11,90,90
338,12,90,90
338,13,90,90
338,14,90,90
338,15,90,90
338,16,90,15
338,17,90,90
338,18,90,15
338,19,15,15
338,20,90,15
338,21,90,15
338,22,90,15
338,23,90,15
339,0,90,15
339,1,90,90
339,2,90,90
339,3,90,90
339,4,90,90
339,5,90,90
339,6,90,90
339,7,90,90
339,8,90,90
339,9,90,90
339,10,90,90
339,11,90,90
339,12,90,90
339,13,90,90
339,14,90,90
339,15,90,90
339,16,90,15
339,17,90,90
339,18,90,15
339,19,90,15
339,20,90,15
339,21,90,15
339,22,90,15
339,23,90,15
340,0,90,15
340,1,90,90
340,2,90,90
340,3,90,90
340,4,90,90
340,5,90,90
340,6,90,90
340,7,90,90
340,8,90,90
340,9,90,90
340,10,90,90
340,11,90,90
340,12,90,90
340,13,90,90
340,14,90,90
340,15,90,90
340,16,90,15
340,17,90,90
340,18,90,15
340,19,90,15
340,20,90,15
340,21,90,15
340,22,90,15
340,23,90,60
341,0,90,90
341,1,90,90
341,2,90,90
341,3,90,90
341,4,90,90
341,5,90,90
341,6,90,90
341,7,90,90
341,8,90,90
341,9,90,90
341,10,90,90
341,11,90,90
341,12,90,90
341,13,90,90
341,14,90,90
341,15,90,90
341,16,90,15
341,17,90,90
341,18,90,15
341,19,15,15
341,20,90,15
341,21,90,15
341,22,90,60
341,23,90,60
342,0,90,90
342,1,90,90
342,2,90,90
342,3,90,90
342,4,90,90
342,5,90,90
342,6,90,90
342,7,90,90
342,8,90,90
342,9,90,90
342,10,90,90
342,11,90,90
342,12,90,90
342,13,90,90
342,14,90,90
342,15,90,90
342,16,90,15
342,17,90,90
342,18,90,15
342,19,90,15
342,20,90,15
342,21,90,15
342,22,90,60
342,23,90,60
343,0,90,90
343,1,90,90
343,2,90,90
343,3,90,90
343,4,90,90
343,5,90,90
343,6,90,90
343,7,90,90
343,8,90,90
343,9,90,90
343,10,90,90
343,11,90,90
343,12,90,90
343,13,90,90
343,14,90,90
343,15,90,90
343,16,90,15
343,17,90,90
343,18,90,15
343,19,90,15
343,20,90,15
343,21,90,15
343,22,90,60
343,23,90,60
344,0,90,90
344,1,90,90
344,2,90,90
344,3,90,90
344,4,90,90
344,5,90,90
344,6,90,90
344,7,90,90
344,8,90,90
344,9,90,90
344,10,90,90
344,11,90,90
344,12,90,90
344,13,90,90
344,14,90,90
344,15,90,90
344,16,90,15
344,17,90,90
344,18,90,15
344,19,90,60
344,20,90,30
344,21,90,30
344,22,90,60
344,23,90,60
345,0,90,90
345,1,90,90
345,2,90,90
345,3,90,90
345,4,90,90
345,5,90,90
345,6,90,90
345,7,90,90
345,8,90,90
345,9,90,90
345,10,90,90
345,11,90,90
345,12,90,90
345,13,90,90
345,14,90,90
345,15,90,90
345,16,90,15
345,17,90,90
345,18,90,15
345,19,90,15
345,20,90,15
345,21,90,30
345,22,90,60
345,23,90,60
346,0,90,90
346,1,90,90
346,2,90,90
346,3,90,90
346,4,90,90
346,5,90,90
346,6,90,90
346,7,90,90
346,8,90,90
346,9,90,90
346,10,90,90
346,11,90,90
346,12,90,90
346,13,90,90
346,14,90,90
346,15,90,90
346,16,90,30
346,17,90,90
346,18,90,30
346,19,90,30
346,20,90,30
346,21,90,30
346,22,90,60
346,23,90,60
347,0,90,90
347,1,90,90
347,2,90,90
347,3,90,90
347,4,90,90
347,5,90,90
347,6,90,90
347,7,90,90
347,8,90,90
347,9,90,90
347,10,90,90
347,11,90,90
347,12,90,90
347,13,90,90
347,14,90,90
347,15,90,90
347,16,90,30
347,17,90,90
347,18,90,30
347,19,30,30
347,20,90,30
347,21,90,30
347,22,90,60
347,23,90,60
348,0,90,90
348,1,90,90
348,2,90,90
348,3,90,90
348,4,90,90
348,5,90,90
348,6,90,90
348,7,90,90
348,8,90,90
348,9,90,90
348,10,90,90
348,11,90,90
348,12,90,90
348,13,90,90
348,14,90,90
348,15,90,90
348,16,90,30
348,17,90,90
348,18,90,30
348,19,30,30
348,20,30,30
348,21,90,30
348,22,90,60
348,23,90,60
349,0,90,90
349,1,90,90
349,2,90,90
349,3,90,90
349,4,90,90
349,5,90,90
349,6,90,90
349,7,90,90
349,8,90,90
349,9,90,90
349,10,90,90
349,11,90,90
349,12,90,90
349,13,90,90
349,14,90,90
349,15,90,90
349,16,90,30
349,17,90,90
349,18,90,30
349,19,30,30
349,20,30,30
349,21,90,30
349,22,90,30
349,23,90,60
350,0,90,90
350,1,90,90
350,2,90,90
350,3,90,90
350,4,90,90
350,5,90,90
350,6,90,90
350,7,90,90
350,8,90,90
350,9,90,90
350,10,90,90
350,11,90,90
350,12,90,90
350,13,90,90
350,14,90,90
350,15,90,90
350,16,90,30
350,17,90,90
350,18,90,30
350,19,30,30
350,20,30,30
350,21,90,30
350,22,90,30
350,23,90,60
351,0,90,90
351,1,90,90
351,2,90,90
351,3,90,90
351,4,90,90
351,5,90,90
351,6,90,90
351,7,90,90
351,8,90,90
351,9,90,90
351,10,90,90
351,11,90,90
351,12,90,90
351,13,90,90
351,14,90,90
351,15,90,15
351,16,90,30
351,17,90,90
351,18,90,30
351,19,30,30
351,20,30,30
351,21,90,30
351,22,90,90
351,23,15,60
352,0,90,90
352,1,90,90
352,2,90,90
352,3,90,90
352,4,90,90
352,5,90,90
352,6,90,90
352,7,90,90
352,8,90,90
352,9,90,90
352,10,90,90
352,11,90,90
352,12,90,90
352,13,90,90
352,14,90,90
352,15,90,15
352,16,90,30
352,17,90,90
352,18,90,30
352,19,30,30
352,20,30,30
352,21,90,30
352,22,90,60
352,23,15,60
353,0,90,90
353,1,90,90
353,2,90,90
353,3,90,90
353,4,90,90
353,5,90,90
353,6,90,90
353,7,90,90
353,8,90,90
353,9,90,90
353,10,90,90
353,11,90,90
353,12,90,90
353,13,90,90
353,14,90,90
353,15,90,15
353,16,90,30
353,17,90,90
353,18,90,30
353,19,30,30
353,20,30,30
353,21,90,30
353,22,15,45
353,23,15,60
354,0,90,90
354,1,90,90
354,2,90,90
354,3,90,90
354,4,90,90
354,5,90,90
354,6,90,90
354,7,90,90
354,8,90,90
354,9,90,90
354,10,90,90
354,11,90,90
354,12,90,90
354,13,90,90
354,14,90,90
354,15,90,90
354,16,90,30
354,17,90,90
354,18,90,30
354,19,30,90
354,20,30,30
354,21,90,30
354,22,15,90
354,23,15,60
355,0,90,90
355,1,90,90
355,2,90,90
355,3,90,90
355,4,90,90
355,5,90,90
355,6,90,90
355,7,90,90
355,8,90,90
355,9,90,90
355,10,90,90
355,11,90,90
355,12,90,90
355,13,90,90
355,14,90,90
355,15,90,15
355,16,90,30
355,17,90,90
355,18,90,90
355,19,30,90
355,20,90,30
355,21,90,30
355,22,15,90
355,23,15,90
356,0,90,90
356,1,90,90
356,2,15,90
356,3,90,90
356,4,90,90
356,5,90,90
356,6,90,90
356,7,90,90
356,8,90,90
356,9,90,90
356,10,90,90
356,11,90,90
356,12,90,90
356,13,90,90
356,14,90,90
356,15,90,90
356,16,90,30
356,17,90,90
356,18,90,30
356,19,30,30
356,20,15,15
356,21,90,15
356,22,15,90
356,23,15,90
357,0,15,90
357,1,15,90
357,2,15,90
357,3,15,90
357,4,90,90
357,5,90,90
357,6,90,90
357,7,90,90
357,8,90,90
357,9,90,90
357,10,90,90
357,11,90,90
357,12,90,90
357,13,15,90
357,14,90,90
357,15,15,30
357,16,90,30
357,17,90,90
357,18,90,30
357,19,15,30
357,20,15,15
357,21,15,45
357,22,15,90
357,23,15,60
358,0,15,90
358,1,15,90
358,2,15,90
358,3,15,90
358,4,90,90
358,5,90,90
358,6,90,90
358,7,90,90
358,8,90,90
358,9,90,90
358,10,90,90
358,11,90,90
358,12,90,90
358,13,15,90
358,14,90,90
358,15,15,90
358,16,90,30
358,17,90,90
358,18,90,30
358,19,30,90
358,20,15,30
358,21,15,45
358,22,15,60
358,23,15,60
359,0,15,90
359,1,15,90
359,2,15,90
359,3,15,90
359,4,90,90
359,5,90,90
359,6,90,90
359,7,90,90
359,8,90,90
359,9,90,90
359,10,90,90
359,11,90,90
359,12,90,90
359,13,15,90
359,14,90,90
359,15,15,30
359,16,90,30
359,17,90,90
359,18,90,30
359,19,90,90
359,20,30,45
359,21,15,45
359,22,15,90
359,23,15,90
360,0,15,90
360,1,15,90
360,2,15,90
360,3,15,90
360,4,90,90
360,5,90,90
360,6,90,90
360,7,90,90
360,8,90,90
360,9,90,90
360,10,90,90
360,11,90,90
360,12,90,90
360,13,15,90
360,14,90,90
360,15,15,30
360,16,90,30
360,17,90,90
360,18,90,45
360,19,90,45
360,20,45,45
360,21,90,45
360,22,15,45
360,23,15,90
361,0,15,90
361,1,15,90
361,2,15,90
361,3,15,90
361,4,90,90
361,5,90,90
361,6,90,90
361,7,90,90
361,8,90,90
361,9,90,90
361,10,90,90
361,11,90,90
361,12,90,90
361,13,15,90
361,14,90,15
361,15,90,30
361,16,90,30
361,17,90,90
361,18,90,45
361,19,90,45
361,20,90,45
361,21,90,45
361,22,15,45
361,23,15,90
362,0,15,90
362,1,15,90
362,2,15,90
362,3,15,90
362,4,90,90
362,5,90,90
362,6,90,90
362,7,90,90
362,8,90,90
362,9,90,90
362,10,90,90
362,11,90,90
362,12,90,90
362,13,90,90
362,14,90,15
362,15,90,15
362,16,90,30
362,17,90,90
362,18,90,45
362,19,45,45
362,20,45,45
362,21,15,45
362,22,15,45
362,23,15,90
363,0,15,90
363,1,15,90
363,2,15,90
363,3,15,90
363,4,90,90
363,5,90,90
363,6,90,90
363,7,90,90
363,8,90,90
363,9,90,90
363,10,90,90
363,11,90,90
363,12,90,90
363,13,15,90
363,14,90,15
363,15,90,45
363,16,90,45
363,17,90,90
363,18,90,45
363,19,45,45
363,20,45,15
363,21,15,45
363,22,15,90
363,23,15,90
364,0,15,90
364,1,15,90
364,2,15,90
364,3,15,90
364,4,90,90
364,5,90,90
364,6,90,90
364,7,90,90
364,8,90,90
364,9,90,90
364,10,90,90
364,11,90,90
364,12,90,90
364,13,15,90
364,14,90,15
364,15,90,45
364,16,90,45
364,17,90,45
364,18,90,45
364,19,45,45
364,20,45,15
364,21,15,45
364,22,15,90
364,23,15,90
365,0,45,90
365,1,15,90
365,2,15,90
365,3,15,90
365,4,90,90
365,5,90,90
365,6,90,90
365,7,90,90
365,8,90,90
365,9,90,90
365,10,90,90
365,11,90,90
365,12,90,90
365,13,15,90
365,14,90,90
365,15,90,45
365,16,90,45
365,17,90,90
365,18,90,45
365,19,45,45
365,20,45,45
365,21,15,45
365,22,15,90
365,23,15,90
